{
  "version": "1.0",
  "proyecto": {
    "id": "ibizavilla_2025",
    "nombre": "Ibiza Villa",
    "cliente": "Ibiza Villa Real Estate",
    "tipo_perfil": "corporativo_avanzado",
    "descripcion": "Web corporativa de alquiler de villas de lujo en Ibiza",
    "url": "https://ibizavilla.com",
    "fecha_inicio": "2025-10-01",
    "fecha_entrega": "2025-11-15",
    "duracion_semanas": 6
  },
  "modulos_activos": [
    "m0.2",
    "m0.3",
    "m1.1",
    "m1.2",
    "m2.1",
    "m2.2",
    "m2.3",
    "m2.4",
    "m3.1",
    "m3.2",
    "m3.3",
    "m3.4",
    "m4.1",
    "m5.1",
    "m6.1",
    "m7.1",
    "m8.1",
    "m8.2",
    "m8.3",
    "m8.4",
    "m8.5",
    "m8.6",
    "m8.7",
    "m9.1",
    "m9.2",
    "m9.3",
    "m9.4",
    "m9.7"
  ],
  "modulos_opcionales_seleccionados": [
    "m0.2",
    "m0.3"
  ],
  "personalizaciones": {
    "marca": {
      "nombre": "Ibiza Villa",
      "colores": {
        "primario": "#88B04B",
        "secundario": "#6d8f3c",
        "acento": "#f0f7e6",
        "texto": "#000000",
        "fondo": "#ffffff"
      },
      "logo": "assets/logo_ibizavilla.png",
      "favicon": "assets/favicon.ico"
    },
    "idioma": "es",
    "moneda": "EUR",
    "formato_fecha": "DD/MM/YYYY",
    "timezone": "Europe/Madrid"
  },
  "equipo": {
    "consultor_principal": {
      "nombre": "Miguel Ángel Jiménez",
      "rol": "SEO Consultant",
      "email": "miguelangel@geckostudio.es"
    },
    "cliente_contacto": {
      "nombre": "Cliente Ibiza Villa",
      "rol": "Marketing Manager",
      "email": "contacto@ibizavilla.com"
    }
  },
  "objetivos": {
    "principales": [
      "Aumentar tráfico orgánico en un 25% en 6 meses",
      "Mejorar posicionamiento para keywords principales de alquiler de villas",
      "Optimizar experiencia de usuario y conversión",
      "Fortalecer presencia en búsquedas locales de Ibiza"
    ],
    "kpis": {
      "trafico_organico_objetivo": "+25%",
      "keywords_top3_objetivo": 15,
      "mejora_core_web_vitals": "90+",
      "reduccion_errores_tecnicos": "100%"
    }
  },
  "herramientas": {
    "analytics": {
      "google_analytics": {
        "activo": true,
        "property_id": "GA4-XXXXXXXXX",
        "acceso_verificado": true
      },
      "google_search_console": {
        "activo": true,
        "property": "https://ibizavilla.com",
        "acceso_verificado": true
      }
    },
    "seo_tools": {
      "ahrefs": {
        "activo": true,
        "acceso_verificado": true
      },
      "screaming_frog": {
        "activo": true,
        "licencia": "paid"
      },
      "semrush": {
        "activo": false,
        "acceso_verificado": false
      }
    }
  },
  "configuracion_reporte": {
    "formato": "pdf",
    "orientacion": "landscape",
    "tamano_pagina": "A4",
    "incluir_portada": true,
    "incluir_indice": true,
    "incluir_resumen_ejecutivo": true,
    "incluir_anexos": true,
    "marca_agua": false,
    "confidencial": false
  },
  "estimaciones": {
    "tiempo_total_horas": 75,
    "paginas_totales_estimadas": 75,
    "precio_base": 3500,
    "descuento_aplicado": 0,
    "precio_final": 3500
  },
  "notas_internas": [
    "Cliente muy receptivo a mejoras técnicas",
    "Priorizar optimización de imágenes de villas",
    "Enfoque en SEO local para Ibiza",
    "Competencia fuerte en sector inmobiliario de lujo"
  ],
  "metadata": {
    "creado_en": "2025-10-11T10:00:00Z",
    "actualizado_en": "2025-10-11T10:00:00Z",
    "version_sistema": "1.0",
    "creado_por": "Miguel Ángel Jiménez"
  }
}
