{
  "version": "1.0",
  "last_updated": "2025-10-11",
  "modulos": [
    {
      "id": "m0.1",
      "fase": 0,
      "nombre": "Análisis de Mercado",
      "descripcion": "Entender contexto de negocio y mercado",
      "archivo_php": "modulos/fase0_marketing/00_analisis_mercado.php",
      "archivo_datos": "data/fase0/analisis_mercado.json",
      "paginas_generadas": 3,
      "dependencias": [],
      "herramientas_requeridas": ["Google Trends", "SEMrush"],
      "tiempo_estimado_horas": 5,
      "nivel_prioridad": 2,
      "tipos_proyecto": ["corporativo_avanzado", "ecommerce_pequeno", "ecommerce_grande", "portal", "saas", "marketplace"]
    },
    {
      "id": "m0.2",
      "fase": 0,
      "nombre": "Análisis de Competencia 360",
      "descripcion": "Benchmark contra competidores directos",
      "archivo_php": "modulos/fase0_marketing/01_competencia.php",
      "archivo_datos": "data/fase0/competencia.json",
      "paginas_generadas": 4,
      "dependencias": [],
      "herramientas_requeridas": ["Ahrefs", "SEMrush", "SimilarWeb"],
      "tiempo_estimado_horas": 7,
      "nivel_prioridad": 2,
      "tipos_proyecto": ["corporativo_avanzado", "ecommerce_pequeno", "ecommerce_grande", "portal", "saas", "marketplace"]
    },
    {
      "id": "m0.3",
      "fase": 0,
      "nombre": "Buyer Personas",
      "descripcion": "Definir audiencias objetivo",
      "archivo_php": "modulos/fase0_marketing/02_buyer_personas.php",
      "archivo_datos": "data/fase0/buyer_personas.json",
      "paginas_generadas": 4,
      "dependencias": [],
      "herramientas_requeridas": ["Google Analytics 4"],
      "tiempo_estimado_horas": 9,
      "nivel_prioridad": 2,
      "tipos_proyecto": ["corporativo_avanzado", "ecommerce_pequeno", "ecommerce_grande", "portal", "saas", "marketplace"]
    },
    {
      "id": "m1.1",
      "fase": 1,
      "nombre": "Brief del Cliente",
      "descripcion": "Capturar información clave del proyecto",
      "archivo_php": "modulos/fase1_preparacion/00_brief_cliente.php",
      "archivo_datos": "data/fase1/brief_cliente.json",
      "paginas_generadas": 1,
      "dependencias": [],
      "herramientas_requeridas": [],
      "tiempo_estimado_horas": 2,
      "nivel_prioridad": 1,
      "tipos_proyecto": ["all"]
    },
    {
      "id": "m1.2",
      "fase": 1,
      "nombre": "Checklist de Accesos",
      "descripcion": "Asegurar acceso a herramientas",
      "archivo_php": "modulos/fase1_preparacion/01_checklist_accesos.php",
      "archivo_datos": "data/fase1/checklist_accesos.json",
      "paginas_generadas": 1,
      "dependencias": ["m1.1"],
      "herramientas_requeridas": [],
      "tiempo_estimado_horas": 1,
      "nivel_prioridad": 1,
      "tipos_proyecto": ["all"]
    },
    {
      "id": "m2.1",
      "fase": 2,
      "nombre": "Keywords Actuales",
      "descripcion": "Analizar keywords actuales del sitio",
      "archivo_php": "modulos/fase2_keyword_research/00_keywords_actuales.php",
      "archivo_datos": "data/fase2/keywords_actuales.json",
      "paginas_generadas": 4,
      "dependencias": ["m1.1"],
      "herramientas_requeridas": ["Google Search Console", "Ahrefs"],
      "tiempo_estimado_horas": 4,
      "nivel_prioridad": 1,
      "tipos_proyecto": ["all"]
    },
    {
      "id": "m2.2",
      "fase": 2,
      "nombre": "Análisis de Competencia Keywords",
      "descripcion": "Descubrir keywords de competidores",
      "archivo_php": "modulos/fase2_keyword_research/01_analisis_competencia.php",
      "archivo_datos": "data/fase2/analisis_competencia.json",
      "paginas_generadas": 3,
      "dependencias": ["m2.1"],
      "herramientas_requeridas": ["Ahrefs", "SEMrush"],
      "tiempo_estimado_horas": 5,
      "nivel_prioridad": 1,
      "tipos_proyecto": ["all"]
    },
    {
      "id": "m2.3",
      "fase": 2,
      "nombre": "Oportunidades de Keywords",
      "descripcion": "Identificar nuevas keywords con potencial",
      "archivo_php": "modulos/fase2_keyword_research/02_oportunidades_keywords.php",
      "archivo_datos": "data/fase2/oportunidades_keywords.json",
      "paginas_generadas": 3,
      "dependencias": ["m2.1", "m2.2"],
      "herramientas_requeridas": ["Ahrefs", "Answer the Public"],
      "tiempo_estimado_horas": 7,
      "nivel_prioridad": 1,
      "tipos_proyecto": ["all"]
    },
    {
      "id": "m2.4",
      "fase": 2,
      "nombre": "Keyword Mapping",
      "descripcion": "Asignar keywords a URLs",
      "archivo_php": "modulos/fase2_keyword_research/03_keyword_mapping.php",
      "archivo_datos": "data/fase2/keyword_mapping.json",
      "paginas_generadas": 2,
      "dependencias": ["m2.3"],
      "herramientas_requeridas": [],
      "tiempo_estimado_horas": 5,
      "nivel_prioridad": 2,
      "tipos_proyecto": ["corporativo_avanzado", "ecommerce_pequeno", "ecommerce_grande", "portal", "saas", "marketplace"]
    },
    {
      "id": "m3.1",
      "fase": 3,
      "nombre": "Análisis de Arquitectura Actual",
      "descripcion": "Evaluar estructura web actual y jerarquía de contenido",
      "archivo_php": "modulos/fase3_arquitectura/00_analisis_arquitectura.php",
      "archivo_datos": "data/fase3/arquitectura_actual.json",
      "paginas_generadas": 3,
      "dependencias": ["m2.1", "m4.1"],
      "herramientas_requeridas": ["Screaming Frog", "Google Analytics 4"],
      "tiempo_estimado_horas": 6,
      "nivel_prioridad": 2,
      "tipos_proyecto": ["corporativo_avanzado", "ecommerce_grande", "portal", "saas", "marketplace"]
    },
    {
      "id": "m3.2",
      "fase": 3,
      "nombre": "Keyword-to-Architecture Mapping",
      "descripcion": "Mapear keywords a propuesta de arquitectura óptima",
      "archivo_php": "modulos/fase3_arquitectura/01_keyword_architecture_mapping.php",
      "archivo_datos": "data/fase3/keyword_architecture_mapping.json",
      "paginas_generadas": 2,
      "dependencias": ["m2.4", "m3.1"],
      "herramientas_requeridas": [],
      "tiempo_estimado_horas": 5,
      "nivel_prioridad": 2,
      "tipos_proyecto": ["corporativo_avanzado", "ecommerce_grande", "portal", "saas", "marketplace"]
    },
    {
      "id": "m3.3",
      "fase": 3,
      "nombre": "Propuestas de Arquitectura",
      "descripcion": "Diseñar nueva estructura web optimizada para SEO",
      "archivo_php": "modulos/fase3_arquitectura/02_propuestas_arquitectura.php",
      "archivo_datos": "data/fase3/propuestas_arquitectura.json",
      "paginas_generadas": 3,
      "dependencias": ["m3.1", "m3.2"],
      "herramientas_requeridas": [],
      "tiempo_estimado_horas": 7,
      "nivel_prioridad": 2,
      "tipos_proyecto": ["corporativo_avanzado", "ecommerce_grande", "portal", "saas", "marketplace"]
    },
    {
      "id": "m3.4",
      "fase": 3,
      "nombre": "Wireframes de Contenido",
      "descripcion": "Wireframes visuales por tipología de página con estructura MUST-HAVE y NICE-TO-HAVE",
      "archivo_php": "modulos/fase3_arquitectura/03_wireframes_contenido.php",
      "archivo_datos": "entregables/content_architecture/wireframes_tipologia_contenido.csv",
      "paginas_generadas": 4,
      "dependencias": ["m3.1", "m3.3"],
      "herramientas_requeridas": [],
      "tiempo_estimado_horas": 6,
      "nivel_prioridad": 2,
      "tipos_proyecto": ["corporativo_avanzado", "ecommerce_grande", "portal", "saas", "marketplace"]
    },
    {
      "id": "m4.1",
      "fase": 4,
      "nombre": "Checklist de Archivos y Exportaciones",
      "descripcion": "Verificación de datos recopilados para la auditoría (CSVs Ahrefs, GSC, GA4, SF)",
      "archivo_php": "modulos/fase4_recopilacion_datos/00_checklist_archivos.php",
      "archivo_datos": "data/fase4/checklist_archivos.json",
      "paginas_generadas": 3,
      "dependencias": ["m1.2"],
      "herramientas_requeridas": ["Ahrefs", "Google Search Console", "Google Analytics 4", "Screaming Frog"],
      "tiempo_estimado_horas": 2,
      "nivel_prioridad": 1,
      "tipos_proyecto": ["all"]
    },
    {
      "id": "m4.2",
      "fase": 4,
      "nombre": "Situación Actual",
      "descripcion": "Estado general del sitio web",
      "archivo_php": "modulos/fase4_situacion_actual/00_situacion_actual.php",
      "archivo_datos": "data/seccion_01_situacion_actual.json",
      "paginas_generadas": 17,
      "dependencias": ["m1.1", "m4.1"],
      "herramientas_requeridas": ["Google Analytics 4", "Google Search Console", "Ahrefs"],
      "tiempo_estimado_horas": 8,
      "nivel_prioridad": 1,
      "tipos_proyecto": ["all"]
    },
    {
      "id": "m5.1",
      "fase": 5,
      "nombre": "Análisis de Demanda",
      "descripcion": "Keywords y demanda de búsqueda",
      "archivo_php": "modulos/fase5_analisis_demanda/01_analisis_demanda.php",
      "archivo_datos": "data/seccion_02_demanda.json",
      "paginas_generadas": 5,
      "dependencias": ["m2.1", "m2.3"],
      "herramientas_requeridas": ["Ahrefs", "SEMrush"],
      "tiempo_estimado_horas": 5,
      "nivel_prioridad": 1,
      "tipos_proyecto": ["all"]
    },
    {
      "id": "m6.1",
      "fase": 6,
      "nombre": "SEO On-Page",
      "descripcion": "Optimización técnica on-page",
      "archivo_php": "modulos/fase6_seo_onpage/02_seo_onpage.php",
      "archivo_datos": "data/seccion_03_seo_onpage.json",
      "paginas_generadas": 89,
      "dependencias": ["m4.1"],
      "herramientas_requeridas": ["Screaming Frog", "Google Search Console"],
      "tiempo_estimado_horas": 15,
      "nivel_prioridad": 1,
      "tipos_proyecto": ["all"]
    },
    {
      "id": "m7.1",
      "fase": 7,
      "nombre": "SEO Off-Page",
      "descripcion": "Perfil de enlaces y autoridad",
      "archivo_php": "modulos/fase7_seo_offpage/03_seo_offpage.php",
      "archivo_datos": "data/seccion_04_seo_offpage.json",
      "paginas_generadas": 16,
      "dependencias": ["m4.1"],
      "herramientas_requeridas": ["Ahrefs", "Majestic"],
      "tiempo_estimado_horas": 6,
      "nivel_prioridad": 1,
      "tipos_proyecto": ["all"]
    },
    {
      "id": "m8.1",
      "fase": 8,
      "nombre": "E-E-A-T Audit",
      "descripcion": "Auditoría de Experience, Expertise, Authoritativeness y Trust (Página 134)",
      "archivo_php": "modulos/fase8_seo_moderno/00_eeat_audit.php",
      "archivo_datos": "data/fase8/eeat_audit.json",
      "paginas_generadas": 4,
      "dependencias": ["m4.1", "m6.1"],
      "herramientas_requeridas": ["Google Search Console", "Ahrefs"],
      "tiempo_estimado_horas": 6,
      "nivel_prioridad": 2,
      "tipos_proyecto": ["all"]
    },
    {
      "id": "m8.2",
      "fase": 8,
      "nombre": "Optimización para IA Generativa (SGE)",
      "descripcion": "Optimización para AI Overviews y Search Generative Experience (Página 135)",
      "archivo_php": "modulos/fase8_seo_moderno/01_ia_sge_optimization.php",
      "archivo_datos": "data/fase8/ia_sge.json",
      "paginas_generadas": 3,
      "dependencias": ["m4.3"],
      "herramientas_requeridas": ["Google Search Console"],
      "tiempo_estimado_horas": 5,
      "nivel_prioridad": 2,
      "tipos_proyecto": ["corporativo_avanzado", "portal", "saas"]
    },
    {
      "id": "m8.3",
      "fase": 8,
      "nombre": "Búsqueda por Voz (Voice Search)",
      "descripcion": "Optimización para queries conversacionales y búsqueda por voz (Página 136)",
      "archivo_php": "modulos/fase8_seo_moderno/02_voice_search.php",
      "archivo_datos": "data/fase8/voice_search.json",
      "paginas_generadas": 3,
      "dependencias": ["m2.1", "m4.3"],
      "herramientas_requeridas": ["Google Search Console"],
      "tiempo_estimado_horas": 4,
      "nivel_prioridad": 2,
      "tipos_proyecto": ["all"]
    },
    {
      "id": "m8.4",
      "fase": 8,
      "nombre": "Featured Snippets",
      "descripcion": "Oportunidades de posición 0 en Google (Página 137)",
      "archivo_php": "modulos/fase8_seo_moderno/03_featured_snippets.php",
      "archivo_datos": "data/fase8/featured_snippets.json",
      "paginas_generadas": 3,
      "dependencias": ["m4.3"],
      "herramientas_requeridas": ["Google Search Console", "Ahrefs"],
      "tiempo_estimado_horas": 5,
      "nivel_prioridad": 2,
      "tipos_proyecto": ["all"]
    },
    {
      "id": "m8.5",
      "fase": 8,
      "nombre": "Local SEO",
      "descripcion": "Optimización para búsquedas locales y Google Business Profile (Página 138)",
      "archivo_php": "modulos/fase8_seo_moderno/04_local_seo.php",
      "archivo_datos": "data/fase8/local_seo.json",
      "paginas_generadas": 4,
      "dependencias": ["m4.1"],
      "herramientas_requeridas": ["Google Business Profile", "Google Maps"],
      "tiempo_estimado_horas": 6,
      "nivel_prioridad": 1,
      "tipos_proyecto": ["corporativo_avanzado", "local", "ecommerce_pequeno"]
    },
    {
      "id": "m8.6",
      "fase": 8,
      "nombre": "Entidades y Knowledge Graph",
      "descripcion": "Construcción de autoridad de entidad y Knowledge Graph (Página 139)",
      "archivo_php": "modulos/fase8_seo_moderno/05_entidades_knowledge_graph.php",
      "archivo_datos": "data/fase8/entidades.json",
      "paginas_generadas": 3,
      "dependencias": ["m8.1", "m4.3"],
      "herramientas_requeridas": ["Google Search Console"],
      "tiempo_estimado_horas": 5,
      "nivel_prioridad": 2,
      "tipos_proyecto": ["corporativo_avanzado", "portal", "saas"]
    },
    {
      "id": "m8.7",
      "fase": 8,
      "nombre": "Monitoreo de Algoritmo",
      "descripcion": "Sistema de monitoreo y respuesta a actualizaciones de algoritmo (Página 140)",
      "archivo_php": "modulos/fase8_seo_moderno/06_monitoreo_algoritmo.php",
      "archivo_datos": "data/fase8/monitoreo_algoritmo.json",
      "paginas_generadas": 2,
      "dependencias": ["m4.1"],
      "herramientas_requeridas": ["Google Search Console", "Google Analytics 4"],
      "tiempo_estimado_horas": 4,
      "nivel_prioridad": 2,
      "tipos_proyecto": ["all"]
    },
    {
      "id": "m9.1",
      "fase": 9,
      "nombre": "Presentación de Resultados",
      "descripcion": "Presentación ejecutiva de resultados",
      "archivo_php": "modulos/fase5_entregables_finales/00_presentacion_resultados.php",
      "archivo_datos": "data/fase5/presentacion_resultados.json",
      "paginas_generadas": 2,
      "dependencias": ["m4.1", "m5.1", "m6.1", "m7.1"],
      "herramientas_requeridas": [],
      "tiempo_estimado_horas": 6,
      "nivel_prioridad": 1,
      "tipos_proyecto": ["all"]
    },
    {
      "id": "m9.2",
      "fase": 9,
      "nombre": "Resumen Ejecutivo",
      "descripcion": "Documento para C-level",
      "archivo_php": "modulos/fase5_entregables_finales/01_resumen_ejecutivo.php",
      "archivo_datos": "data/fase5/resumen_ejecutivo.json",
      "paginas_generadas": 3,
      "dependencias": ["m9.1"],
      "herramientas_requeridas": [],
      "tiempo_estimado_horas": 5,
      "nivel_prioridad": 1,
      "tipos_proyecto": ["all"]
    },
    {
      "id": "m9.3",
      "fase": 9,
      "nombre": "Informe Técnico",
      "descripcion": "Documento técnico detallado",
      "archivo_php": "modulos/fase5_entregables_finales/02_informe_tecnico.php",
      "archivo_datos": "data/fase5/informe_tecnico.json",
      "paginas_generadas": 5,
      "dependencias": ["m9.1"],
      "herramientas_requeridas": [],
      "tiempo_estimado_horas": 7,
      "nivel_prioridad": 1,
      "tipos_proyecto": ["all"]
    },
    {
      "id": "m9.4",
      "fase": 9,
      "nombre": "Plan de Acción SEO",
      "descripcion": "Roadmap de implementación",
      "archivo_php": "modulos/fase5_entregables_finales/03_plan_accion_seo.php",
      "archivo_datos": "data/fase5/plan_accion_seo.json",
      "paginas_generadas": 4,
      "dependencias": ["m9.1", "m9.2"],
      "herramientas_requeridas": [],
      "tiempo_estimado_horas": 8,
      "nivel_prioridad": 1,
      "tipos_proyecto": ["all"]
    },
    {
      "id": "m9.5",
      "fase": 9,
      "nombre": "Sistema de Mediciones y Tracking",
      "descripcion": "Framework completo de medición: GA4, GTM, conversiones externas",
      "archivo_php": "modulos/fase5_entregables_finales/04_sistema_mediciones.php",
      "archivo_datos": "data/fase5/sistema_mediciones.json",
      "paginas_generadas": 6,
      "dependencias": ["m9.4"],
      "herramientas_requeridas": ["Google Analytics 4", "Google Tag Manager"],
      "tiempo_estimado_horas": 10,
      "nivel_prioridad": 1,
      "tipos_proyecto": ["all"]
    },
    {
      "id": "m9.6",
      "fase": 9,
      "nombre": "Gestión de Tareas Post-Auditoría",
      "descripcion": "Sistema de planificación de ejecución con 60+ tareas, dependencias y generador de planes mensuales",
      "archivo_php": "modulos/fase5_entregables_finales/05_gestion_tareas_post_auditoria.php",
      "archivo_datos": "data/fase5/gestion_tareas.json",
      "paginas_generadas": 1,
      "dependencias": ["m9.4"],
      "herramientas_requeridas": [],
      "tiempo_estimado_horas": 12,
      "nivel_prioridad": 1,
      "tipos_proyecto": ["all"]
    },
    {
      "id": "m9.7",
      "fase": 9,
      "nombre": "Recursos Adicionales",
      "descripcion": "Documentación complementaria, herramientas SEO y enlaces útiles",
      "archivo_php": "modulos/fase5_entregables_finales/06_recursos_adicionales.php",
      "archivo_datos": "",
      "paginas_generadas": 1,
      "dependencias": [],
      "herramientas_requeridas": [],
      "tiempo_estimado_horas": 2,
      "nivel_prioridad": 1,
      "tipos_proyecto": ["all"]
    }
  ]
}
