{
  "version": "1.0",
  "perfiles": {
    "corporativo_basico": {
      "nombre": "Corporativo Básico",
      "descripcion": "Web corporativa simple (<20 páginas)",
      "icono": "🏢",
      "modulos_obligatorios": ["m1.1", "m1.2", "m1.3", "m2.1", "m2.2", "m2.3", "m4.1", "m4.3", "m5.1", "m5.2", "m5.3", "m5.4"],
      "modulos_opcionales": ["m0.1", "m0.2", "m0.3", "m2.4", "m4.2", "m4.4"],
      "tiempo_total_min_horas": 40,
      "tiempo_total_max_horas": 60,
      "paginas_estimadas": 45,
      "precio_referencia_min": 1500,
      "precio_referencia_max": 2500,
      "duracion_semanas": "4-6"
    },
    "corporativo_avanzado": {
      "nombre": "Corporativo Avanzado",
      "descripcion": "Web corporativa con blog y recursos",
      "icono": "🏛️",
      "modulos_obligatorios": ["m0.2", "m0.3", "m1.1", "m1.2", "m1.3", "m2.1", "m2.2", "m2.3", "m2.4", "m4.1", "m4.2", "m4.3", "m4.4", "m5.1", "m5.2", "m5.3", "m5.4"],
      "modulos_opcionales": ["m0.1"],
      "tiempo_total_min_horas": 70,
      "tiempo_total_max_horas": 90,
      "paginas_estimadas": 75,
      "precio_referencia_min": 2800,
      "precio_referencia_max": 4200,
      "duracion_semanas": "6-8"
    },
    "ecommerce_pequeno": {
      "nombre": "Ecommerce Pequeño",
      "descripcion": "Tienda online <500 productos",
      "icono": "🛒",
      "modulos_obligatorios": ["m0.1", "m0.2", "m0.3", "m1.1", "m1.2", "m1.3", "m2.1", "m2.2", "m2.3", "m2.4", "m4.1", "m4.2", "m4.3", "m4.4", "m5.1", "m5.2", "m5.3", "m5.4"],
      "modulos_opcionales": [],
      "tiempo_total_min_horas": 85,
      "tiempo_total_max_horas": 110,
      "paginas_estimadas": 90,
      "precio_referencia_min": 3500,
      "precio_referencia_max": 5000,
      "duracion_semanas": "7-9"
    },
    "ecommerce_grande": {
      "nombre": "Ecommerce Grande",
      "descripcion": "Tienda online >500 productos",
      "icono": "🏬",
      "modulos_obligatorios": ["m0.1", "m0.2", "m0.3", "m1.1", "m1.2", "m1.3", "m2.1", "m2.2", "m2.3", "m2.4", "m4.1", "m4.2", "m4.3", "m4.4", "m5.1", "m5.2", "m5.3", "m5.4"],
      "modulos_opcionales": [],
      "tiempo_total_min_horas": 120,
      "tiempo_total_max_horas": 160,
      "paginas_estimadas": 110,
      "precio_referencia_min": 5000,
      "precio_referencia_max": 8000,
      "duracion_semanas": "8-12"
    },
    "portal": {
      "nombre": "Portal de Contenidos",
      "descripcion": "Blog, revista digital, portal de noticias",
      "icono": "📰",
      "modulos_obligatorios": ["m0.2", "m0.3", "m1.1", "m1.2", "m1.3", "m2.1", "m2.2", "m2.3", "m2.4", "m4.1", "m4.2", "m4.3", "m5.1", "m5.2", "m5.3", "m5.4"],
      "modulos_opcionales": ["m0.1", "m4.4"],
      "tiempo_total_min_horas": 75,
      "tiempo_total_max_horas": 95,
      "paginas_estimadas": 85,
      "precio_referencia_min": 3000,
      "precio_referencia_max": 4500,
      "duracion_semanas": "6-8"
    },
    "local": {
      "nombre": "Negocio Local",
      "descripcion": "Negocio local con presencia online",
      "icono": "📍",
      "modulos_obligatorios": ["m1.1", "m1.2", "m1.3", "m2.1", "m2.2", "m2.3", "m4.1", "m4.3", "m5.1", "m5.2", "m5.3", "m5.4"],
      "modulos_opcionales": ["m0.1", "m0.2", "m4.2", "m4.4"],
      "tiempo_total_min_horas": 35,
      "tiempo_total_max_horas": 50,
      "paginas_estimadas": 40,
      "precio_referencia_min": 1200,
      "precio_referencia_max": 2000,
      "duracion_semanas": "3-5"
    },
    "saas": {
      "nombre": "SaaS/Software",
      "descripcion": "Producto de software con documentación",
      "icono": "💻",
      "modulos_obligatorios": ["m0.1", "m0.2", "m0.3", "m1.1", "m1.2", "m1.3", "m2.1", "m2.2", "m2.3", "m2.4", "m4.1", "m4.2", "m4.3", "m4.4", "m5.1", "m5.2", "m5.3", "m5.4"],
      "modulos_opcionales": [],
      "tiempo_total_min_horas": 95,
      "tiempo_total_max_horas": 120,
      "paginas_estimadas": 95,
      "precio_referencia_min": 4000,
      "precio_referencia_max": 6000,
      "duracion_semanas": "7-10"
    },
    "marketplace": {
      "nombre": "Marketplace",
      "descripcion": "Plataforma con múltiples vendedores",
      "icono": "🏪",
      "modulos_obligatorios": ["m0.1", "m0.2", "m0.3", "m1.1", "m1.2", "m1.3", "m2.1", "m2.2", "m2.3", "m2.4", "m4.1", "m4.2", "m4.3", "m4.4", "m5.1", "m5.2", "m5.3", "m5.4"],
      "modulos_opcionales": [],
      "tiempo_total_min_horas": 140,
      "tiempo_total_max_horas": 180,
      "paginas_estimadas": 120,
      "precio_referencia_min": 6000,
      "precio_referencia_max": 10000,
      "duracion_semanas": "10-14"
    }
  }
}
