{
  "project": {
    "name": "Ibiza Villa - Sistema de Auditoría SEO",
    "version": "2.0",
    "type": "PHP Web Application",
    "description": "Sistema modular de auditoría SEO con gestión de tareas post-auditoría"
  },
  "server": {
    "port": 8095,
    "host": "localhost",
    "url": "http://localhost:8095",
    "php_executable": "..\\..\\..\\..\\php\\php.exe",
    "startup_script": "iniciar_auditoria.bat"
  },
  "directories": {
    "root": ".",
    "modulos": "modulos",
    "data": "data",
    "config": "config",
    "includes": "includes",
    "views": "views",
    "css": "css",
    "js": "js"
  },
  "modules": {
    "total": 26,
    "new_modules": {
      "m9.5": {
        "name": "Sistema de Mediciones y Tracking",
        "file": "modulos/fase5_entregables_finales/04_sistema_mediciones.php",
        "description": "Framework completo de medición: GA4, GTM, conversiones externas",
        "created": "2025-01-21"
      },
      "m9.6": {
        "name": "Gestión de Tareas Post-Auditoría",
        "file": "modulos/fase5_entregables_finales/05_gestion_tareas_post_auditoria.php",
        "description": "Sistema de planificación con 60+ tareas, dependencias y generador de planes",
        "created": "2025-01-21"
      }
    }
  },
  "urls": {
    "main": "http://localhost:8095",
    "task_manager": "http://localhost:8095/modulos/fase5_entregables_finales/05_gestion_tareas_post_auditoria.php",
    "measurement_system": "http://localhost:8095/modulos/fase5_entregables_finales/04_sistema_mediciones.php",
    "action_plan": "http://localhost:8095/modulos/fase5_entregables_finales/03_plan_accion_seo.php"
  },
  "features": {
    "task_management": {
      "total_tasks": 60,
      "package_types": ["seo", "dev_design", "combined"],
      "monthly_plans": [8, 16, 32, "custom"],
      "dependencies": true,
      "priority_levels": ["critical", "high", "medium", "low"]
    },
    "measurement_tracking": {
      "ga4_events": 28,
      "external_integrations": 5,
      "conversion_funnel_phases": 6
    }
  },
  "last_updated": "2025-01-21",
  "notes": [
    "Puerto 8095 es el puerto estándar para este proyecto",
    "Nuevos módulos añadidos: Sistema de Mediciones y Gestión de Tareas",
    "Todas las referencias a presupuesto_detallado han sido cambiadas a esfuerzo_detallado",
    "Eliminados valores monetarios, reemplazados por horas de esfuerzo"
  ]
}
