pagina_origen,url_origen,enlace_roto,anchor_text,posicion_enlace,tipo_enlace,codigo_error,veces_encontrado,accion_correctiva,prioridad
Página de inicio,https://ibizavilla.com,https://ibizavilla.com/propiedades/villa-cala-conta-vendida,Ver Villa en Cala Conta,Contenido principal,HTML (href),404,1,Actualizar a https://ibizavilla.com/propiedades/villas-cala-conta,Alta
Blog - Guía Compra,https://ibizavilla.com/blog/guia-compra-ibiza-2025,https://ibizavilla.com/calculadora-roi,Calcula tu ROI,Sidebar,HTML (href),404,1,Actualizar a https://ibizavilla.com/calculadora-rentabilidad,Media
Propiedades - Listado,https://ibizavilla.com/propiedades,https://ibizavilla.com/es/alquileres/temporada-verano,Alquileres de verano,Footer,HTML (href),404,12,Actualizar a https://ibizavilla.com/alquileres/verano,Crítica
Sobre Nosotros,https://ibizavilla.com/sobre-nosotros,https://ibizavilla.com/equipo/maria-gonzalez,María González,Contenido principal,HTML (href),404,1,Eliminar enlace o actualizar a /sobre-nosotros#equipo,Baja
Villa Talamanca,https://ibizavilla.com/propiedades/villa-talamanca-ref-2024-089,https://ibizavilla.com/multimedia/video-tour-santa-eulalia,Ver video tour,Galería,HTML (href),404,1,Actualizar a https://ibizavilla.com/areas/santa-eulalia,Media
Recursos,https://ibizavilla.com/recursos,https://ibizavilla.com/descargas/catalogo-2023.pdf,Descargar catálogo,Contenido principal,HTML (href),404,3,Actualizar a https://ibizavilla.com/descargas/catalogo-2025.pdf,Alta
Servicios,https://ibizavilla.com/servicios,https://ibizavilla.com/servicios/property-management,Property Management,Menú navegación,HTML (href),404,8,Actualizar a https://ibizavilla.com/gestion-propiedades,Crítica
Blog - Categoría Lujo,https://ibizavilla.com/blog/categoria/propiedades-lujo,https://ibizavilla.com/blog/tag/luxury-real-estate,luxury real estate,Sidebar tags,HTML (href),404,1,Eliminar enlace obsoleto,Baja
Contacto,https://ibizavilla.com/contacto,https://ibizavilla.com/api/v1/contact,,,JavaScript,404,1,Actualizar endpoint API en formulario,Alta
Áreas - Santa Eulalia,https://ibizavilla.com/areas/santa-eulalia,https://ibizavilla.com/propiedades/ref-2019-045,Ref. 2019-045,Contenido principal,HTML (href),404,1,Actualizar a https://ibizavilla.com/propiedades,Media
Footer global,Todas las páginas,https://ibizavilla.com/landing/covid-19-medidas,Medidas COVID-19,Footer,HTML (href),404,87,Eliminar enlace de footer,Crítica
Menú principal,Todas las páginas,https://ibizavilla.com/inversores/rentabilidad-calculator,Calculadora,Menú navegación,HTML (href),404,87,Actualizar a https://ibizavilla.com/calculadora-rentabilidad,Crítica
Blog - Post Antiguo,https://ibizavilla.com/blog/tendencias-mercado-2024,https://ibizavilla.com/blog/guia-compra-2022,Guía de compra,Contenido principal,HTML (href),404,1,Actualizar a https://ibizavilla.com/blog/guia-compra-ibiza-2025,Media
Sitemap HTML,https://ibizavilla.com/sitemap,https://ibizavilla.com/promociones/descuento-verano-2023,Promoción verano,Lista de páginas,HTML (href),404,1,Eliminar de sitemap HTML,Media
Villas Primera Línea,https://ibizavilla.com/propiedades/villas-primera-linea,https://ibizavilla.com/contacto-old.php,Contactar,Contenido principal,HTML (href),404,1,Actualizar a https://ibizavilla.com/contacto,Baja
