url_error_404,codigo_estado,visitas_ultimos_90_dias,enlaces_internos_recibidos,destino_redireccion_propuesto,accion_recomendada,prioridad,notas
https://ibizavilla.com/propiedades/villa-cala-conta-vendida,404,127,23,https://ibizavilla.com/propiedades/villas-cala-conta,Redirección 301,Alta,"Propiedad vendida, redirigir a listado de villas similares en la zona"
https://ibizavilla.com/blog/guia-compra-2022,404,89,15,https://ibizavilla.com/blog/guia-compra-ibiza-2025,Redirección 301,Alta,"Contenido desactualizado, existe versión actualizada 2025"
https://ibizavilla.com/es/alquileres/temporada-verano,404,156,34,https://ibizavilla.com/alquileres/verano,Redirección 301,Crítica,"URL con idioma redundante, redirigir a estructura actual"
https://ibizavilla.com/contacto-old.php,404,12,3,https://ibizavilla.com/contacto,Redirección 301,Media,"Página de contacto antigua, mantener redirección"
https://ibizavilla.com/propiedades/filtro/piscina-infinity,404,45,8,https://ibizavilla.com/propiedades?amenidad=piscina-infinity,Redirección 301,Media,"Cambio en estructura de filtros, redirigir a query string"
https://ibizavilla.com/servicios/property-management,404,67,19,https://ibizavilla.com/gestion-propiedades,Redirección 301,Alta,"Página en inglés sin versión ES, redirigir a equivalente español"
https://ibizavilla.com/landing/covid-19-medidas,404,8,2,,Eliminar (410 Gone),Baja,"Contenido temporal obsoleto, sin destino relevante"
https://ibizavilla.com/api/v1/listings,404,234,0,,Eliminar del índice,Crítica,"Endpoint API antiguo sin enlaces internos, bloquear en robots.txt"
https://ibizavilla.com/propiedades/ref-2019-045,404,31,6,https://ibizavilla.com/propiedades,Redirección 301,Media,"Referencia antigua eliminada, redirigir a listado general"
https://ibizavilla.com/multimedia/video-tour-santa-eulalia,404,92,14,https://ibizavilla.com/areas/santa-eulalia,Redirección 301,Alta,"Video eliminado, redirigir a página de zona"
https://ibizavilla.com/inversores/rentabilidad-calculator,404,103,21,https://ibizavilla.com/calculadora-rentabilidad,Redirección 301,Alta,"URL en inglés, redirigir a versión española"
https://ibizavilla.com/blog/tag/luxury-real-estate,404,54,11,https://ibizavilla.com/blog/categoria/propiedades-lujo,Redirección 301,Media,"Taxonomía en inglés, redirigir a español"
https://ibizavilla.com/descargas/catalogo-2023.pdf,404,76,18,https://ibizavilla.com/descargas/catalogo-2025.pdf,Redirección 301,Alta,"Catálogo desactualizado, redirigir a versión actual"
https://ibizavilla.com/promociones/descuento-verano-2023,404,23,4,,Eliminar (410 Gone),Baja,"Promoción expirada, sin equivalente actual"
https://ibizavilla.com/equipo/maria-gonzalez,404,19,7,https://ibizavilla.com/sobre-nosotros#equipo,Redirección 301,Media,"Ex-empleada, redirigir a página de equipo general"
