url_afectada,tipo_error,origen_deteccion,detalles_error,impacto_seo,paginas_afectadas,fecha_deteccion,solucion_propuesta,prioridad,estado
https://ibizavilla.com/admin/*,Bloqueado por robots.txt (correcto),Google Search Console,Directorio admin correctamente bloqueado,Ninguno (intencional),~50,2024-10-01,Mantener bloqueo,N/A,Correcto
https://ibizavilla.com/api/*,Bloqueado por robots.txt (correcto),Google Search Console,API endpoints bloqueados,Ninguno (intencional),~30,2024-10-01,Mantener bloqueo,N/A,Correcto
https://ibizavilla.com/propiedades?utm_*,Parámetros URL indexados,Google Search Console,URLs con parámetros UTM duplicando contenido,Alto - Contenido duplicado,156,2024-10-15,Añadir rel=canonical y configurar parámetros URL en GSC,Crítica,Pendiente
https://ibizavilla.com/busqueda?*,URLs de búsqueda indexadas,Screaming Frog,Páginas de resultados de búsqueda en índice,Medio - Dilución PageRank,89,2024-10-12,Bloquear /busqueda/ en robots.txt y desindexar,Alta,Pendiente
https://ibizavilla.com/*/print,Versiones imprimibles indexadas,Google Search Console,URLs con /print duplicando contenido,Medio - Contenido duplicado,34,2024-10-10,Añadir noindex a versiones print,Media,Pendiente
https://ibizavilla.com/propiedades?pagina=*,Paginación sin canonical,Screaming Frog,Páginas 2+ sin rel=canonical hacia página 1,Medio - Contenido duplicado,23,2024-10-18,Implementar rel=canonical en paginación,Alta,Pendiente
https://ibizavilla.com/feed*,RSS feeds indexados,Google Search Console,Feeds XML en resultados de búsqueda,Bajo - Experiencia usuario,8,2024-10-05,Añadir noindex a feeds,Media,Pendiente
https://ibizavilla.com/tmp/*,Directorio temporal accesible,Screaming Frog,Archivos temporales visibles para bots,Alto - Seguridad y SEO,12,2024-10-20,Bloquear /tmp/ en robots.txt y .htaccess,Crítica,Pendiente
https://ibizavilla.com/propiedades/*/amp,Páginas AMP sin validar,Google Search Console,Errores de validación AMP,Medio - Experiencia móvil,67,2024-10-14,Corregir errores AMP o eliminar AMP,Alta,Pendiente
https://ibizavilla.com/*.pdf,PDFs sin metadatos,Screaming Frog,Archivos PDF indexados sin optimización,Medio - Oportunidad perdida,19,2024-10-08,Añadir metadatos y texto alt a PDFs,Media,Pendiente
https://ibizavilla.com/descargas/temp/*,Archivos de descarga temporal,Google Search Console,Enlaces de descarga temporal en índice,Bajo - URLs transitorias,45,2024-10-11,Añadir noindex y/o X-Robots-Tag,Baja,Pendiente
https://ibizavilla.com/tag/*,Páginas de etiquetas vacías,Screaming Frog,Tags sin contenido asociado indexados,Medio - Thin content,28,2024-10-16,Noindex tags con <3 posts o eliminar,Media,Pendiente
https://ibizavilla.com/autor/*,Páginas de autor con 1 post,Screaming Frog,Author archives con contenido mínimo,Bajo - Thin content,7,2024-10-09,Noindex autores con <5 posts,Baja,Pendiente
https://ibizavilla.com/*.json,Endpoints JSON accesibles,Screaming Frog,Respuestas API en formato JSON indexables,Medio - No contenido para usuario,34,2024-10-17,Añadir X-Robots-Tag: noindex en headers,Alta,Pendiente
https://ibizavilla.com/propiedades?orden=*,Variantes de ordenación indexadas,Google Search Console,Diferentes ordenaciones duplicando contenido,Alto - Contenido duplicado,78,2024-10-19,Canonical hacia URL sin parámetros de orden,Crítica,Pendiente
