url_origen,url_destino,fecha_implementacion,motivo_redireccion,estado_verificacion,codigo_respuesta,tiempo_carga_ms,cadena_redireccion,notas_tecnicas
https://ibizavilla.com/villas-lujo,https://ibizavilla.com/propiedades/villas-lujo,2024-09-15,Consolidación de estructura URLs,Verificado,301,245,Directa,"Migración de estructura antigua a nueva taxonomía"
https://www.ibizavilla.com,https://ibizavilla.com,2024-08-01,Canonicalización dominio (www vs no-www),Verificado,301,189,Directa,"Redirección a nivel de servidor (Apache)"
https://ibizavilla.com/index.php,https://ibizavilla.com,2024-08-01,Limpieza URLs dinámicas,Verificado,301,156,Directa,"Eliminar extensiones .php de URLs públicas"
https://ibizavilla.com/propiedades.php?cat=villas,https://ibizavilla.com/propiedades/villas,2024-09-15,Modernización estructura URLs,Verificado,301,298,Directa,"Cambio de query strings a URLs semánticas"
https://ibizavilla.com/contacto.html,https://ibizavilla.com/contacto,2024-08-12,Limpieza extensiones archivos,Verificado,301,167,Directa,"Eliminar .html de URLs"
https://ibizavilla.com/es/ES/propiedades,https://ibizavilla.com/propiedades,2024-10-01,Corrección duplicación idioma,Verificado,301,223,Directa,"Idioma redundante en ruta, simplificar"
https://ibizavilla.com/propiedades/venta/ibiza,https://ibizavilla.com/propiedades/comprar-ibiza,2024-09-22,Optimización Keywords en URL,Verificado,301,201,Directa,"URL más descriptiva orientada a búsquedas"
https://ibizavilla.com/alquiler-vacacional,https://ibizavilla.com/alquileres/vacaciones,2024-09-10,Consistencia terminología,Verificado,301,267,Directa,"Unificar nomenclatura de alquileres"
https://ibizavilla.com/blog/post.php?id=123,https://ibizavilla.com/blog/guia-comprar-villa-ibiza,2024-08-20,URLs semánticas en blog,Verificado,301,312,Directa,"Cambio de IDs numéricos a slugs descriptivos"
https://ibizavilla.com/property/ref-2024-089,https://ibizavilla.com/propiedades/villa-talamanca-ref-2024-089,2024-10-05,SEO-friendly URLs propiedades,Verificado,301,289,Directa,"Incluir localización en URL para mejor CTR"
https://ibizavilla.com/search?q=villas+piscina,https://ibizavilla.com/propiedades?amenidad=piscina,Permanente,Redirección búsquedas a filtros,Verificado,301,334,Directa,"Convertir búsquedas en filtros estructurados"
https://ibizavilla.com/en/properties,https://ibizavilla.com/propiedades,2024-09-01,Eliminación versión EN (sitio ES),Verificado,301,178,Directa,"Sitio solo en español, redirigir versión inglesa"
https://ibizavilla.com/servicios/gestion,https://ibizavilla.com/gestion-propiedades,2024-09-18,Simplificación estructura servicios,Verificado,301,212,Directa,"Reducir niveles de jerarquía en URLs"
https://ibizavilla.com/areas/san-jose/,https://ibizavilla.com/areas/sant-josep,2024-10-12,Corrección nombre oficial municipio,Verificado,301,198,Directa,"Usar nomenclatura oficial catalana"
https://ibizavilla.com/villas-primera-linea-mar,https://ibizavilla.com/propiedades/villas-primera-linea,2024-09-25,Acortamiento URLs largas,Verificado,301,256,Directa,"Mejorar legibilidad y shareability"
https://ibizavilla.com/propiedades/filter/,https://ibizavilla.com/propiedades,2024-08-15,Corrección URLs filtro vacío,Verificado,301,145,Directa,"Redirigir búsquedas sin filtros al listado principal"
https://ibizavilla.com/rss,https://ibizavilla.com/feed,2024-08-22,Estandarización feeds,Verificado,301,134,Directa,"URL estándar para RSS feed"
https://ibizavilla.com/sobre-nosotros/empresa,https://ibizavilla.com/sobre-nosotros,2024-09-08,Simplificación sección institucional,Verificado,301,189,Directa,"Consolidar páginas de empresa"
https://ibizavilla.com/landing-page-facebook-ads,https://ibizavilla.com/campanas/facebook-villas-lujo,2024-10-01,Organización landing pages,Verificado,301,276,Directa,"Agrupar landings de campañas en subdirectorio"
https://ibizavilla.com/sitemap.xml.gz,https://ibizavilla.com/sitemap.xml,Permanente,Acceso directo a sitemap,Verificado,301,167,Directa,"Redirigir versión comprimida a versión estándar"
