{
  "auditoria": {
    "cliente": "Ibiza Villa",
    "dominio": "ibizavilla.com",
    "fecha": "Octubre 2025",
    "tipo": "SEO Técnica Completa",
    "total_paginas": 131,
    "consultor": {
      "nombre": "Miguel Angel Jiménez",
      "empresa": "Gecko Studio",
      "email": "miguelangel@geckostudio.es",
      "telefono": "+34 971 80 63 63"
    },
    "herramientas": [
      "Google Analytics 4",
      "Google Search Console",
      "Ahrefs",
      "Screaming Frog SEO Spider",
      "SEMrush"
    ]
  },
  "secciones": [
    {
      "id": "situacion-actual",
      "numero": 1,
      "titulo": "Análisis Situación Actual",
      "portada_id": "seccion-situacion-actual",
      "paginas_inicio": 3,
      "paginas_fin": 19,
      "total_paginas": 17,
      "archivo_datos": "seccion_01_situacion_actual.json"
    },
    {
      "id": "demanda",
      "numero": 2,
      "titulo": "Análisis Demanda",
      "portada_id": "seccion-demanda",
      "paginas_inicio": 20,
      "paginas_fin": 24,
      "total_paginas": 5,
      "archivo_datos": "seccion_02_demanda.json"
    },
    {
      "id": "seo-onpage",
      "numero": 3,
      "titulo": "Análisis SEO On-Page",
      "portada_id": "seccion-seo-onpage",
      "paginas_inicio": 25,
      "paginas_fin": 113,
      "total_paginas": 89,
      "archivo_datos": "seccion_03_seo_onpage.json"
    },
    {
      "id": "seo-offpage",
      "numero": 4,
      "titulo": "Análisis SEO Off-Page",
      "portada_id": "seccion-seo-offpage",
      "paginas_inicio": 114,
      "paginas_fin": 129,
      "total_paginas": 16,
      "archivo_datos": "seccion_04_seo_offpage.json"
    },
    {
      "id": "priorizacion",
      "numero": 5,
      "titulo": "Priorización de Tareas",
      "portada_id": "seccion-priorizacion",
      "paginas_inicio": 130,
      "paginas_fin": 131,
      "total_paginas": 2,
      "archivo_datos": "seccion_05_priorizacion.json"
    }
  ],
  "orden_paginas": [
    "portada",
    "indice",
    "seccion-situacion-actual",
    "pagina-003",
    "pagina-004",
    "pagina-005",
    "pagina-006",
    "pagina-007",
    "pagina-008",
    "pagina-009",
    "pagina-010",
    "pagina-011",
    "pagina-012",
    "pagina-013",
    "pagina-014",
    "pagina-015",
    "pagina-016",
    "pagina-017",
    "pagina-018",
    "pagina-019",
    "seccion-demanda",
    "pagina-020",
    "pagina-021",
    "pagina-022",
    "pagina-023",
    "pagina-024",
    "seccion-seo-onpage",
    "pagina-025"
  ],
  "colores": {
    "primario": "#54a34a",
    "secundario": "#6ab85e",
    "terciario": "#8cc77e",
    "cuaternario": "#aed69e",
    "texto": "#1a1a1a",
    "texto_secundario": "#666666",
    "fondo": "#ffffff",
    "fondo_secundario": "#f8f9fa"
  }
}
