{
  "seccion": {
    "id": "priorizacion",
    "numero": 5,
    "titulo": "Priorización de Tareas",
    "descripcion": "Plan de acción estratégico con tareas priorizadas por impacto y esfuerzo, incluyendo estimaciones de tiempo y recursos necesarios."
  },
  "paginas": [
    {
      "id": "pagina-130",
      "numero": 130,
      "titulo": "Tareas Auditoría",
      "subtitulo": "Resumen Ejecutivo de Issues y Acciones",
      "contenido": {
        "tipo": "resumen_tareas",
        "datos": {
          "resumen_issues": {
            "criticos": 12,
            "importantes": 34,
            "menores": 43,
            "total": 89
          },
          "distribucion_por_area": [
            {
              "area": "SEO On-Page",
              "criticos": 7,
              "importantes": 18,
              "menores": 24,
              "total": 49
            },
            {
              "area": "SEO Off-Page",
              "criticos": 3,
              "importantes": 8,
              "menores": 5,
              "total": 16
            },
            {
              "area": "Keyword Strategy",
              "criticos": 2,
              "importantes": 8,
              "menores": 14,
              "total": 24
            }
          ],
          "quick_wins": [
            {
              "tarea": "Corregir 43 enlaces rotos internos",
              "impacto": "Alto",
              "esfuerzo": "Bajo (4h)",
              "roi": "Muy Alto",
              "plazo": "Inmediato"
            },
            {
              "tarea": "Optimizar meta descriptions de top 20 páginas",
              "impacto": "Alto (+30 clics/mes)",
              "esfuerzo": "Bajo (6h)",
              "roi": "Muy Alto",
              "plazo": "Semana 1"
            },
            {
              "tarea": "Eliminar 355 páginas sin meta description",
              "impacto": "Medio (+15 clics/mes)",
              "esfuerzo": "Bajo (3h)",
              "roi": "Alto",
              "plazo": "Semana 1"
            },
            {
              "tarea": "Implementar breadcrumbs (elimina 187 huérfanas)",
              "impacto": "Alto",
              "esfuerzo": "Medio (16h)",
              "roi": "Alto",
              "plazo": "Semana 2"
            },
            {
              "tarea": "Subir disavow file (89 dominios spam)",
              "impacto": "Medio (+3-5 DR)",
              "esfuerzo": "Bajo (2h)",
              "roi": "Alto",
              "plazo": "Semana 1"
            }
          ],
          "tareas_mediano_plazo": [
            {
              "tarea": "Crear 3 landing pages transaccionales",
              "impacto": "Alto (+70 clics/mes)",
              "esfuerzo": "Alto (40h)",
              "roi": "Alto",
              "plazo": "Mes 1-2"
            },
            {
              "tarea": "Optimizar arquitectura (reducir a 3 niveles)",
              "impacto": "Alto",
              "esfuerzo": "Alto (60h)",
              "roi": "Medio-Alto",
              "plazo": "Mes 2-3"
            },
            {
              "tarea": "Implementar schema markup completo",
              "impacto": "Medio",
              "esfuerzo": "Medio (24h)",
              "roi": "Medio",
              "plazo": "Mes 2"
            },
            {
              "tarea": "Optimizar Core Web Vitals mobile",
              "impacto": "Alto",
              "esfuerzo": "Alto (50h)",
              "roi": "Alto",
              "plazo": "Mes 2-3"
            }
          ],
          "tareas_largo_plazo": [
            {
              "tarea": "Link building estratégico (50 enlaces/mes)",
              "impacto": "Alto",
              "esfuerzo": "Continuo",
              "roi": "Alto",
              "plazo": "Mes 3-12"
            },
            {
              "tarea": "Contenido blog SEO (8 posts/mes)",
              "impacto": "Medio",
              "esfuerzo": "Continuo",
              "roi": "Medio",
              "plazo": "Mes 1-12"
            },
            {
              "tarea": "Expansión multiidioma completa",
              "impacto": "Alto",
              "esfuerzo": "Alto (100h)",
              "roi": "Alto",
              "plazo": "Mes 4-6"
            }
          ]
        },
        "grafica": {
          "tipo": "pie",
          "titulo": "Distribución de Issues por Severidad",
          "etiquetas": ["Críticos", "Importantes", "Menores"],
          "valores": [12, 34, 43],
          "colores": ["#e53e3e", "#ed8936", "#ecc94b"]
        }
      }
    },
    {
      "id": "pagina-131",
      "numero": 131,
      "titulo": "Prioridad de las Tareas",
      "subtitulo": "Matriz de Impacto vs Esfuerzo y Roadmap 12 Meses",
      "contenido": {
        "tipo": "matriz_priorizacion",
        "datos": {
          "matriz_impacto_esfuerzo": {
            "quick_wins": [
              "Corregir enlaces rotos (4h)",
              "Meta descriptions top 20 (6h)",
              "Subir disavow file (2h)",
              "Limpiar sitemap.xml (3h)"
            ],
            "proyectos_mayores": [
              "Landing pages transaccionales (40h)",
              "Optimizar arquitectura (60h)",
              "Core Web Vitals mobile (50h)",
              "Expansión multiidioma (100h)"
            ],
            "fill_ins": [
              "Optimizar imágenes (12h)",
              "Implementar breadcrumbs (16h)",
              "Schema markup (24h)",
              "Optimizar H1-H6 (8h)"
            ],
            "low_priority": [
              "Revisar hreflang (8h)",
              "Optimizar footer (4h)",
              "Mejorar 404 page (6h)"
            ]
          },
          "roadmap_12_meses": {
            "mes_1": {
              "objetivos": "Quick wins y correcciones críticas",
              "tareas": [
                "✓ Corregir 43 enlaces rotos",
                "✓ Optimizar meta tags principales",
                "✓ Subir disavow file",
                "✓ Limpiar sitemap.xml",
                "✓ Conectar páginas huérfanas con breadcrumbs"
              ],
              "kpi": "CTR +0.5%, Clics +45/mes"
            },
            "mes_2_3": {
              "objetivos": "Optimización On-Page y arquitectura",
              "tareas": [
                "✓ Crear 3 landing pages transaccionales",
                "✓ Optimizar arquitectura a 3 niveles",
                "✓ Implementar schema markup",
                "✓ Optimizar H1-H6 globalmente",
                "✓ Mejorar enlazado interno estratégico"
              ],
              "kpi": "Tráfico +30%, Posición media -2 puntos"
            },
            "mes_4_6": {
              "objetivos": "Performance y expansión internacional",
              "tareas": [
                "✓ Optimizar Core Web Vitals mobile",
                "✓ Expansión multiidioma completa",
                "✓ Implementar hreflang avanzado",
                "✓ Iniciar link building estratégico",
                "✓ Lanzar blog SEO (24 posts)"
              ],
              "kpi": "Tráfico +60%, DR +5 puntos"
            },
            "mes_7_12": {
              "objetivos": "Consolidación y crecimiento sostenido",
              "tareas": [
                "✓ Link building continuo (300 enlaces)",
                "✓ Contenido SEO blog (48 posts)",
                "✓ Optimización long-tail keywords",
                "✓ Expansión contenido multimedia",
                "✓ A/B testing conversión continuo"
              ],
              "kpi": "Tráfico +150%, Conversión +40%"
            }
          },
          "kpis_objetivo_12_meses": [
            {
              "metrica": "Tráfico Orgánico",
              "actual": "814 sesiones/mes",
              "objetivo": "2,035 sesiones/mes",
              "crecimiento": "+150%"
            },
            {
              "metrica": "Posición Media",
              "actual": "11.2",
              "objetivo": "<8.0",
              "mejora": "-3.2 posiciones"
            },
            {
              "metrica": "CTR Promedio",
              "actual": "1.6%",
              "objetivo": ">3.5%",
              "crecimiento": "+118%"
            },
            {
              "metrica": "Keywords Top 10",
              "actual": "8",
              "objetivo": "25",
              "crecimiento": "+213%"
            },
            {
              "metrica": "Domain Rating",
              "actual": "42",
              "objetivo": "50",
              "crecimiento": "+8 puntos"
            },
            {
              "metrica": "Conversión Orgánica",
              "actual": "2.9%",
              "objetivo": "4.1%",
              "crecimiento": "+41%"
            }
          ],
          "recursos_necesarios": {
            "equipo": [
              "1 SEO Specialist (full-time)",
              "1 Desarrollador Web (part-time 50%)",
              "1 Content Writer (part-time 50%)",
              "1 Link Builder (freelance)"
            ],
            "herramientas": [
              "Ahrefs (continuar suscripción)",
              "Screaming Frog (licencia)",
              "Google Search Console (gratuito)",
              "Google Analytics 4 (gratuito)"
            ],
            "presupuesto_estimado": {
              "personal": "3,500€/mes",
              "herramientas": "250€/mes",
              "link_building": "800€/mes",
              "total_mensual": "4,550€/mes",
              "total_12_meses": "54,600€"
            }
          },
          "roi_proyectado": {
            "inversion_total": "54,600€",
            "incremento_conversiones_estimado": 145,
            "valor_conversion_promedio": "1,200€",
            "revenue_adicional_anual": "174,000€",
            "roi": "219%",
            "payback_period": "3.8 meses"
          }
        },
        "grafica": {
          "tipo": "grouped_bar",
          "titulo": "KPIs Actuales vs Objetivos 12 Meses",
          "etiquetas": ["Tráfico (x100)", "Pos. Media (inv)", "CTR (%)", "Keywords T10", "DR"],
          "datasets": [
            {
              "label": "Actual",
              "valores": [8.14, 8.8, 1.6, 8, 42],
              "color": "#ed8936"
            },
            {
              "label": "Objetivo",
              "valores": [20.35, 12, 3.5, 25, 50],
              "color": "#54a34a"
            }
          ]
        }
      }
    }
  ]
}
