{
  "seccion": {
    "id": "situacion-actual",
    "numero": 1,
    "titulo": "Análisis Situación Actual",
    "descripcion": "Evaluación completa del estado actual del sitio web, incluyendo análisis de tráfico orgánico, conversiones, posicionamiento y visibilidad en buscadores."
  },
  "metricas_generales": {
    "periodo": "Septiembre 2025",
    "keywords_totales": 49,
    "clics_totales": 73,
    "impresiones_totales": 4567,
    "ctr_promedio": 1.6,
    "posicion_promedio": 11.2
  },
  "paginas": [
    {
      "id": "pagina-003",
      "numero": 3,
      "titulo": "Descripción del proyecto",
      "subtitulo": "IbizaVilla.com - Portal de alquiler de villas de lujo en Ibiza",
      "contenido": {
        "tipo": "descripcion",
        "datos": {
          "dominio": "ibizavilla.com",
          "sector": "Alquiler de villas de lujo - Turismo premium",
          "mercados_objetivo": ["España", "Francia", "Alemania", "Reino Unido"],
          "cms": "WordPress con WPEstate",
          "idiomas": ["Español", "Inglés", "Francés", "Alemán"],
          "objetivos_seo": [
            "Mejorar posicionamiento en keywords genéricas de alquiler de villas",
            "Aumentar tráfico orgánico desde mercados internacionales",
            "Optimizar conversiones desde búsqueda orgánica",
            "Fortalecer autoridad de dominio"
          ],
          "screenshot": "images/screenshots/ibizavilla_home.jpg"
        }
      }
    },
    {
      "id": "pagina-004",
      "numero": 4,
      "titulo": "Analítica Web",
      "subtitulo": "Resumen de métricas principales - Google Analytics 4",
      "contenido": {
        "tipo": "metricas",
        "datos": {
          "usuarios_mes": 1245,
          "sesiones_mes": 1678,
          "paginas_vistas": 4823,
          "duracion_sesion_promedio": "2:34",
          "tasa_rebote": "42.3%",
          "fuentes_trafico": {
            "organico": 48.5,
            "directo": 28.3,
            "referral": 15.2,
            "social": 8.0
          }
        },
        "grafica": {
          "tipo": "pie",
          "titulo": "Distribución de Fuentes de Tráfico",
          "etiquetas": ["Orgánico", "Directo", "Referral", "Social"],
          "valores": [48.5, 28.3, 15.2, 8.0],
          "colores": ["#54a34a", "#6ab85e", "#8cc77e", "#aed69e"]
        }
      }
    },
    {
      "id": "pagina-005",
      "numero": 5,
      "titulo": "Canales de Captación de Tráfico",
      "subtitulo": "Análisis detallado de canales de adquisición",
      "contenido": {
        "tipo": "canales",
        "datos": {
          "organico": {
            "sesiones": 814,
            "porcentaje": 48.5,
            "conversiones": 24,
            "tasa_conversion": 2.9
          },
          "directo": {
            "sesiones": 475,
            "porcentaje": 28.3,
            "conversiones": 18,
            "tasa_conversion": 3.8
          },
          "referral": {
            "sesiones": 255,
            "porcentaje": 15.2,
            "conversiones": 8,
            "tasa_conversion": 3.1
          },
          "social": {
            "sesiones": 134,
            "porcentaje": 8.0,
            "conversiones": 3,
            "tasa_conversion": 2.2
          }
        },
        "grafica": {
          "tipo": "bar",
          "titulo": "Sesiones por Canal",
          "etiquetas": ["Orgánico", "Directo", "Referral", "Social"],
          "datasets": [
            {
              "label": "Sesiones",
              "valores": [814, 475, 255, 134],
              "color": "#54a34a"
            }
          ]
        }
      }
    },
    {
      "id": "pagina-014",
      "numero": 14,
      "titulo": "Posicionamiento",
      "subtitulo": "Análisis de keywords y posiciones - Google Search Console",
      "contenido": {
        "tipo": "keywords",
        "datos": {
          "top_keywords": [
            {
              "keyword": "ibiza villa",
              "clics": 7,
              "impresiones": 326,
              "ctr": 2.15,
              "posicion": 12.1
            },
            {
              "keyword": "ibiza villas",
              "clics": 6,
              "impresiones": 439,
              "ctr": 1.37,
              "posicion": 15.1
            },
            {
              "keyword": "bibo park ibiza",
              "clics": 4,
              "impresiones": 144,
              "ctr": 2.78,
              "posicion": 3.5
            },
            {
              "keyword": "villa ibiza",
              "clics": 4,
              "impresiones": 669,
              "ctr": 0.60,
              "posicion": 18.8
            },
            {
              "keyword": "villas ibiza",
              "clics": 4,
              "impresiones": 379,
              "ctr": 1.06,
              "posicion": 17.3
            }
          ]
        },
        "grafica": {
          "tipo": "bar_horizontal",
          "titulo": "Top 5 Keywords por Clics",
          "etiquetas": ["ibiza villa", "ibiza villas", "bibo park ibiza", "villa ibiza", "villas ibiza"],
          "datasets": [
            {
              "label": "Clics",
              "valores": [7, 6, 4, 4, 4],
              "color": "#54a34a"
            }
          ]
        }
      }
    },
    {
      "id": "pagina-018",
      "numero": 18,
      "titulo": "Keywords Orgánicas",
      "subtitulo": "Distribución de keywords por país y rendimiento",
      "contenido": {
        "tipo": "keywords_pais",
        "datos": {
          "por_pais": [
            {
              "pais": "España",
              "keywords": 28,
              "clics": 35,
              "mejor_posicion": 1.4,
              "keyword_mejor": "phare ibiza"
            },
            {
              "pais": "Francia",
              "keywords": 12,
              "clics": 15,
              "mejor_posicion": 1.0,
              "keyword_mejor": "ibizavilla"
            },
            {
              "pais": "Alemania",
              "keywords": 6,
              "clics": 5,
              "mejor_posicion": 2.5,
              "keyword_mejor": "adlib mode ibiza"
            },
            {
              "pais": "Reino Unido",
              "keywords": 3,
              "clics": 18,
              "mejor_posicion": 8.2,
              "keyword_mejor": "ibiza villa rental"
            }
          ]
        },
        "grafica": {
          "tipo": "grouped_bar",
          "titulo": "Keywords y Clics por País",
          "etiquetas": ["España", "Francia", "Alemania", "Reino Unido"],
          "datasets": [
            {
              "label": "Keywords",
              "valores": [28, 12, 6, 3],
              "color": "#54a34a"
            },
            {
              "label": "Clics",
              "valores": [35, 15, 5, 18],
              "color": "#6ab85e"
            }
          ]
        }
      }
    },
    {
      "id": "pagina-019",
      "numero": 19,
      "titulo": "Conclusiones",
      "subtitulo": "Análisis Situación Actual - Hallazgos Clave",
      "contenido": {
        "tipo": "conclusiones",
        "datos": {
          "fortalezas": [
            "Excelente posicionamiento en términos de marca (posición 1.0 para 'ibizavilla')",
            "Alto CTR en keywords específicas locales (hasta 30% en 'casa vella ibiza')",
            "Presencia establecida en mercados prioritarios (España, Francia, Alemania)",
            "Tráfico orgánico representa casi el 50% del total (814 sesiones/mes)"
          ],
          "debilidades": [
            "Posicionamiento débil en keywords genéricas principales (pos. 15-18)",
            "Bajo volumen de clics totales (73/mes) vs potencial del mercado",
            "CTR promedio bajo (1.6%) indica problemas de atractivo en SERPs",
            "Alta variabilidad de posiciones por país en mismas keywords"
          ],
          "oportunidades": [
            "Keywords de alto volumen mal posicionadas: 'villa ibiza' (669 imp., pos. 18.8)",
            "Mercado alemán emergente con alto CTR (8.57% en términos jardín)",
            "Términos locales específicos con excelente conversión potencial",
            "Gap significativo entre impresiones (4,567) y clics (73)"
          ],
          "prioridades": [
            "Optimizar meta descriptions para mejorar CTR en keywords principales",
            "Crear contenido específico para keywords de alto volumen",
            "Implementar estrategia de enlazado interno hacia páginas clave",
            "Desarrollar contenido multiidioma para fortalecer mercados internacionales"
          ]
        }
      }
    }
  ]
}
