{
  "seccion": {
    "id": "seo-onpage",
    "numero": 3,
    "titulo": "Análisis SEO On-Page",
    "descripcion": "Análisis técnico completo de la optimización interna del sitio web, incluyendo arquitectura, contenido, meta tags y elementos técnicos."
  },
  "resumen_ejecutivo": {
    "alcance": "Análisis completo de 1,247 páginas distribuidas en 10 áreas clave de SEO On-Page",
    "metodologia": "Auditoría realizada con Screaming Frog SEO Spider, Google Search Console, Ahrefs y análisis manual",
    "url_auditada": "https://ibizavilla.com",
    "paginas_rastreadas": 1247,
    "fecha_auditoria": "Octubre 2025",
    "hallazgos_totales": {
      "criticos": 12,
      "importantes": 34,
      "menores": 43,
      "total_issues": 89
    }
  },
  "areas_analizadas": [
    {
      "id": "urls",
      "nombre": "Optimización de URLs y Jerarquía",
      "icono": "link",
      "color": "#667eea",
      "metricas": {
        "total_urls": 1247,
        "urls_optimizadas": 423,
        "urls_problematicas": 824,
        "longitud_promedio": 67
      },
      "hallazgos": [
        {
          "tipo": "critico",
          "titulo": "URLs excesivamente largas",
          "cantidad": 234,
          "descripcion": "234 URLs superan los 100 caracteres, dificultando el rastreo y la experiencia de usuario",
          "ejemplos": [
            "https://ibizavilla.com/es/alquiler/villas/ibiza/san-jose/luxury-properties/villa-can-pepito-5-bedrooms-sea-view-private-pool-garden-bbq-wifi",
            "https://ibizavilla.com/es/propiedad/123456/villa-moderna-con-piscina-infinity-vistas-al-mar-mediterraneo-6-dormitorios-8-banos"
          ],
          "impacto": "Reducción de CTR en SERPs, URLs truncadas en compartir social",
          "recomendacion": "Reducir a máximo 70 caracteres. Ejemplo: /alquiler/villa-can-pepito-san-jose/"
        },
        {
          "tipo": "importante",
          "titulo": "URLs con parámetros innecesarios",
          "cantidad": 187,
          "descripcion": "URLs con parámetros de sesión, tracking y filtros que generan contenido duplicado",
          "ejemplos": [
            "https://ibizavilla.com/villas?sort=price&view=grid&page=2&sessionid=abc123",
            "https://ibizavilla.com/buscar?zona=ibiza&tipo=villa&personas=6&utm_source=google"
          ],
          "impacto": "Dilución de PageRank, indexación de páginas duplicadas, crawl budget desperdiciado",
          "recomendacion": "Implementar canonical tags, configurar parámetros en GSC, usar URLs limpias"
        },
        {
          "tipo": "importante",
          "titulo": "Estructura de URLs inconsistente",
          "cantidad": 156,
          "descripcion": "Mezcla de patrones: algunos usan IDs, otros slugs; algunos plurales, otros singulares",
          "ejemplos": [
            "/villa/123",
            "/villas/villa-moderna",
            "/property/456",
            "/propiedad/casa-ibiza"
          ],
          "impacto": "Confusión para usuarios y motores de búsqueda, pérdida de arquitectura semántica",
          "recomendacion": "Estandarizar: /alquiler/villas/{slug}/ para todas las propiedades"
        },
        {
          "tipo": "menor",
          "titulo": "URLs con caracteres especiales sin codificar",
          "cantidad": 67,
          "descripcion": "URLs con espacios, acentos y caracteres especiales que causan errores 404",
          "ejemplos": [
            "/villas/ibiza/cala d'hort/",
            "/alquiler/casa señorial/"
          ],
          "impacto": "Enlaces rotos, errores de rastreo, mala experiencia de usuario",
          "recomendacion": "Codificar caracteres especiales: /villas/ibiza/cala-dhort/"
        }
      ],
      "recomendaciones_prioritarias": [
        "Implementar estructura jerárquica: /{tipo}/{categoría}/{propiedad}/",
        "Reducir longitud máxima a 70 caracteres",
        "Eliminar parámetros innecesarios con canonical y URL rewrite",
        "Estandarizar naming: slugs descriptivos, sin IDs visibles",
        "Implementar redirects 301 de URLs antiguas a nuevas optimizadas"
      ],
      "impacto_estimado": "+15% mejora en rastreabilidad, +8% aumento en CTR orgánico"
    },
    {
      "id": "encabezados",
      "nombre": "Estructura de Encabezados H1-H6",
      "icono": "heading",
      "color": "#8b5cf6",
      "metricas": {
        "total_paginas": 1247,
        "con_h1_correcto": 892,
        "sin_h1": 89,
        "h1_multiples": 134,
        "h1_duplicados": 132
      },
      "hallazgos": [
        {
          "tipo": "critico",
          "titulo": "Páginas sin H1",
          "cantidad": 89,
          "descripcion": "89 páginas carecen completamente de etiqueta H1, elemento fundamental para SEO",
          "ejemplos": [
            "/contacto/ - No tiene H1, primer encabezado es H2",
            "/sobre-nosotros/ - Solo tiene H3 en sección hero",
            "/blog/categoria/noticias/ - Falta H1 en página de categoría"
          ],
          "impacto": "Google no identifica tema principal, pérdida de posicionamiento para keywords objetivo",
          "recomendacion": "Añadir H1 único en cada página con keyword principal: <h1>Contacta con IbizaVilla</h1>"
        },
        {
          "tipo": "critico",
          "titulo": "Múltiples H1 en misma página",
          "cantidad": 134,
          "descripcion": "134 páginas tienen 2-4 etiquetas H1, confundiendo la jerarquía semántica",
          "ejemplos": [
            "/villas/villa-moderna/ - Tiene 3 H1: título, precio y botón CTA",
            "/alquiler/ - 2 H1: uno en hero y otro en sección de filtros"
          ],
          "impacto": "Dilución de keyword principal, señales confusas para algoritmos de Google",
          "recomendacion": "Solo un H1 por página. Convertir H1 adicionales en H2 o <p> con clase CSS"
        },
        {
          "tipo": "importante",
          "titulo": "H1 duplicados entre páginas",
          "cantidad": 132,
          "descripcion": "132 páginas comparten el mismo H1 con otras páginas, eliminando unicidad",
          "ejemplos": [
            "\"Alquiler Villa Ibiza\" - usado en 45 páginas de propiedades",
            "\"Villas de Lujo\" - usado en 23 páginas de categorías"
          ],
          "impacto": "Contenido duplicado percibido, canibalización de keywords, baja relevancia individual",
          "recomendacion": "H1 único por página: 'Alquiler Villa Can Pep - San José, Ibiza'"
        },
        {
          "tipo": "importante",
          "titulo": "Saltos en jerarquía de encabezados",
          "cantidad": 267,
          "descripcion": "Páginas que saltan de H2 a H4 sin H3, o de H1 a H3 directamente",
          "ejemplos": [
            "/villas/moderna/ - H1 > H4 (sin H2, H3)",
            "/blog/post-123/ - H1 > H2 > H5 (sin H3, H4)"
          ],
          "impacto": "Estructura ilógica para screen readers, pérdida de jerarquía semántica",
          "recomendacion": "Mantener jerarquía estricta: H1 > H2 > H3 > H4, sin saltos"
        },
        {
          "tipo": "importante",
          "titulo": "H1 sin keywords objetivo",
          "cantidad": 298,
          "descripcion": "H1 genéricos o creativos que no incluyen keywords de posicionamiento",
          "ejemplos": [
            "<h1>Bienvenido</h1> - debería ser 'Alquiler Villas Lujo Ibiza'",
            "<h1>Tu Paraíso Te Espera</h1> - debería incluir 'Villa', 'Ibiza', 'Alquiler'"
          ],
          "impacto": "Pérdida de relevancia para keywords principales, menor posicionamiento",
          "recomendacion": "H1 descriptivos con keywords: 'Alquiler de Villas de Lujo en Ibiza'"
        },
        {
          "tipo": "menor",
          "titulo": "H1 demasiado largos",
          "cantidad": 78,
          "descripcion": "H1 que superan 70 caracteres, demasiado extensos para su propósito",
          "ejemplos": [
            "<h1>Alquiler de Villas de Lujo con Piscina Privada, Jardín y Vistas al Mar en Ibiza - IbizaVilla</h1>"
          ],
          "impacto": "Sobre-optimización percibida, mala experiencia de usuario en móvil",
          "recomendacion": "Limitar H1 a 60 caracteres: 'Alquiler Villas Lujo con Piscina - Ibiza'"
        },
        {
          "tipo": "menor",
          "titulo": "Encabezados H2-H6 mal utilizados",
          "cantidad": 423,
          "descripcion": "H2-H6 usados para estilos visuales en lugar de jerarquía semántica",
          "ejemplos": [
            "<h2> usado para hacer texto grande en footer",
            "<h5> usado para precio de propiedad solo por tamaño de fuente"
          ],
          "impacto": "Confusión en estructura de contenido, mala accesibilidad",
          "recomendacion": "Usar encabezados solo para jerarquía. Para estilos, usar CSS"
        }
      ],
      "recomendaciones_prioritarias": [
        "Añadir H1 único en las 89 páginas que carecen de él",
        "Convertir múltiples H1 a H2 en 134 páginas afectadas",
        "Diferenciar H1 duplicados añadiendo identificadores únicos",
        "Auditar y corregir jerarquía de encabezados en 267 páginas",
        "Implementar plantilla con H1 dinámico: '{Nombre Propiedad} - {Zona}, Ibiza'"
      ],
      "impacto_estimado": "+12% mejora en posicionamiento keywords principales, +5% mejor accesibilidad"
    },
    {
      "id": "meta_tags",
      "nombre": "Meta Tags (Titles y Descriptions)",
      "icono": "tags",
      "color": "#f59e0b",
      "metricas": {
        "titles_optimizados": 633,
        "titles_duplicados": 158,
        "titles_sin_keyword": 456,
        "descriptions_presentes": 892,
        "descriptions_faltantes": 355,
        "descriptions_duplicadas": 198
      },
      "hallazgos": [
        {
          "tipo": "critico",
          "titulo": "355 páginas sin meta description",
          "cantidad": 355,
          "descripcion": "28.5% del sitio no tiene meta description, Google genera snippets automáticos de baja calidad",
          "ejemplos": [
            "/villas/villa-can-pep/ - Sin description, Google muestra: 'hace 3 días... Precio desde 4500€... Disponible...'",
            "/zonas/san-jose/ - Sin description, snippet es texto aleatorio del footer"
          ],
          "impacto": "CTR 30-40% menor en SERPs, pérdida de control sobre mensaje en resultados",
          "recomendacion": "Escribir descriptions únicas 150-160 caracteres con CTAs: '✓ Villa Can Pep Ibiza ✓ 6 habitaciones ✓ Piscina infinita ✓ Vistas mar ✓ Desde 4.500€/semana ✓ Reserva directa'"
        },
        {
          "tipo": "importante",
          "titulo": "158 títulos duplicados",
          "cantidad": 158,
          "descripcion": "12.7% de páginas comparten title tag idéntico, reduciendo relevancia individual",
          "ejemplos": [
            "'Alquiler Villas Ibiza - IbizaVilla' - usado en 34 páginas de propiedades diferentes",
            "'IbizaVilla | Villas de Lujo' - usado en 12 páginas de categorías"
          ],
          "impacto": "Canibalización en SERPs, Google elige página aleatoria, pérdida posiciones",
          "recomendacion": "Titles únicos con patrón: '{Nombre Villa} - {Características Clave} | IbizaVilla'"
        },
        {
          "tipo": "importante",
          "titulo": "234 títulos superan 60 caracteres",
          "cantidad": 234,
          "descripcion": "Titles demasiado largos que se truncan en SERP, perdiendo información clave",
          "ejemplos": [
            "'Alquiler de Villa de Lujo en San José con Piscina Privada, Jardín y Vistas Espectaculares al Mar Mediterráneo - IbizaVilla' (127 caracteres, se trunca en: 'Alquiler de Villa de Lujo en San José con Piscina Privada, Ja...')"
          ],
          "impacto": "CTAs y keywords finales se pierden, menor CTR por mensaje incompleto",
          "recomendacion": "Limitar a 55-60 caracteres: 'Villa Lujo San José - Piscina, Vista Mar | IbizaVilla' (57 caracteres)"
        },
        {
          "tipo": "importante",
          "titulo": "456 títulos sin keyword objetivo",
          "cantidad": 456,
          "descripcion": "Titles que no incluyen la keyword principal para la que la página debería posicionar",
          "ejemplos": [
            "Página que vende alquileres: <title>Bienvenido - IbizaVilla</title> (falta 'alquiler', 'villas')",
            "Página de villa específica: <title>Can Pep - IbizaVilla</title> (falta 'ibiza', 'alquiler', 'villa')"
          ],
          "impacto": "Posicionamiento bajo o nulo para keywords objetivo, tráfico orgánico perdido",
          "recomendacion": "Incluir keyword principal al inicio: 'Alquiler Villa Can Pep Ibiza - 6 Hab, Piscina | IbizaVilla'"
        },
        {
          "tipo": "importante",
          "titulo": "198 meta descriptions duplicadas",
          "cantidad": 198,
          "descripcion": "15.9% de descriptions son copias exactas de otras páginas",
          "ejemplos": [
            "'Descubre las mejores villas de Ibiza' - usado en 45 páginas diferentes",
            "'Alquila tu villa de ensueño en Ibiza' - usado en 23 categorías"
          ],
          "impacto": "Pérdida de unicidad, snippets poco persuasivos, CTR bajo",
          "recomendacion": "Descriptions únicas por página con datos específicos: precio, ubicación, características"
        },
        {
          "tipo": "menor",
          "titulo": "67 títulos demasiado cortos",
          "cantidad": 67,
          "descripcion": "Titles menores de 30 caracteres, desaprovechando espacio en SERP",
          "ejemplos": [
            "<title>Ibiza</title> (5 caracteres)",
            "<title>Villas - IbizaVilla</title> (20 caracteres)"
          ],
          "impacto": "Oportunidad perdida de incluir keywords secundarias y CTAs",
          "recomendacion": "Expandir a 50-60 caracteres: 'Villas Lujo Ibiza - +200 Propiedades | IbizaVilla' (54 caracteres)"
        }
      ],
      "ejemplos_optimizacion": [
        {
          "tipo": "Title - Página Principal",
          "actual": "IbizaVilla - Villas en Ibiza",
          "propuesto": "Alquiler Villas Ibiza | +200 Propiedades Lujo 2025",
          "caracteres_actual": 29,
          "caracteres_propuesto": 51,
          "mejora": "+35% CTR estimado, incluye keywords 'alquiler', 'villas', 'lujo', año actual"
        },
        {
          "tipo": "Title - Propiedad Individual",
          "actual": "Villa Can Pep - IbizaVilla",
          "propuesto": "Villa Can Pep Ibiza - 6 Hab, Piscina, Vista Mar | 4.500€",
          "caracteres_actual": 27,
          "caracteres_propuesto": 58,
          "mejora": "+28% CTR, añade características clave y precio"
        },
        {
          "tipo": "Description - Categoría",
          "actual": "Descubre nuestras villas en Ibiza",
          "propuesto": "✓ +200 villas lujo Ibiza ✓ Desde 2.000€/sem ✓ Piscina privada ✓ Vista mar ✓ Reserva directa sin comisiones ✓ Disponibilidad 2025",
          "caracteres_actual": 34,
          "caracteres_propuesto": 142,
          "mejora": "+42% CTR, usa checkmarks, datos concretos, CTAs"
        },
        {
          "tipo": "Description - Propiedad",
          "actual": "Villa de lujo en Ibiza",
          "propuesto": "Villa Can Pep en San José: 6 hab (12 pax), piscina infinita, vistas mar mediterráneo, BBQ, WiFi. Desde 4.500€/semana. Reserva ya tu 2025.",
          "caracteres_actual": 23,
          "caracteres_propuesto": 157,
          "mejora": "+38% CTR, incluye detalles, precio, CTA temporal"
        }
      ],
      "recomendaciones_prioritarias": [
        "Fase 1 (Semana 1-2): Añadir descriptions en 355 páginas sin ellas",
        "Fase 2 (Semana 3-4): Corregir 158 titles duplicados con patrón dinámico",
        "Fase 3 (Semana 5-6): Optimizar 234 titles largos reduciéndolos a 55-60 caracteres",
        "Fase 4 (Semana 7-8): Reescribir 456 titles añadiendo keywords principales",
        "Fase 5 (Semana 9-10): Diferenciar 198 descriptions duplicadas"
      ],
      "impacto_estimado": "+45% CTR global en SERPs, +180 clics orgánicos/mes, +€3.200 ingresos mensuales adicionales"
    },
    {
      "id": "contenido",
      "nombre": "Calidad y Cantidad de Contenido",
      "icono": "file-text",
      "color": "#10b981",
      "metricas": {
        "paginas_contenido_suficiente": 567,
        "paginas_contenido_insuficiente": 456,
        "paginas_contenido_duplicado": 134,
        "palabras_promedio": 287
      },
      "hallazgos": [
        {
          "tipo": "importante",
          "titulo": "456 páginas con contenido insuficiente (<300 palabras)",
          "cantidad": 456,
          "descripcion": "36.6% de páginas tienen contenido thin: menos de 300 palabras",
          "ejemplos": [
            "/villas/moderna/ - 87 palabras: solo descripción corta y características en bullets",
            "/zonas/ibiza-centro/ - 134 palabras: 2 párrafos genéricos",
            "/servicios/transfer/ - 54 palabras: información mínima del servicio"
          ],
          "impacto": "Google considera contenido thin = baja calidad, posicionamiento pobre, penalización Panda",
          "recomendacion": "Mínimo 500 palabras por página: expandir con secciones 'Sobre la zona', 'Qué hacer cerca', 'Por qué elegir esta villa', FAQs"
        },
        {
          "tipo": "importante",
          "titulo": "134 páginas con contenido duplicado interno",
          "cantidad": 134,
          "descripcion": "Páginas que comparten >80% de contenido con otras páginas del mismo sitio",
          "ejemplos": [
            "/villas/can-pep/ y /villas/can-pepito/ - descripción idéntica copiada/pegada",
            "Todas las landing de zonas usan template genérico: 'Descubre las mejores villas de {zona}. Contamos con las propiedades más exclusivas...'"
          ],
          "impacto": "Canibalización interna, Google elige página aleatoria, ambas posicionan mal",
          "recomendacion": "Contenido único por página: detalles específicos de la propiedad, historia, anécdotas, datos únicos de la zona"
        },
        {
          "tipo": "importante",
          "titulo": "Contenido no optimizado para keywords",
          "cantidad": 567,
          "descripcion": "Textos que no incluyen variaciones de keywords objetivo con densidad adecuada",
          "ejemplos": [
            "Página targeting 'alquiler villa ibiza' solo menciona esta frase 1 vez en 400 palabras (densidad 0.25%)",
            "Landing 'villas lujo ibiza' no incluye variaciones: 'villa lujosa', 'propiedad exclusiva', 'alojamiento premium'"
          ],
          "impacto": "Baja relevancia semántica, posicionamiento débil para keywords objetivo y long-tail",
          "recomendacion": "Densidad keyword principal 1-2%, incluir 5-7 variaciones LSI, sinónimos naturales"
        },
        {
          "tipo": "menor",
          "titulo": "Falta de estructura en el contenido",
          "cantidad": 389,
          "descripcion": "Textos en bloques largos sin división en secciones, bullets, destacados",
          "ejemplos": [
            "Descripción de villa: 5 párrafos de 150 palabras cada uno, sin subtítulos, bullets o destacados",
            "Página de zona: texto corrido de 400 palabras sin separación visual"
          ],
          "impacto": "Baja legibilidad, alto tiempo de escaneo, usuarios abandonan, mayor bounce rate",
          "recomendacion": "Dividir en secciones con H2/H3, usar bullets para características, destacar datos clave en negrita"
        }
      ],
      "recomendaciones_prioritarias": [
        "Ampliar 456 páginas thin: mínimo 500 palabras con secciones útiles",
        "Reescribir 134 páginas duplicadas: contenido 100% único por página",
        "Optimizar densidad keywords: 1-2% keyword principal + 5-7 LSI",
        "Añadir secciones estructuradas: 'Sobre la propiedad', 'Ubicación', 'Actividades', 'Servicios', FAQs",
        "Implementar schema FAQ en páginas con preguntas frecuentes"
      ],
      "impacto_estimado": "+20% mejora posicionamiento, -15% bounce rate, +25% tiempo en página"
    },
    {
      "id": "imagenes",
      "nombre": "Optimización de Imágenes",
      "icono": "image",
      "color": "#ec4899",
      "metricas": {
        "total_imagenes": 8934,
        "con_alt_text": 3421,
        "sin_alt_text": 5513,
        "peso_promedio": 847,
        "imagenes_no_optimizadas": 7234
      },
      "hallazgos": [
        {
          "tipo": "critico",
          "titulo": "5,513 imágenes sin atributo ALT",
          "cantidad": 5513,
          "descripcion": "61.7% de imágenes carecen de texto alternativo, crítico para SEO y accesibilidad",
          "ejemplos": [
            "<img src='/uploads/villa-moderna.jpg'> - sin ALT",
            "<img src='/gallery/photo-12.jpg'> - sin ALT"
          ],
          "impacto": "Pérdida de posicionamiento en Google Images, mala accesibilidad, penalización SEO",
          "recomendacion": "Añadir ALT descriptivos con keywords: <img src='villa-moderna.jpg' alt='Villa moderna con piscina infinita en San José, Ibiza'>"
        },
        {
          "tipo": "importante",
          "titulo": "7,234 imágenes sin comprimir (>200kb)",
          "cantidad": 7234,
          "descripcion": "81% de imágenes exceden 200kb, la mayoría sin comprimir ni optimizar",
          "ejemplos": [
            "hero-villa.jpg - 2.4 MB (original de cámara sin procesar)",
            "gallery-01.jpg - 1.8 MB (dimensiones 4000x3000px para espacio 800x600px)"
          ],
          "impacto": "LCP pobre (>4s), experiencia móvil lenta, penalización Core Web Vitals",
          "recomendacion": "Comprimir con TinyPNG/Squoosh, servir WebP con fallback: <picture><source srcset='imagen.webp' type='image/webp'><img src='imagen.jpg'></picture>"
        },
        {
          "tipo": "importante",
          "titulo": "Nombres de archivo no descriptivos",
          "cantidad": 6789,
          "descripcion": "Imágenes con nombres genéricos: IMG_001.jpg, photo.jpg, DSC00123.jpg",
          "ejemplos": [
            "IMG_9834.jpg - debería ser 'villa-can-pep-piscina-atardecer.jpg'",
            "photo-final-2.jpg - debería ser 'salon-villa-moderna-vistas-mar.jpg'"
          ],
          "impacto": "Pérdida de posicionamiento en Google Images, sin contexto semántico",
          "recomendacion": "Renombrar con keywords: '{nombre-villa}-{elemento}-{caracteristica}.jpg'"
        },
        {
          "tipo": "menor",
          "titulo": "Falta de lazy loading",
          "cantidad": 8934,
          "descripcion": "Todas las imágenes se cargan inmediatamente, incluso las below-the-fold",
          "ejemplos": [
            "Galería de 50 fotos de villa: todas se cargan al abrir la página",
            "Footer con logos partners: se cargan antes de que usuario haga scroll"
          ],
          "impacto": "LCP incrementado, First Contentful Paint lento, datos móviles desperdiciados",
          "recomendacion": "Implementar loading='lazy' en imágenes below fold: <img src='imagen.jpg' loading='lazy'>"
        }
      ],
      "recomendaciones_prioritarias": [
        "Añadir ALT text descriptivo en 5,513 imágenes (script automático + revisión manual)",
        "Comprimir y convertir a WebP las 7,234 imágenes pesadas",
        "Implementar lazy loading en todas las imágenes except hero/above-fold",
        "Renombrar archivos con patrón: {propiedad}-{habitacion/area}-{numero}.jpg",
        "Configurar CDN con compresión automática y responsive images"
      ],
      "impacto_estimado": "-2.8s LCP, +1,200 visitas/mes desde Google Images, +15 puntos PageSpeed"
    },
    {
      "id": "datos_estructurados",
      "nombre": "Datos Estructurados (Schema.org)",
      "icono": "code",
      "color": "#3b82f6",
      "metricas": {
        "paginas_con_schema": 234,
        "paginas_sin_schema": 1013,
        "schemas_con_errores": 67,
        "rich_snippets_activos": 12
      },
      "hallazgos": [
        {
          "tipo": "critico",
          "titulo": "1,013 páginas sin datos estructurados",
          "cantidad": 1013,
          "descripcion": "81.2% del sitio no tiene markup schema, perdiendo rich snippets en SERPs",
          "ejemplos": [
            "/villas/can-pep/ - Sin schema Product o Offer, no muestra precio/rating en Google",
            "/blog/post-123/ - Sin schema Article, no aparece con thumbnail/fecha en News"
          ],
          "impacto": "Sin rich snippets: menos CTR (-20%), sin stars/precio visible, posición SERP menos destacada",
          "recomendacion": "Implementar schema: Product para villas, LocalBusiness para empresa, Article para blog"
        },
        {
          "tipo": "importante",
          "titulo": "67 schemas con errores de validación",
          "cantidad": 67,
          "descripcion": "Schemas implementados pero con errores que impiden que Google los procese",
          "ejemplos": [
            "Schema Product sin 'price' obligatorio",
            "Schema Review con 'ratingValue' fuera de rango (valor 6 en escala 1-5)",
            "Schema LocalBusiness sin 'address' completo"
          ],
          "impacto": "Schema no procesado = sin rich snippet, errores en Search Console, validación negativa",
          "recomendacion": "Validar en Google Rich Results Test, corregir campos obligatorios faltantes"
        },
        {
          "tipo": "importante",
          "titulo": "Oportunidad: Schema FAQ no implementado",
          "cantidad": 0,
          "descripcion": "Ninguna página usa schema FAQ a pesar de tener secciones de preguntas frecuentes",
          "ejemplos": [
            "/faq/ - Tiene 25 preguntas pero sin schema FAQ",
            "Páginas de villa con sección 'Preguntas frecuentes' sin markup"
          ],
          "impacto": "Pérdida de espacio extra en SERPs, sin dropdown de preguntas en resultados",
          "recomendacion": "Añadir FAQPage schema en páginas con Q&A, aumenta ocupación SERP en +150px"
        },
        {
          "tipo": "menor",
          "titulo": "Oportunidad: Schema Breadcrumb no implementado",
          "cantidad": 0,
          "descripcion": "Sin schema BreadcrumbList, Google no muestra ruta navegación en SERPs",
          "ejemplos": [
            "Resultado actual: 'ibizavilla.com › villas › can-pep' (texto plano)",
            "Con schema: breadcrumbs clicables, más espacio visual en SERP"
          ],
          "impacto": "Menor CTR por falta de breadcrumbs visuales, estructura menos clara",
          "recomendacion": "Implementar BreadcrumbList schema en todas las páginas con ruta navegación"
        }
      ],
      "schemas_recomendados": [
        {
          "tipo": "Product + Offer",
          "paginas": "Todas las villas (234 páginas)",
          "beneficio": "Precio, disponibilidad, ratings visibles en SERP",
          "prioridad": "Alta"
        },
        {
          "tipo": "LocalBusiness",
          "paginas": "Páginas corporativas (contacto, sobre nosotros)",
          "beneficio": "Panel Knowledge Graph, horarios, teléfono, valoraciones",
          "prioridad": "Alta"
        },
        {
          "tipo": "FAQPage",
          "paginas": "Páginas con secciones FAQ (78 páginas detectadas)",
          "beneficio": "+150px espacio SERP, dropdown preguntas, featured snippet",
          "prioridad": "Media"
        },
        {
          "tipo": "BreadcrumbList",
          "paginas": "Todas las páginas con breadcrumbs (1,247 páginas)",
          "beneficio": "Breadcrumbs clicables en SERP, mejor UX",
          "prioridad": "Media"
        },
        {
          "tipo": "Article",
          "paginas": "Posts de blog (89 artículos)",
          "beneficio": "Thumbnail, fecha, autor en resultados, Google News eligible",
          "prioridad": "Baja"
        }
      ],
      "recomendaciones_prioritarias": [
        "Implementar schema Product+Offer en 234 páginas de villas",
        "Añadir LocalBusiness schema en páginas corporativas",
        "Corregir 67 schemas con errores de validación",
        "Implementar FAQPage en 78 páginas con sección preguntas",
        "Añadir BreadcrumbList en todas las páginas"
      ],
      "impacto_estimado": "+32% CTR por rich snippets, +45 clics/día, posibilidad featured snippets"
    },
    {
      "id": "enlazado_interno",
      "nombre": "Enlazado Interno y Link Juice",
      "icono": "link",
      "color": "#06b6d4",
      "metricas": {
        "total_enlaces_internos": 24567,
        "enlaces_promedio_pagina": 19.7,
        "paginas_huerfanas": 187,
        "enlaces_rotos": 43,
        "profundidad_maxima": 6
      },
      "hallazgos": [
        {
          "tipo": "critico",
          "titulo": "187 páginas huérfanas (sin enlaces entrantes)",
          "cantidad": 187,
          "descripcion": "15% del sitio son páginas huérfanas: solo accesibles vía URL directa, sin enlaces desde otras páginas",
          "ejemplos": [
            "/villas/villa-antigua-123/ - 0 enlaces internos apuntan a ella",
            "/blog/2023/post-verano/ - No enlazada desde ningún sitio",
            "/servicios/concierge/ - Existe pero no está en menú ni en enlaces"
          ],
          "impacto": "PageRank no llega, Google raramente las rastrea, tráfico casi cero, posicionamiento nulo",
          "recomendacion": "Conectar vía: breadcrumbs, 'propiedades relacionadas', menú footer, enlaces contextuales desde blog"
        },
        {
          "tipo": "critico",
          "titulo": "43 enlaces internos rotos (404)",
          "cantidad": 43,
          "descripcion": "Enlaces que apuntan a páginas eliminadas o URLs incorrectas",
          "ejemplos": [
            "Enlace a /villas/antigua-propiedad/ → 404 (propiedad eliminada)",
            "Enlace a /blog/post-2024 → 404 (URL mal escrita)"
          ],
          "impacto": "Mala experiencia usuario, señal negativa a Google, crawl budget desperdiciado",
          "recomendacion": "Auditoría con Screaming Frog, eliminar o redirect 301 enlaces rotos"
        },
        {
          "tipo": "importante",
          "titulo": "Distribución desigual de enlaces",
          "cantidad": null,
          "descripcion": "Homepage tiene 234 enlaces entrantes, páginas clave de conversión solo 3-5 enlaces",
          "ejemplos": [
            "Homepage: 234 enlaces internos apuntan a ella",
            "Landing 'Alquiler Villas Lujo' (alta conversión): solo 5 enlaces",
            "Villa top revenue 'Can Pep': solo 8 enlaces"
          ],
          "impacto": "PageRank concentrado en homepage, páginas de conversión sin autoridad, bajo posicionamiento",
          "recomendacion": "Redistribuir enlaces: añadir enlaces contextuales desde blog/descripciones a landing/villas clave"
        },
        {
          "tipo": "importante",
          "titulo": "Anchor text no optimizado",
          "cantidad": 22134,
          "descripcion": "90% de enlaces usan anchors genéricos: 'ver más', 'leer más', 'click aquí'",
          "ejemplos": [
            "<a href='/villas/can-pep/'>Ver más</a> - debería ser 'Ver Villa Can Pep en San José'",
            "<a href='/alquiler/'>Leer más</a> - debería ser 'Alquiler de Villas de Lujo en Ibiza'"
          ],
          "impacto": "Sin señal de relevancia keyword, Google no asocia anchor con destino, pérdida SEO",
          "recomendacion": "Anchors descriptivos con keywords: 'Descubre Villa Can Pep - 6 habitaciones, piscina infinita'"
        },
        {
          "tipo": "menor",
          "titulo": "Falta de enlaces contextuales",
          "cantidad": null,
          "descripcion": "Descripciones de propiedades no enlazan a zonas, servicios relacionados, ni propiedades similares",
          "ejemplos": [
            "Descripción menciona 'cerca de Cala Bassa' pero no enlaza a /zonas/cala-bassa/",
            "Texto dice 'incluye servicio de chef' pero no enlaza a /servicios/chef-privado/"
          ],
          "impacto": "Oportunidad perdida de distribuir PageRank, mejorar UX, aumentar pageviews/sesión",
          "recomendacion": "Añadir enlaces contextuales: zonas mencionadas, servicios incluidos, propiedades similares"
        }
      ],
      "recomendaciones_prioritarias": [
        "Eliminar 187 páginas huérfanas: implementar breadcrumbs, 'relacionados', enlaces footer",
        "Auditar y corregir 43 enlaces rotos → redirect 301 o eliminar",
        "Redistribuir enlaces: aumentar enlaces a landing clave y villas top",
        "Optimizar anchor text: reemplazar 'ver más' con descriptivos keyword-rich",
        "Implementar sección 'Propiedades similares' en páginas de villa (5-6 enlaces)"
      ],
      "impacto_estimado": "+18% distribución PageRank a páginas clave, -15% páginas huérfanas, +12% pageviews/sesión"
    },
    {
      "id": "velocidad_carga",
      "nombre": "Velocidad de Carga y Core Web Vitals",
      "icono": "zap",
      "color": "#ef4444",
      "metricas": {
        "lcp_mobile": 3.8,
        "fid_mobile": 145,
        "cls_mobile": 0.18,
        "pagespeed_mobile": 47,
        "pagespeed_desktop": 72
      },
      "hallazgos": [
        {
          "tipo": "critico",
          "titulo": "LCP Mobile: 3.8s (Necesita Mejora)",
          "cantidad": null,
          "descripcion": "Largest Contentful Paint en móvil es 3.8s, excede objetivo de 2.5s",
          "ejemplos": [
            "Homepage: LCP 4.2s (imagen hero sin optimizar)",
            "Página villa: LCP 3.5s (galería carga antes de imagen principal)"
          ],
          "impacto": "Penalización ranking móvil, mala experiencia usuario, +25% bounce rate",
          "recomendacion": "Optimizar imagen LCP: comprimir, usar WebP, preload, critical CSS inline, lazy load no-critical"
        },
        {
          "tipo": "importante",
          "titulo": "FID Mobile: 145ms (Necesita Mejora)",
          "cantidad": null,
          "descripcion": "First Input Delay 145ms, excede objetivo 100ms, JavaScript bloquea interactividad",
          "ejemplos": [
            "Botón 'Ver disponibilidad' tarda 150ms en responder",
            "Click en filtros tarda 180ms en iniciar acción"
          ],
          "impacto": "Usuarios perciben lag, frustración, abandono en acciones clave (formulario, filtros)",
          "recomendacion": "Reducir JS bloqueante: defer scripts, code splitting, remove unused JS, use Web Workers"
        },
        {
          "tipo": "importante",
          "titulo": "PageSpeed Mobile: 47/100 (Rojo)",
          "cantidad": null,
          "descripcion": "Puntuación PageSpeed Insights móvil en rango bajo, múltiples oportunidades optimización",
          "causas": [
            "Imágenes sin comprimir (-2.4s)",
            "JavaScript bloqueante render (-1.8s)",
            "CSS no usado (-0.9s)",
            "Fonts no optimizados (-0.6s)",
            "Sin caché navegador (-0.5s)"
          ],
          "impacto": "Ranking móvil penalizado, 67% tráfico es móvil = mayoría usuarios afectados",
          "recomendacion": "Priorizar: comprimir imágenes, critical CSS, defer JS, preconnect fonts, caché headers"
        },
        {
          "tipo": "menor",
          "titulo": "CLS Mobile: 0.18 (Necesita Mejora Menor)",
          "cantidad": null,
          "descripcion": "Cumulative Layout Shift 0.18, objetivo <0.1, elementos saltan durante carga",
          "ejemplos": [
            "Imagen hero carga y mueve contenido below (-0.08 shift)",
            "Banner cookies aparece y empuja footer (-0.06 shift)",
            "Ads sidebar cargan tarde y desplazan contenido (-0.04 shift)"
          ],
          "impacto": "Clicks accidentales, frustración usuario, mala experiencia móvil",
          "recomendacion": "Reservar espacio: width/height en imgs, aspect-ratio CSS, skeleton screens"
        }
      ],
      "oportunidades_optimizacion": [
        {
          "accion": "Comprimir y servir imágenes WebP",
          "ahorro_tiempo": "2.4s",
          "complejidad": "Media",
          "prioridad": "Alta"
        },
        {
          "accion": "Defer JavaScript no crítico",
          "ahorro_tiempo": "1.8s",
          "complejidad": "Media",
          "prioridad": "Alta"
        },
        {
          "accion": "Eliminar CSS no usado",
          "ahorro_tiempo": "0.9s",
          "complejidad": "Baja",
          "prioridad": "Media"
        },
        {
          "accion": "Optimizar carga de Google Fonts",
          "ahorro_tiempo": "0.6s",
          "complejidad": "Baja",
          "prioridad": "Media"
        },
        {
          "accion": "Implementar caché navegador",
          "ahorro_tiempo": "0.5s (visitas recurrentes)",
          "complejidad": "Baja",
          "prioridad": "Alta"
        },
        {
          "accion": "Preload recursos críticos (LCP image, fonts)",
          "ahorro_tiempo": "0.4s",
          "complejidad": "Baja",
          "prioridad": "Alta"
        }
      ],
      "recomendaciones_prioritarias": [
        "Implementar CDN con compresión automática imágenes → WebP",
        "Defer todos los JS excepto critical (analytics, tracking)",
        "Implementar caché headers agresivos: 1 año static assets",
        "Preload imagen LCP: <link rel='preload' as='image' href='hero.webp'>",
        "Lazy load imágenes below fold + iframes (maps, videos)"
      ],
      "impacto_estimado": "LCP: 3.8s → 2.1s, PageSpeed: 47 → 78, -18% bounce rate, +€2.800/mes revenue"
    },
    {
      "id": "mobile_friendly",
      "nombre": "Mobile Friendly y Responsive Design",
      "icono": "smartphone",
      "color": "#8b5cf6",
      "metricas": {
        "trafico_mobile": 67.3,
        "tasa_rebote_mobile": 48.2,
        "tasa_rebote_desktop": 38.7,
        "test_mobile_friendly": "Aprobado con advertencias"
      },
      "hallazgos": [
        {
          "tipo": "importante",
          "titulo": "Botones demasiado pequeños para táctil",
          "cantidad": 234,
          "descripcion": "Elementos interactivos <48x48px, difíciles de tocar en móvil",
          "ejemplos": [
            "Botón 'Ver disponibilidad': 36x28px (recomendado 48x48px)",
            "Links breadcrumbs: 24x18px separados por 4px (muy juntos)",
            "Iconos compartir social: 32x32px (muy pequeños)"
          ],
          "impacto": "Clicks erróneos, frustración, abandono en acciones clave (CTA conversión)",
          "recomendacion": "Aumentar touch targets a mínimo 48x48px con padding, separación 8-12px entre elementos"
        },
        {
          "tipo": "importante",
          "titulo": "Texto demasiado pequeño sin zoom",
          "cantidad": 167,
          "descripcion": "Texto <14px en móvil, requiere zoom para leer, mala experiencia",
          "ejemplos": [
            "Descripciones de villas: 12px (difícil de leer)",
            "Footer links: 11px (casi ilegible en iPhone)",
            "Precios y detalles: 13px (borderline)"
          ],
          "impacto": "Usuarios no leen contenido, +15% bounce rate móvil vs desktop",
          "recomendacion": "Font-size base 16px, mínimo 14px para secundario, 18px+ para CTAs"
        },
        {
          "tipo": "menor",
          "titulo": "Viewport no optimizado en algunas páginas",
          "cantidad": 23,
          "descripcion": "Páginas sin meta viewport o con configuración incorrecta",
          "ejemplos": [
            "/landing-antigua/ - Sin <meta name='viewport'>",
            "/blog/categoria/ - viewport width=1024 (fijo, no responsive)"
          ],
          "impacto": "Página se muestra como desktop en móvil, requiere zoom/scroll horizontal",
          "recomendacion": "Añadir: <meta name='viewport' content='width=device-width, initial-scale=1'>"
        }
      ],
      "recomendaciones_prioritarias": [
        "Incrementar tamaño botones CTA a 48x48px mínimo",
        "Aumentar font-size base a 16px, mínimo 14px secundario",
        "Incrementar separación elementos táctiles: 12px mínimo",
        "Verificar viewport en 23 páginas problemáticas",
        "Test en dispositivos reales: iPhone 12/13, Samsung Galaxy S21/22"
      ],
      "impacto_estimado": "-10% bounce rate móvil, +8% conversión móvil, +€1.900/mes revenue adicional"
    },
    {
      "id": "indexabilidad",
      "nombre": "Indexabilidad y Rastreabilidad",
      "icono": "search",
      "color": "#f59e0b",
      "metricas": {
        "paginas_indexadas": 892,
        "tasa_indexacion": 71.5,
        "paginas_bloqueadas_robots": 234,
        "paginas_noindex": 67,
        "urls_sitemap": 1089,
        "urls_404_sitemap": 23
      },
      "hallazgos": [
        {
          "tipo": "critico",
          "titulo": "355 páginas no indexadas (28.5% del sitio)",
          "cantidad": 355,
          "descripcion": "Casi 1/3 del sitio no está en índice de Google, páginas invisibles en búsquedas",
          "causas": [
            "234 bloqueadas en robots.txt innecesariamente",
            "67 con tag noindex que deberían indexarse",
            "54 sin enlaces internos (páginas huérfanas)"
          ],
          "impacto": "Contenido invisible en Google, tráfico orgánico potencial perdido",
          "recomendacion": "Auditar robots.txt, revisar noindex tags, conectar páginas huérfanas"
        },
        {
          "tipo": "importante",
          "titulo": "robots.txt bloquea recursos importantes",
          "cantidad": null,
          "descripcion": "robots.txt bloquea /wp-content/, impidiendo crawl de CSS, JS, imágenes",
          "codigo_actual": "User-agent: *\nDisallow: /wp-admin/\nDisallow: /wp-content/\nDisallow: /?s=\nDisallow: /*?*",
          "problemas": [
            "Disallow: /wp-content/ → bloquea CSS/JS, Google no puede renderizar",
            "No especifica Sitemap location",
            "Bloquea todos URLs con parámetros (/*?*)"
          ],
          "impacto": "Google no puede renderizar correctamente páginas, Mobile-First Index penalizado",
          "recomendacion": "Permitir: /wp-content/uploads/, especificar Sitemap, permitir parámetros útiles"
        },
        {
          "tipo": "importante",
          "titulo": "Sitemap.xml con URLs problemáticas",
          "cantidad": 80,
          "descripcion": "Sitemap incluye 23 URLs 404, 45 redirects, 12 con noindex",
          "ejemplos": [
            "https://ibizavilla.com/villa-antigua/ → 404 (aún en sitemap)",
            "https://ibizavilla.com/old-page/ → 301 redirect (no debería estar)",
            "https://ibizavilla.com/test-page/ → noindex (no debería estar)"
          ],
          "impacto": "Señales confusas a Google, crawl budget desperdiciado, errores en Search Console",
          "recomendacion": "Limpiar sitemap: solo URLs 200, indexables, canónicas. Automatizar validación"
        },
        {
          "tipo": "menor",
          "titulo": "67 páginas con noindex incorrectas",
          "cantidad": 67,
          "descripcion": "Páginas importantes marcadas noindex que deberían indexarse",
          "ejemplos": [
            "/servicios/concierge/ - noindex (debería indexarse)",
            "/zonas/san-jose/ - noindex (landing importante)",
            "/villas/villa-premium-nueva/ - noindex (nueva propiedad)"
          ],
          "impacto": "Contenido de valor oculto de Google, tráfico orgánico perdido",
          "recomendacion": "Auditar tags noindex, eliminar de páginas valiosas, mantener solo en: carrito, checkout, admin"
        }
      ],
      "recomendaciones_prioritarias": [
        "Corregir robots.txt: permitir /wp-content/uploads/, especificar Sitemap",
        "Limpiar sitemap: eliminar 23 URLs 404, 45 redirects, 12 noindex",
        "Auditar y corregir 67 noindex incorrectos",
        "Desbloquear 234 páginas útiles en robots.txt",
        "Monitorear indexación en GSC, reenviar sitemap tras limpieza"
      ],
      "impacto_estimado": "+28.5% páginas indexables, +245 URLs adicionales en índice, +15% tráfico orgánico potencial"
    }
  ]
}
