{
  "seccion": {
    "id": "seo-offpage",
    "numero": 4,
    "titulo": "Análisis SEO Off-Page",
    "descripcion": "Evaluación del perfil de enlaces externos, autoridad de dominio y estrategias de construcción de enlaces para mejorar la autoridad del sitio."
  },
  "paginas": [
    {
      "id": "pagina-114",
      "numero": 114,
      "titulo": "SEO Off-Page",
      "subtitulo": "Análisis de Perfil de Enlaces y Autoridad",
      "contenido": {
        "tipo": "introduccion_offpage",
        "datos": {
          "metricas_autoridad": {
            "domain_rating_ahrefs": 42,
            "url_rating_home": 38,
            "dominios_referidos": 234,
            "backlinks_totales": 3456,
            "trafico_referido_estimado": 145
          },
          "comparativa_competencia": [
            {
              "dominio": "ibizavilla.com",
              "dr": 42,
              "dominios_ref": 234,
              "backlinks": 3456
            },
            {
              "dominio": "competitor1.com",
              "dr": 58,
              "dominios_ref": 589,
              "backlinks": 8934
            },
            {
              "dominio": "competitor2.com",
              "dr": 51,
              "dominios_ref": 445,
              "backlinks": 6234
            }
          ],
          "resumen_estado": [
            "DR 42 - Por debajo de competencia principal (DR 51-58)",
            "234 dominios referidos vs 445-589 de competidores",
            "Perfil de enlaces mayormente orgánico (78% follow)",
            "23% de enlaces provienen de directorios de baja calidad",
            "Falta diversificación geográfica de enlaces"
          ]
        },
        "grafica": {
          "tipo": "bar",
          "titulo": "Domain Rating - Comparativa con Competencia",
          "etiquetas": ["IbizaVilla", "Competitor 1", "Competitor 2", "Promedio Sector"],
          "datasets": [
            {
              "label": "Domain Rating",
              "valores": [42, 58, 51, 54],
              "color": "#54a34a"
            }
          ]
        }
      }
    },
    {
      "id": "pagina-115",
      "numero": 115,
      "titulo": "Perfil de Enlaces",
      "subtitulo": "Análisis Detallado de Backlinks",
      "contenido": {
        "tipo": "perfil_enlaces",
        "datos": {
          "distribucion_enlaces": {
            "follow": 2698,
            "nofollow": 758,
            "porcentaje_follow": 78.1,
            "enlaces_texto": 2845,
            "enlaces_imagen": 611
          },
          "tipos_enlace": [
            {
              "tipo": "Editorial/Contenido",
              "cantidad": 892,
              "porcentaje": 25.8,
              "calidad": "Alta"
            },
            {
              "tipo": "Directorios",
              "cantidad": 789,
              "porcentaje": 22.8,
              "calidad": "Media-Baja"
            },
            {
              "tipo": "Blog comments",
              "cantidad": 634,
              "porcentaje": 18.3,
              "calidad": "Baja"
            },
            {
              "tipo": "Guest posts",
              "cantidad": 456,
              "porcentaje": 13.2,
              "calidad": "Alta"
            },
            {
              "tipo": "Social media",
              "cantidad": 398,
              "porcentaje": 11.5,
              "calidad": "Media"
            },
            {
              "tipo": "Otros",
              "cantidad": 287,
              "porcentaje": 8.3,
              "calidad": "Variable"
            }
          ],
          "top_anchor_texts": [
            {
              "anchor": "ibizavilla",
              "cantidad": 445,
              "tipo": "Marca"
            },
            {
              "anchor": "ibizavilla.com",
              "cantidad": 389,
              "tipo": "URL"
            },
            {
              "anchor": "villas ibiza",
              "cantidad": 234,
              "tipo": "Keyword"
            },
            {
              "anchor": "click here / ver más",
              "cantidad": 678,
              "tipo": "Genérico"
            },
            {
              "anchor": "alquiler villas ibiza",
              "cantidad": 156,
              "tipo": "Keyword"
            }
          ],
          "problemas_detectados": [
            "789 enlaces de directorios de baja calidad (22.8%)",
            "634 enlaces de blog comments spam (18.3%)",
            "678 anchors genéricos 'click here' (19.6%)",
            "Falta diversificación: 67% enlaces son marca/URL",
            "Solo 156 enlaces con keywords transaccionales (4.5%)"
          ],
          "oportunidades": [
            "Conseguir más enlaces editoriales de calidad",
            "Diversificar anchor text con keywords objetivo",
            "Desautorizar enlaces spam de directorios",
            "Aumentar guest posting en blogs del sector",
            "Link building en mercados internacionales (FR, DE)"
          ]
        },
        "grafica": {
          "tipo": "pie",
          "titulo": "Distribución de Enlaces por Tipo",
          "etiquetas": ["Editorial", "Directorios", "Comments", "Guest Posts", "Social", "Otros"],
          "valores": [25.8, 22.8, 18.3, 13.2, 11.5, 8.3],
          "colores": ["#54a34a", "#ed8936", "#e53e3e", "#6ab85e", "#3182ce", "#9f7aea"]
        }
      }
    },
    {
      "id": "pagina-120",
      "numero": 120,
      "titulo": "Perfil de Enlaces - Dominios SPAM",
      "subtitulo": "Identificación y Gestión de Enlaces Tóxicos",
      "contenido": {
        "tipo": "spam_analisis",
        "datos": {
          "resumen_toxicidad": {
            "enlaces_totales": 3456,
            "enlaces_toxicos": 487,
            "porcentaje_spam": 14.1,
            "dominios_spam": 89,
            "spam_score_promedio": 32
          },
          "categorias_spam": [
            {
              "categoria": "Directorios de baja calidad",
              "cantidad": 234,
              "ejemplo": "freesubmitdirectory.com"
            },
            {
              "categoria": "Blog comments spam",
              "cantidad": 156,
              "ejemplo": "randomcommentblog.net"
            },
            {
              "categoria": "Link farms",
              "cantidad": 67,
              "ejemplo": "1000links4you.com"
            },
            {
              "categoria": "Dominios penalizados",
              "cantidad": 30,
              "ejemplo": "blacklisteddomain.info"
            }
          ],
          "top_dominios_toxicos": [
            {
              "dominio": "spamdir123.com",
              "enlaces": 45,
              "spam_score": 87,
              "accion": "Desautorizar"
            },
            {
              "dominio": "linkfarm-network.net",
              "enlaces": 34,
              "spam_score": 92,
              "accion": "Desautorizar"
            },
            {
              "dominio": "randomcomments.org",
              "enlaces": 28,
              "spam_score": 76,
              "accion": "Desautorizar"
            }
          ],
          "plan_limpieza": {
            "fase_1": "Crear archivo disavow con 89 dominios spam",
            "fase_2": "Subir disavow file a Google Search Console",
            "fase_3": "Monitorear eliminación de enlaces en 30-60 días",
            "fase_4": "Revisar y actualizar disavow file mensualmente",
            "impacto_estimado": "Mejora de DR +3-5 puntos en 3-6 meses"
          },
          "archivo_disavow_preview": [
            "# IbizaVilla.com Disavow File - Generated Oct 2025",
            "# Spam directories",
            "domain:spamdir123.com",
            "domain:linkfarm-network.net",
            "domain:randomcomments.org",
            "# ... (86 dominios más)"
          ]
        }
      }
    },
    {
      "id": "pagina-125",
      "numero": 125,
      "titulo": "Anchor Text en Dominios Entrantes",
      "subtitulo": "Optimización de Textos de Ancla",
      "contenido": {
        "tipo": "anchor_text_analisis",
        "datos": {
          "distribucion_actual": {
            "marca": 834,
            "url": 789,
            "keywords": 445,
            "genericos": 912,
            "otros": 476
          },
          "distribucion_ideal": {
            "marca": "30-40%",
            "url": "20-30%",
            "keywords": "15-25%",
            "genericos": "10-15%",
            "otros": "5-10%"
          },
          "gap_analisis": [
            {
              "tipo": "Marca",
              "actual": 24.1,
              "ideal": "30-40",
              "estado": "Por debajo"
            },
            {
              "tipo": "URL",
              "actual": 22.8,
              "ideal": "20-30",
              "estado": "Óptimo"
            },
            {
              "tipo": "Keywords",
              "actual": 12.9,
              "ideal": "15-25",
              "estado": "Por debajo"
            },
            {
              "tipo": "Genéricos",
              "actual": 26.4,
              "ideal": "10-15",
              "estado": "Excesivo"
            }
          ],
          "keywords_objetivo_link_building": [
            "villas de lujo ibiza",
            "alquiler villas ibiza",
            "luxury villas ibiza",
            "location villa ibiza",
            "ibiza villa rental",
            "villas con piscina ibiza"
          ],
          "estrategia_anchor_text": [
            "Reducir anchors genéricos del 26% al 12% (eliminar spam)",
            "Aumentar anchors de keywords al 20% (guest posting)",
            "Mantener balance marca/URL en 50-60% total",
            "Diversificar long-tail keywords en contenido editorial",
            "Evitar sobre-optimización (max 3% por keyword exacta)"
          ]
        },
        "grafica": {
          "tipo": "grouped_bar",
          "titulo": "Distribución Anchor Text: Actual vs Ideal",
          "etiquetas": ["Marca", "URL", "Keywords", "Genéricos", "Otros"],
          "datasets": [
            {
              "label": "Distribución Actual (%)",
              "valores": [24.1, 22.8, 12.9, 26.4, 13.8],
              "color": "#ed8936"
            },
            {
              "label": "Distribución Ideal (promedio %)",
              "valores": [35, 25, 20, 12.5, 7.5],
              "color": "#54a34a"
            }
          ]
        }
      }
    }
  ]
}
