{
  "seccion": {
    "id": "demanda",
    "numero": 2,
    "titulo": "Análisis Demanda",
    "descripcion": "Investigación exhaustiva de palabras clave, análisis de la demanda del mercado y identificación de oportunidades de posicionamiento."
  },
  "paginas": [
    {
      "id": "pagina-020",
      "numero": 20,
      "titulo": "Keyword Research",
      "subtitulo": "Análisis de Demanda y Oportunidades por Mercado",
      "contenido": {
        "tipo": "keyword_research",
        "datos": {
          "resumen": {
            "keywords_totales": 49,
            "mercados_analizados": 4,
            "volumen_busqueda_mensual": 15800,
            "oportunidades_identificadas": 12
          },
          "mercados": [
            {
              "pais": "España",
              "keywords": 28,
              "clics": 35,
              "impresiones": 1247,
              "ctr": 2.81,
              "posicion_media": 7.2
            },
            {
              "pais": "Francia",
              "keywords": 12,
              "clics": 15,
              "impresiones": 658,
              "ctr": 2.28,
              "posicion_media": 8.9
            },
            {
              "pais": "Alemania",
              "keywords": 6,
              "clics": 5,
              "impresiones": 234,
              "ctr": 2.14,
              "posicion_media": 12.3
            },
            {
              "pais": "Reino Unido",
              "keywords": 3,
              "clics": 18,
              "impresiones": 442,
              "ctr": 4.07,
              "posicion_media": 8.2
            }
          ]
        },
        "grafica": {
          "tipo": "bar",
          "titulo": "Distribución de Keywords por Mercado",
          "etiquetas": ["España", "Francia", "Alemania", "Reino Unido"],
          "datasets": [
            {
              "label": "Keywords Activas",
              "valores": [28, 12, 6, 3],
              "color": "#54a34a"
            }
          ]
        }
      }
    },
    {
      "id": "pagina-021",
      "numero": 21,
      "titulo": "Keyword Research - Oportunidades España",
      "subtitulo": "Mercado Principal - Análisis Detallado",
      "contenido": {
        "tipo": "oportunidades_pais",
        "datos": {
          "pais": "España",
          "situacion_actual": {
            "keywords_activas": 28,
            "clics_totales": 35,
            "impresiones": 1247,
            "ctr_promedio": 2.81,
            "posicion_promedio": 7.2
          },
          "fortalezas": [
            "Excelente posicionamiento en términos de marca: 'ibizavillas' posición 2.0 (CTR 66.7%)",
            "Dominio en búsquedas locales: 'bibo park ibiza' posición 3.6",
            "'phare ibiza' posición 1.4 (CTR 40%), 'casa vella ibiza' posición 1.25"
          ],
          "oportunidades_criticas": [
            {
              "keyword": "alquiler villa ibiza",
              "posicion_actual": 18.0,
              "impresiones": 66,
              "potencial_clics": 15,
              "prioridad": "Alta"
            },
            {
              "keyword": "ibiza villas",
              "posicion_actual": 8.99,
              "impresiones": 144,
              "potencial_clics": 20,
              "prioridad": "Alta"
            },
            {
              "keyword": "villas ibiza",
              "posicion_actual": 8.65,
              "impresiones": 147,
              "potencial_clics": 18,
              "prioridad": "Alta"
            },
            {
              "keyword": "alquiler villas ibiza",
              "posicion_actual": 12.5,
              "impresiones": 23,
              "potencial_clics": 5,
              "prioridad": "Media"
            }
          ],
          "plan_accion": {
            "fase_1": [
              "Optimizar página principal para 'ibiza villas' y 'villas ibiza'",
              "Crear landing page específica para 'alquiler villa ibiza'",
              "Mejorar contenido en español con términos locales"
            ],
            "fase_2": [
              "Desarrollar contenido sobre ubicaciones específicas (Bibo Park, Can Puig)",
              "Implementar schema markup para propiedades de alquiler",
              "Optimizar para búsquedas móviles"
            ]
          }
        },
        "grafica": {
          "tipo": "bar_horizontal",
          "titulo": "Top Oportunidades España - Potencial de Clics",
          "etiquetas": ["alquiler villa ibiza", "ibiza villas", "villas ibiza", "alquiler villas ibiza"],
          "datasets": [
            {
              "label": "Potencial Clics/mes",
              "valores": [15, 20, 18, 5],
              "color": "#54a34a"
            }
          ]
        }
      }
    },
    {
      "id": "pagina-022",
      "numero": 22,
      "titulo": "Keyword Research - Oportunidades Francia",
      "subtitulo": "Mercado Secundario - Alto Potencial",
      "contenido": {
        "tipo": "oportunidades_pais",
        "datos": {
          "pais": "Francia",
          "situacion_actual": {
            "keywords_activas": 12,
            "clics_totales": 15,
            "impresiones": 658,
            "ctr_promedio": 2.28,
            "posicion_promedio": 8.9
          },
          "fortalezas": [
            "Excelente posicionamiento de marca: 'ibizavilla' posición 1.0 (CTR 100%)",
            "Términos gastronómicos bien posicionados: 'menu de sublimotion' posición 2.6",
            "'sublimotion ibiza prix' posición 4.4 (CTR 12.5%)"
          ],
          "oportunidades_criticas": [
            {
              "keyword": "location villa ibiza",
              "posicion_actual": 16.4,
              "impresiones": 105,
              "potencial_clics": 25,
              "prioridad": "Alta"
            },
            {
              "keyword": "villa ibiza",
              "posicion_actual": 11.2,
              "impresiones": 199,
              "potencial_clics": 30,
              "prioridad": "Alta"
            },
            {
              "keyword": "location villa ibiza 20 personnes",
              "posicion_actual": 34.7,
              "impresiones": 52,
              "potencial_clics": 10,
              "prioridad": "Media"
            }
          ],
          "plan_accion": {
            "fase_1": [
              "Crear página en francés para 'location villa ibiza'",
              "Optimizar contenido existente con términos franceses",
              "Desarrollar sección sobre villas para grupos grandes"
            ],
            "fase_2": [
              "Expandir contenido gastronómico (Sublimotion, restaurantes)",
              "Implementar hreflang para contenido francés",
              "Crear guías de Ibiza en francés"
            ]
          }
        },
        "grafica": {
          "tipo": "bar_horizontal",
          "titulo": "Top Oportunidades Francia - Potencial de Clics",
          "etiquetas": ["villa ibiza", "location villa ibiza", "location 20 personnes"],
          "datasets": [
            {
              "label": "Potencial Clics/mes",
              "valores": [30, 25, 10],
              "color": "#54a34a"
            }
          ]
        }
      }
    },
    {
      "id": "pagina-023",
      "numero": 23,
      "titulo": "Ranking Keywords Transaccionales",
      "subtitulo": "Análisis de Intención de Búsqueda y Conversión",
      "contenido": {
        "tipo": "keywords_transaccionales",
        "datos": {
          "definicion": "Keywords con alta intención de compra/reserva identificadas por términos como 'alquiler', 'location', 'rental', 'booking'",
          "total_keywords_transaccionales": 18,
          "conversion_rate_promedio": 3.2,
          "top_keywords": [
            {
              "keyword": "ibiza villa rental",
              "posicion": 11.1,
              "clics": 3,
              "impresiones": 199,
              "ctr": 1.51,
              "conversion_estimada": 4.5,
              "mercado": "Global"
            },
            {
              "keyword": "alquiler villa ibiza",
              "posicion": 18.0,
              "clics": 1,
              "impresiones": 66,
              "ctr": 1.52,
              "conversion_estimada": 5.0,
              "mercado": "España"
            },
            {
              "keyword": "location villa ibiza",
              "posicion": 16.4,
              "clics": 2,
              "impresiones": 105,
              "ctr": 1.90,
              "conversion_estimada": 4.8,
              "mercado": "Francia"
            },
            {
              "keyword": "villa rental ibiza",
              "posicion": 3.13,
              "clics": 2,
              "impresiones": 31,
              "ctr": 6.45,
              "conversion_estimada": 6.2,
              "mercado": "España"
            },
            {
              "keyword": "alquiler villas ibiza",
              "posicion": 12.5,
              "clics": 1,
              "impresiones": 23,
              "ctr": 4.35,
              "conversion_estimada": 5.5,
              "mercado": "España"
            }
          ],
          "recomendaciones": [
            "Priorizar optimización de keywords transaccionales (ROI más alto)",
            "Crear landing pages específicas para términos de alquiler por idioma",
            "Implementar sistema de reserva directo para reducir fricción",
            "Optimizar CTAs y proceso de conversión en páginas de alquiler",
            "Desarrollar contenido que responda a objeciones comunes"
          ]
        },
        "grafica": {
          "tipo": "grouped_bar",
          "titulo": "Keywords Transaccionales - Posición vs CTR",
          "etiquetas": ["rental (EN)", "alquiler (ES)", "location (FR)", "villa rental (ES)", "alquiler villas"],
          "datasets": [
            {
              "label": "Posición (invertida: 20-pos)",
              "valores": [8.9, 2, 3.6, 16.87, 7.5],
              "color": "#54a34a"
            },
            {
              "label": "CTR (%)",
              "valores": [1.51, 1.52, 1.90, 6.45, 4.35],
              "color": "#6ab85e"
            }
          ]
        }
      }
    },
    {
      "id": "pagina-024",
      "numero": 24,
      "titulo": "Conclusiones Keyword Research",
      "subtitulo": "Estrategia de Optimización y Prioridades",
      "contenido": {
        "tipo": "conclusiones",
        "datos": {
          "hallazgos_clave": [
            "49 keywords activas con rendimiento variable (posición media 11.2)",
            "España concentra el 47.9% del tráfico pero tiene keywords infraoptimizadas",
            "Francia muestra alto potencial con 'location villa ibiza' (105 impresiones, pos. 16.4)",
            "Keywords transaccionales tienen mejor conversión pero peor posicionamiento",
            "Gap significativo: 4,567 impresiones → solo 73 clics (CTR 1.6%)"
          ],
          "fortalezas": [
            "Excelente posicionamiento en términos de marca (#1 en 'ibizavilla')",
            "Dominio en búsquedas locales específicas (Bibo Park, Can Puig, Phare)",
            "Presencia establecida en 4 mercados clave",
            "Alto CTR en keywords de nicho (hasta 66.7%)"
          ],
          "debilidades": [
            "Posicionamiento débil en keywords genéricas de alto volumen",
            "CTR promedio bajo (1.6%) indica meta descriptions poco atractivas",
            "Falta de contenido optimizado por idioma/mercado",
            "Keywords transaccionales relegadas a posiciones 12-18"
          ],
          "oportunidades_quick_wins": [
            {
              "accion": "Optimizar 'ibiza villas' (pos. 8.99 → <5)",
              "impacto": "+20 clics/mes",
              "esfuerzo": "Bajo",
              "roi": "Alto"
            },
            {
              "accion": "Crear landing 'alquiler villa ibiza'",
              "impacto": "+15 clics/mes",
              "esfuerzo": "Medio",
              "roi": "Alto"
            },
            {
              "accion": "Página francesa 'location villa ibiza'",
              "impacto": "+25 clics/mes",
              "esfuerzo": "Medio",
              "roi": "Alto"
            },
            {
              "accion": "Mejorar meta descriptions (CTR)",
              "impacto": "+30 clics/mes",
              "esfuerzo": "Bajo",
              "roi": "Muy Alto"
            }
          ],
          "estrategia_12_meses": {
            "mes_1_3": [
              "Optimizar páginas principales para keywords de marca + genéricas",
              "Crear 3 landing pages transaccionales (ES, FR, EN)",
              "Reescribir todas las meta descriptions",
              "Implementar schema markup de productos"
            ],
            "mes_4_6": [
              "Desarrollar contenido por ubicación específica",
              "Implementar hreflang completo (4 idiomas)",
              "Crear sección blog con contenido SEO",
              "Optimizar arquitectura de información"
            ],
            "mes_7_12": [
              "Expansión a keywords long-tail por mercado",
              "Contenido multimedia (vídeos, tours virtuales)",
              "Link building estratégico",
              "Optimización continua basada en datos"
            ]
          },
          "kpis_seguimiento": [
            "Tráfico orgánico: objetivo +150% (de 814 a 2,035 sesiones/mes)",
            "Posición media: objetivo <8 (actualmente 11.2)",
            "CTR promedio: objetivo >3.5% (actualmente 1.6%)",
            "Conversión orgánica: objetivo >4% (actualmente ~2.9%)",
            "Keywords en Top 10: objetivo 25 (actualmente 8)"
          ]
        }
      }
    }
  ]
}
