{
  "titulo": "Informe Técnico SEO - Análisis Detallado",
  "subtitulo": "Documento técnico completo de auditoría",
  "cliente": "Ibiza Villa",
  "fecha": "Octubre 2025",
  "periodo_analisis": "Septiembre - Octubre 2025",
  "version": "1.0",
  "auditores": ["SEO Technical Specialist", "Content Analyst", "Link Building Expert"],
  "introduccion": {
    "objetivo": "Este informe técnico documenta en detalle los hallazgos, análisis y recomendaciones de la auditoría SEO completa realizada para Ibiza Villa. Está diseñado para equipos técnicos y de marketing que implementarán las optimizaciones.",
    "alcance": "Análisis completo de 8 áreas: SEO Técnico, Contenido, Keywords, Arquitectura, Enlaces, UX/Performance, Competencia, y Oportunidades",
    "metodologia": "Auditoría basada en mejores prácticas de Google, análisis de datos de 12 meses, herramientas profesionales (Ahrefs, GSC, GA4, Screaming Frog) y benchmarking competitivo"
  },
  "resumen_tecnico": {
    "titulo": "Resumen Técnico Ejecutivo",
    "estado_general": "Saludable con Oportunidades Significativas",
    "puntuacion_seo": {
      "total": 72,
      "sobre": 100,
      "desglose": [
        {"area": "SEO Técnico", "puntuacion": 85, "estado": "Bueno"},
        {"area": "Contenido", "puntuacion": 68, "estado": "Mejorable"},
        {"area": "Keywords", "puntuacion": 65, "estado": "Mejorable"},
        {"area": "Arquitectura", "puntuacion": 78, "estado": "Bueno"},
        {"area": "Enlaces", "puntuacion": 58, "estado": "Bajo"},
        {"area": "UX/Performance", "puntuacion": 82, "estado": "Bueno"},
        {"area": "Mobile", "puntuacion": 80, "estado": "Bueno"},
        {"area": "Core Web Vitals", "puntuacion": 88, "estado": "Excelente"}
      ]
    },
    "metricas_clave": {
      "trafico": {
        "visitas_mensuales": 8420,
        "paginas_vistas": 28340,
        "tasa_rebote": "42%",
        "duracion_sesion": "3:45 min",
        "paginas_sesion": 3.4
      },
      "keywords": {
        "total_posicionadas": 1247,
        "top_3": 45,
        "top_10": 168,
        "top_20": 287,
        "mejorando": 234,
        "empeorando": 89
      },
      "tecnicos": {
        "paginas_indexadas": 287,
        "errores_404": 12,
        "redirecciones_301": 34,
        "tiempo_carga_promedio": "2.1s",
        "mobile_friendly": "100%"
      }
    }
  },
  "analisis_seo_tecnico": {
    "titulo": "Análisis SEO Técnico",
    "crawlability": {
      "estado": "Bueno",
      "puntuacion": 88,
      "hallazgos": [
        {
          "aspecto": "Robots.txt",
          "estado": "Correcto",
          "detalles": "Configurado correctamente, no bloquea recursos importantes",
          "accion": "Ninguna requerida"
        },
        {
          "aspecto": "Sitemap XML",
          "estado": "Correcto",
          "detalles": "Sitemap presente y actualizado, 287 URLs incluidas",
          "accion": "Mantener actualizado automáticamente"
        },
        {
          "aspecto": "Estructura de URLs",
          "estado": "Bueno",
          "detalles": "URLs limpias y descriptivas, estructura lógica",
          "accion": "Optimizar 12 URLs con parámetros innecesarios"
        },
        {
          "aspecto": "Canonical Tags",
          "estado": "Mejorable",
          "detalles": "Implementados en 78% de páginas, faltan 63 páginas",
          "accion": "Implementar canonicals en páginas faltantes"
        },
        {
          "aspecto": "Profundidad de Páginas",
          "estado": "Bueno",
          "detalles": "95% de páginas a 3 clics o menos desde homepage",
          "accion": "Mejorar acceso a 14 páginas profundas"
        }
      ]
    },
    "indexacion": {
      "estado": "Saludable",
      "puntuacion": 92,
      "datos": {
        "paginas_en_sitio": 312,
        "paginas_indexadas": 287,
        "tasa_indexacion": "92%",
        "paginas_bloqueadas": 0,
        "paginas_no_indexadas": 25
      },
      "problemas": [
        {
          "problema": "25 páginas no indexadas",
          "tipo": "Menor",
          "causas": ["Contenido thin en 12 páginas", "Noindex en 8 páginas de test", "Soft 404 en 5 páginas"],
          "solucion": "Enriquecer contenido thin, remover noindex de test, corregir soft 404s"
        }
      ]
    },
    "rendimiento_tecnico": {
      "estado": "Bueno",
      "puntuacion": 85,
      "metricas": [
        {
          "metrica": "HTTPS",
          "estado": "Implementado",
          "detalles": "Certificado SSL válido, todo el sitio en HTTPS",
          "puntuacion": 100
        },
        {
          "metrica": "Compresión GZIP",
          "estado": "Activa",
          "detalles": "Compresión habilitada, reducción 78% tamaño",
          "puntuacion": 95
        },
        {
          "metrica": "Minificación CSS/JS",
          "estado": "Parcial",
          "detalles": "CSS minificado, JS sin minificar en 8 archivos",
          "puntuacion": 70
        },
        {
          "metrica": "Caché del Navegador",
          "estado": "Configurado",
          "detalles": "Cache-Control headers correctos, tiempo 30 días",
          "puntuacion": 90
        },
        {
          "metrica": "HTTP/2",
          "estado": "Activo",
          "detalles": "Protocolo HTTP/2 habilitado en servidor",
          "puntuacion": 100
        }
      ]
    },
    "errores_tecnicos": {
      "criticos": [],
      "importantes": [
        {
          "error": "12 páginas con errores 404",
          "impacto": "Medio",
          "afectadas": 12,
          "solucion": "Implementar redirecciones 301 a páginas relevantes"
        },
        {
          "error": "63 páginas sin canonical tag",
          "impacto": "Medio",
          "afectadas": 63,
          "solucion": "Añadir canonical tags en todas las páginas"
        }
      ],
      "menores": [
        {
          "error": "8 archivos JS sin minificar",
          "impacto": "Bajo",
          "afectadas": 8,
          "solucion": "Minificar archivos JavaScript"
        },
        {
          "error": "23 imágenes sin atributo ALT",
          "impacto": "Bajo",
          "afectadas": 23,
          "solucion": "Añadir textos ALT descriptivos"
        }
      ]
    }
  },
  "analisis_contenido": {
    "titulo": "Análisis de Contenido y On-Page SEO",
    "calidad_contenido": {
      "puntuacion": 75,
      "aspectos": [
        {
          "aspecto": "Originalidad",
          "puntuacion": 95,
          "comentario": "Contenido 100% original, sin duplicación externa detectada"
        },
        {
          "aspecto": "Profundidad",
          "puntuacion": 68,
          "comentario": "Contenido adecuado en fichas de villas, insuficiente en páginas informacionales"
        },
        {
          "aspecto": "Relevancia",
          "puntuacion": 82,
          "comentario": "Contenido alineado con intención de búsqueda, buena semántica"
        },
        {
          "aspecto": "Actualización",
          "puntuacion": 70,
          "comentario": "34% de páginas no actualizadas en últimos 6 meses"
        }
      ]
    },
    "optimizacion_onpage": {
      "puntuacion": 68,
      "elementos": [
        {
          "elemento": "Title Tags",
          "estado": "Mejorable",
          "puntuacion": 72,
          "hallazgos": [
            "287 páginas tienen title tag",
            "45 títulos duplicados (16%)",
            "78 títulos exceden 60 caracteres",
            "23 títulos demasiado cortos (<30 caracteres)"
          ],
          "recomendacion": "Optimizar 146 títulos: eliminar duplicados, ajustar longitud, incluir keywords objetivo"
        },
        {
          "elemento": "Meta Descriptions",
          "estado": "Mejorable",
          "puntuacion": 65,
          "hallazgos": [
            "234 páginas tienen meta description (82%)",
            "53 páginas sin meta description",
            "67 descriptions duplicadas",
            "89 descriptions exceden 155 caracteres"
          ],
          "recomendacion": "Crear 53 descriptions faltantes, optimizar 156 existentes"
        },
        {
          "elemento": "Estructura H1-H6",
          "estado": "Bueno",
          "puntuacion": 78,
          "hallazgos": [
            "Todas las páginas tienen H1 único",
            "Jerarquía lógica en 85% de páginas",
            "43 páginas saltan niveles (H1 → H3)",
            "Keywords en H1 en 68% de páginas"
          ],
          "recomendacion": "Corregir jerarquía en 43 páginas, optimizar H1 con keywords en 92 páginas"
        },
        {
          "elemento": "Contenido Textual",
          "estado": "Mejorable",
          "puntuacion": 62,
          "hallazgos": [
            "Longitud promedio: 580 palabras",
            "67 páginas con <300 palabras (thin content)",
            "Keywords objetivo presentes en 58% de páginas",
            "Densidad de keywords adecuada (1-2%)"
          ],
          "recomendacion": "Expandir 67 páginas thin content, optimizar keyword targeting en 121 páginas"
        },
        {
          "elemento": "Imágenes y Multimedia",
          "estado": "Bueno",
          "puntuacion": 76,
          "hallazgos": [
            "1,247 imágenes totales",
            "92% de imágenes optimizadas (WebP/compresión)",
            "23 imágenes sin ALT text",
            "34 imágenes excesivamente grandes (>500KB)"
          ],
          "recomendacion": "Añadir ALT a 23 imágenes, comprimir 34 imágenes pesadas"
        }
      ]
    },
    "contenido_por_tipo": {
      "homepage": {
        "estado": "Bueno",
        "palabras": 1250,
        "keywords_objetivo": ["ibiza villa", "alquiler villas ibiza", "villas lujo"],
        "puntos_fuertes": ["Contenido claro", "CTAs efectivos", "Buena estructura"],
        "oportunidades": ["Expandir a 1500+ palabras", "Añadir sección FAQ", "Mejorar internal linking"]
      },
      "categorias": {
        "total": 6,
        "promedio_palabras": 680,
        "estado": "Mejorable",
        "puntos_fuertes": ["Contenido descriptivo", "Buena segmentación"],
        "oportunidades": ["Expandir a 1200+ palabras", "Añadir comparativas", "Optimizar H2/H3"]
      },
      "fichas_villas": {
        "total": 45,
        "promedio_palabras": 420,
        "estado": "Adecuado",
        "puntos_fuertes": ["Descripciones detalladas", "Excelentes imágenes", "Especificaciones completas"],
        "oportunidades": ["Añadir sección de área/zona", "Optimizar para long tail", "Implementar schema markup"]
      },
      "blog": {
        "total": 24,
        "promedio_palabras": 890,
        "estado": "Insuficiente",
        "puntos_fuertes": ["Contenido de calidad", "Buena redacción"],
        "oportunidades": ["Crear 30+ artículos nuevos", "Expandir artículos existentes a 1500+ palabras", "Añadir multimedia"]
      }
    }
  },
  "analisis_enlaces": {
    "titulo": "Análisis de Perfil de Enlaces",
    "enlaces_internos": {
      "puntuacion": 72,
      "total_enlaces": 4523,
      "promedio_por_pagina": 15.8,
      "hallazgos": [
        {
          "aspecto": "Distribución",
          "estado": "Mejorable",
          "detalles": "Homepage concentra 45% de enlaces internos, distribución desigual",
          "accion": "Implementar estrategia de internal linking más equilibrada"
        },
        {
          "aspecto": "Anchor Text",
          "estado": "Bueno",
          "detalles": "78% de anchors descriptivos, 22% genéricos ('ver más', 'click aquí')",
          "accion": "Optimizar 996 anchors genéricos con keywords relevantes"
        },
        {
          "aspecto": "Enlaces Rotos",
          "estado": "Bueno",
          "detalles": "34 enlaces internos rotos detectados (0.75%)",
          "accion": "Corregir 34 enlaces rotos"
        },
        {
          "aspecto": "Profundidad",
          "estado": "Bueno",
          "detalles": "95% de páginas accesibles en 3 clics o menos",
          "accion": "Mejorar acceso a 14 páginas más profundas"
        }
      ],
      "oportunidades": [
        "Crear enlaces contextuales desde blog hacia landing pages transaccionales",
        "Implementar enlaces relacionados automáticos entre villas de misma zona",
        "Añadir breadcrumbs en todas las páginas",
        "Sección 'También te puede interesar' en fichas de villas"
      ]
    },
    "enlaces_externos": {
      "puntuacion": 58,
      "backlinks_totales": 1847,
      "dominios_referentes": 342,
      "domain_authority": 54,
      "hallazgos": [
        {
          "metrica": "Calidad de Enlaces",
          "valor": "Moderada",
          "detalles": "68% de dominios referentes con DA 20-50, solo 15% con DA >50",
          "evaluacion": "Mejorable"
        },
        {
          "metrica": "Diversidad",
          "valor": "Buena",
          "detalles": "Enlaces desde múltiples sectores: turismo, lifestyle, medios locales",
          "evaluacion": "Positivo"
        },
        {
          "metrica": "Anchor Text Externo",
          "valor": "Natural",
          "detalles": "78% branded, 15% URL desnuda, 7% keywords (ratio saludable)",
          "evaluacion": "Óptimo"
        },
        {
          "metrica": "Toxicidad",
          "valor": "Baja",
          "detalles": "3% de enlaces potencialmente tóxicos (56 enlaces)",
          "evaluacion": "Aceptable, monitorear"
        }
      ],
      "comparativa_competencia": {
        "nuestro_sitio": {
          "backlinks": 1847,
          "dominios_referentes": 342,
          "da": 54
        },
        "lider_mercado": {
          "backlinks": 4521,
          "dominios_referentes": 876,
          "da": 68
        },
        "gap": {
          "backlinks": "-59%",
          "dominios": "-61%",
          "da": "-14 puntos"
        }
      },
      "oportunidades_linkbuilding": [
        {
          "estrategia": "Guest Posting en Blogs de Viajes",
          "potencial": "Alto",
          "dificultad": "Media",
          "enlaces_objetivo": 15,
          "timeline": "3-6 meses"
        },
        {
          "estrategia": "Colaboraciones con Influencers Travel",
          "potencial": "Alto",
          "dificultad": "Media",
          "enlaces_objetivo": 10,
          "timeline": "2-4 meses"
        },
        {
          "estrategia": "Listados en Directorios Premium",
          "potencial": "Medio",
          "dificultad": "Baja",
          "enlaces_objetivo": 8,
          "timeline": "1-2 meses"
        },
        {
          "estrategia": "Relaciones Públicas Digitales",
          "potencial": "Muy Alto",
          "dificultad": "Alta",
          "enlaces_objetivo": 12,
          "timeline": "6-12 meses"
        },
        {
          "estrategia": "Recuperación de Enlaces Rotos",
          "potencial": "Medio",
          "dificultad": "Baja",
          "enlaces_objetivo": 5,
          "timeline": "1 mes"
        }
      ]
    }
  },
  "analisis_ux_performance": {
    "titulo": "Análisis UX y Performance",
    "core_web_vitals": {
      "estado": "Aprobado",
      "puntuacion": 88,
      "metricas": [
        {
          "metrica": "LCP (Largest Contentful Paint)",
          "valor_mobile": "2.1s",
          "valor_desktop": "1.4s",
          "umbral_bueno": "<2.5s",
          "estado": "Bueno",
          "percentil_urls": "85%"
        },
        {
          "metrica": "FID (First Input Delay)",
          "valor_mobile": "45ms",
          "valor_desktop": "12ms",
          "umbral_bueno": "<100ms",
          "estado": "Excelente",
          "percentil_urls": "98%"
        },
        {
          "metrica": "CLS (Cumulative Layout Shift)",
          "valor_mobile": "0.08",
          "valor_desktop": "0.03",
          "umbral_bueno": "<0.1",
          "estado": "Bueno",
          "percentil_urls": "92%"
        }
      ],
      "urls_problematicas": [
        {"url": "/villas/villa-sunset-views", "lcp": "3.2s", "problema": "Imagen hero sin lazy loading"},
        {"url": "/blog/guia-ibiza", "cls": "0.15", "problema": "Anuncios sin dimensiones fijas"},
        {"url": "/categoria/villas-playa", "lcp": "2.8s", "problema": "Galería de imágenes pesada"}
      ]
    },
    "velocidad_carga": {
      "puntuacion_mobile": 82,
      "puntuacion_desktop": 91,
      "tiempo_promedio": "2.1s",
      "distribucion": {
        "rapidas_menos_2s": "78%",
        "moderadas_2_4s": "18%",
        "lentas_mas_4s": "4%"
      },
      "optimizaciones": [
        {
          "area": "Imágenes",
          "impacto": "Alto",
          "estado_actual": "Bueno (92% optimizadas)",
          "mejora_potencial": "Comprimir 34 imágenes pesadas, lazy loading en 12 páginas"
        },
        {
          "area": "JavaScript",
          "impacto": "Medio",
          "estado_actual": "Mejorable",
          "mejora_potencial": "Minificar 8 archivos, eliminar JS no utilizado (23KB)"
        },
        {
          "area": "CSS",
          "impacto": "Bajo",
          "estado_actual": "Bueno",
          "mejora_potencial": "Eliminar CSS no utilizado (12KB), inline critical CSS"
        },
        {
          "area": "Fuentes",
          "impacto": "Bajo",
          "estado_actual": "Bueno",
          "mejora_potencial": "Preload de fuentes críticas, subsetting"
        }
      ]
    },
    "mobile_experience": {
      "puntuacion": 85,
      "mobile_friendly": "100%",
      "aspectos": [
        {
          "aspecto": "Diseño Responsive",
          "estado": "Excelente",
          "detalles": "Adaptación perfecta a todos los tamaños de pantalla"
        },
        {
          "aspecto": "Tamaño de Toque",
          "estado": "Bueno",
          "detalles": "95% de elementos interactivos con tamaño adecuado, 12 botones pequeños"
        },
        {
          "aspecto": "Legibilidad",
          "estado": "Excelente",
          "detalles": "Tamaño de fuente adecuado, contraste correcto"
        },
        {
          "aspecto": "Popup Intrusivos",
          "estado": "Correcto",
          "detalles": "Sin popups que bloqueen contenido en mobile"
        }
      ]
    }
  },
  "recomendaciones_tecnicas": {
    "titulo": "Recomendaciones Técnicas Priorizadas",
    "prioridad_critica": [
      {
        "tarea": "Implementar canonical tags en 63 páginas",
        "impacto": "Alto",
        "esfuerzo": "Bajo",
        "tiempo_estimado": "2-3 horas"
      },
      {
        "tarea": "Corregir 12 errores 404 con redirecciones 301",
        "impacto": "Medio",
        "esfuerzo": "Bajo",
        "tiempo_estimado": "1 hora"
      },
      {
        "tarea": "Optimizar 146 title tags (duplicados y longitud)",
        "impacto": "Alto",
        "esfuerzo": "Medio",
        "tiempo_estimado": "6-8 horas"
      }
    ],
    "prioridad_alta": [
      {
        "tarea": "Expandir 67 páginas con thin content (<300 palabras)",
        "impacto": "Alto",
        "esfuerzo": "Alto",
        "tiempo_estimado": "20-30 horas"
      },
      {
        "tarea": "Crear 53 meta descriptions faltantes",
        "impacto": "Medio",
        "esfuerzo": "Medio",
        "tiempo_estimado": "4-5 horas"
      },
      {
        "tarea": "Implementar estrategia de internal linking",
        "impacto": "Alto",
        "esfuerzo": "Medio",
        "tiempo_estimado": "8-10 horas"
      },
      {
        "tarea": "Añadir ALT text a 23 imágenes",
        "impacto": "Bajo",
        "esfuerzo": "Bajo",
        "tiempo_estimado": "1 hora"
      }
    ],
    "prioridad_media": [
      {
        "tarea": "Minificar 8 archivos JavaScript",
        "impacto": "Bajo",
        "esfuerzo": "Bajo",
        "tiempo_estimado": "2 horas"
      },
      {
        "tarea": "Comprimir 34 imágenes pesadas",
        "impacto": "Medio",
        "esfuerzo": "Bajo",
        "tiempo_estimado": "2-3 horas"
      },
      {
        "tarea": "Optimizar 996 anchor texts genéricos",
        "impacto": "Medio",
        "esfuerzo": "Alto",
        "tiempo_estimado": "12-15 horas"
      }
    ]
  },
  "conclusiones_tecnicas": {
    "fortalezas": [
      "Infraestructura técnica sólida: HTTPS, HTTP/2, compresión GZIP",
      "Core Web Vitals aprobados en 85%+ de URLs",
      "Sitio 100% mobile-friendly y responsive",
      "Sin errores críticos de indexación o crawlability",
      "Contenido 100% original sin duplicación externa"
    ],
    "areas_mejora": [
      "Optimización on-page incompleta: 146 títulos y 156 descriptions a optimizar",
      "Contenido thin en 67 páginas requiere expansión",
      "Perfil de enlaces limitado: gap de -59% en backlinks vs líder",
      "Internal linking strategy mejorable: distribución desigual de autoridad",
      "8 archivos JS sin minificar afectan performance levemente"
    ],
    "impacto_estimado": "Implementar las recomendaciones técnicas prioritarias puede resultar en mejora de 15-25 posiciones promedio en keywords objetivo y +25% en tráfico orgánico en 3-4 meses"
  }
}
