{
  "titulo": "Plan de Acción SEO - Roadmap Estratégico",
  "resumen_ejecutivo": {
    "duracion_total": "12 meses",
    "fases": 4,
    "esfuerzo_estimado": "1,200-1,600 horas",
    "mejora_esperada": "+450%",
    "incremento_trafico": "+285%",
    "objetivo_principal": "Posicionar la marca como líder del mercado de alquiler vacacional de lujo en Ibiza mediante una estrategia SEO integral"
  },
  "resumen_impacto": {
    "metricas_objetivo": [
      {
        "metrica": "Tráfico Orgánico Mensual",
        "actual": "4,200 visitas/mes",
        "objetivo": "12,000+ visitas/mes",
        "incremento": "+185%"
      },
      {
        "metrica": "Keywords en TOP 10",
        "actual": "23 keywords",
        "objetivo": "85+ keywords",
        "incremento": "+270%"
      },
      {
        "metrica": "Visibilidad Orgánica",
        "actual": "12%",
        "objetivo": "45%",
        "incremento": "+275%"
      },
      {
        "metrica": "Conversiones Orgánicas",
        "actual": "~42/mes",
        "objetivo": "~156/mes",
        "incremento": "+271%"
      },
      {
        "metrica": "Domain Rating (Ahrefs)",
        "actual": "DR 28",
        "objetivo": "DR 45+",
        "incremento": "+61%"
      },
      {
        "metrica": "Páginas Indexadas",
        "actual": "187 páginas",
        "objetivo": "350+ páginas",
        "incremento": "+87%"
      }
    ]
  },
  "fase_1_quick_wins": {
    "titulo": "Fase 1: Quick Wins y Fundamentos",
    "duracion": "Meses 1-3",
    "prioridad": "Crítica",
    "objetivo": "Resolver problemas técnicos críticos y obtener mejoras rápidas en posicionamiento",
    "esfuerzo": "400-500 horas",
    "impacto_esperado": "+40-60% tráfico en 3 meses",
    "tareas": [
      {
        "id": "QW-01",
        "tarea": "Corrección de Errores Técnicos Críticos",
        "descripcion": "Resolver 12 páginas 404, implementar redirecciones 301, corregir canonicals duplicados",
        "prioridad": "Crítica",
        "esfuerzo": "40 horas",
        "responsable": "Desarrollador técnico SEO",
        "entregables": [
          "Mapa de redirecciones 301 implementadas",
          "Audit de canonicals corregido",
          "Informe de URLs 404 resueltas"
        ],
        "kpis": [
          "0 errores 404 en páginas principales",
          "100% canonicals correctos",
          "Reducción 80% errores en GSC"
        ],
        "semanas": "Semanas 1-2"
      },
      {
        "id": "QW-02",
        "tarea": "Optimización de Title Tags y Meta Descriptions",
        "descripcion": "Reescribir 146 title tags y 203 meta descriptions con keywords estratégicas",
        "prioridad": "Alta",
        "esfuerzo": "60 horas",
        "responsable": "SEO Copywriter",
        "entregables": [
          "Documento con 146 titles optimizados",
          "Documento con 203 meta descriptions",
          "Implementación en CMS"
        ],
        "kpis": [
          "100% páginas con titles únicos",
          "CTR orgánico +25% en 2 meses",
          "0 titles duplicados"
        ],
        "semanas": "Semanas 2-4"
      },
      {
        "id": "QW-03",
        "tarea": "Optimización de Imágenes y Lazy Loading",
        "descripcion": "Comprimir 1,200+ imágenes, implementar lazy loading, añadir alt tags descriptivos",
        "prioridad": "Alta",
        "esfuerzo": "32 horas",
        "responsable": "Desarrollador frontend",
        "entregables": [
          "Script de compresión automática",
          "Lazy loading implementado",
          "Documento con alt tags optimizados"
        ],
        "kpis": [
          "Reducción 60% peso imágenes",
          "LCP < 2.5s en 90% páginas",
          "100% imágenes con alt tags"
        ],
        "semanas": "Semanas 3-5"
      },
      {
        "id": "QW-04",
        "tarea": "Implementación de Schema Markup Estructurado",
        "descripcion": "Añadir schema de Vacation Rental, Review, FAQPage, BreadcrumbList en todas las propiedades",
        "prioridad": "Alta",
        "esfuerzo": "28 horas",
        "responsable": "Desarrollador técnico SEO",
        "entregables": [
          "Templates de schema implementados",
          "Validación en Google Rich Results Test",
          "Documentación de schemas utilizados"
        ],
        "kpis": [
          "100% propiedades con schema completo",
          "0 errores en validación de schemas",
          "Aparición en rich snippets en 30 días"
        ],
        "semanas": "Semanas 4-6"
      },
      {
        "id": "QW-05",
        "tarea": "Optimización de Velocidad de Carga",
        "descripcion": "Implementar CDN, minificación CSS/JS, optimizar TTFB, reducir requests HTTP",
        "prioridad": "Alta",
        "esfuerzo": "36 horas",
        "responsable": "Desarrollador backend",
        "entregables": [
          "CDN configurado (Cloudflare/similar)",
          "CSS/JS minificados y combinados",
          "Caché del servidor optimizado"
        ],
        "kpis": [
          "PageSpeed Score > 85",
          "TTFB < 600ms",
          "FCP < 1.8s en 75% páginas"
        ],
        "semanas": "Semanas 5-8"
      },
      {
        "id": "QW-06",
        "tarea": "Auditoría y Mejora de Enlazado Interno",
        "descripcion": "Crear estrategia de enlazado interno, añadir 200+ enlaces estratégicos, corregir enlaces rotos",
        "prioridad": "Media-Alta",
        "esfuerzo": "24 horas",
        "responsable": "SEO Specialist",
        "entregables": [
          "Mapa de enlazado interno",
          "200+ enlaces implementados",
          "Informe de enlaces rotos corregidos"
        ],
        "kpis": [
          "Profundidad media < 3 clics",
          "0 enlaces internos rotos",
          "Distribución equitativa de PageRank"
        ],
        "semanas": "Semanas 6-9"
      },
      {
        "id": "QW-07",
        "tarea": "Creación de Contenido para Long-Tail Keywords",
        "descripcion": "Escribir 12 artículos de blog (2,000+ palabras) targeting long-tail de alta conversión",
        "prioridad": "Media",
        "esfuerzo": "80 horas",
        "responsable": "Content Writer especializado en turismo",
        "entregables": [
          "12 artículos SEO-optimizados publicados",
          "Calendario editorial Q1",
          "Guía de estilo de contenido"
        ],
        "kpis": [
          "12 artículos publicados",
          "Posicionamiento TOP 20 en 60 días",
          "Tiempo en página > 3 minutos"
        ],
        "semanas": "Semanas 1-12 (continuo)"
      },
      {
        "id": "QW-08",
        "tarea": "Optimización para Mobile-First",
        "descripcion": "Revisar y optimizar experiencia móvil, corregir elementos tap too small, mejorar navegación touch",
        "prioridad": "Alta",
        "esfuerzo": "32 horas",
        "responsable": "UX/UI Designer + Frontend Dev",
        "entregables": [
          "Diseño responsive optimizado",
          "Navegación móvil mejorada",
          "Botones y elementos táctiles corregidos"
        ],
        "kpis": [
          "Mobile Usability score 100/100",
          "0 errores en Mobile-Friendly Test",
          "Bounce rate móvil < 55%"
        ],
        "semanas": "Semanas 7-10"
      }
    ],
    "resumen_fase": {
      "total_tareas": 8,
      "horas_totales": "332 horas",
      "recursos_necesarios": [
        "1 Desarrollador técnico SEO (Senior)",
        "1 SEO Copywriter",
        "1 Desarrollador Frontend",
        "1 Desarrollador Backend",
        "1 Content Writer",
        "1 UX/UI Designer"
      ],
      "hitos_clave": [
        "Fin Mes 1: Errores técnicos críticos resueltos",
        "Fin Mes 2: Optimización on-page completa",
        "Fin Mes 3: Primeros 12 artículos publicados, mejoras de velocidad implementadas"
      ]
    }
  },
  "fase_2_contenido_estrategico": {
    "titulo": "Fase 2: Estrategia de Contenido y Expansión",
    "duracion": "Meses 4-6",
    "prioridad": "Alta",
    "objetivo": "Expandir presencia orgánica mediante contenido de calidad y optimización de arquitectura",
    "esfuerzo": "450-600 horas",
    "impacto_esperado": "+80-120% tráfico acumulado",
    "tareas": [
      {
        "id": "CE-01",
        "tarea": "Creación de Hub de Contenido: 'Guía Completa Ibiza'",
        "descripcion": "Desarrollar hub con 1 pilar page (5,000+ palabras) y 15 cluster pages (1,500+ palabras c/u)",
        "prioridad": "Crítica",
        "esfuerzo": "120 horas",
        "responsable": "Content Strategist + Writers",
        "entregables": [
          "1 Pilar Page: 'Guía Definitiva para Alquilar Villa en Ibiza'",
          "15 Cluster Pages sobre zonas, temporadas, tipos de villas",
          "Estructura de enlazado interno hub/spoke"
        ],
        "kpis": [
          "Hub completo publicado",
          "Posicionamiento TOP 10 pilar en 90 días",
          "50+ enlaces internos desde/hacia hub"
        ],
        "semanas": "Semanas 13-20"
      },
      {
        "id": "CE-02",
        "tarea": "Optimización de Páginas de Destino Locales",
        "descripcion": "Crear/optimizar 25 landing pages para áreas geográficas específicas (playas, pueblos, zonas)",
        "prioridad": "Alta",
        "esfuerzo": "80 horas",
        "responsable": "SEO Copywriter + Local SEO specialist",
        "entregables": [
          "25 páginas de destino optimizadas",
          "Contenido único por ubicación (800+ palabras)",
          "Schema LocalBusiness implementado"
        ],
        "kpis": [
          "25 páginas publicadas",
          "TOP 5 en búsquedas geo-específicas",
          "CTR > 8% desde SERP local"
        ],
        "semanas": "Semanas 14-22"
      },
      {
        "id": "CE-03",
        "tarea": "Reestructuración de Arquitectura del Sitio",
        "descripcion": "Reorganizar categorías, crear silos temáticos, optimizar URLs y breadcrumbs",
        "prioridad": "Alta",
        "esfuerzo": "48 horas",
        "responsable": "Information Architect + SEO Técnico",
        "entregables": [
          "Nueva arquitectura de información",
          "Mapa de redirecciones para URLs cambiadas",
          "Breadcrumbs optimizados con schema"
        ],
        "kpis": [
          "Arquitectura implementada sin pérdida de rankings",
          "Profundidad media < 2.5 clics",
          "Mejora 30% en crawl efficiency"
        ],
        "semanas": "Semanas 15-18"
      },
      {
        "id": "CE-04",
        "tarea": "Programa de Actualización de Contenido Existente",
        "descripcion": "Auditar y actualizar 50 páginas existentes con bajo rendimiento",
        "prioridad": "Media-Alta",
        "esfuerzo": "60 horas",
        "responsable": "Content Editor + SEO Analyst",
        "entregables": [
          "Audit de 50 páginas prioritarias",
          "50 páginas actualizadas y expandidas",
          "Informe de mejoras implementadas"
        ],
        "kpis": [
          "50 páginas actualizadas",
          "Mejora 40% tiempo en página",
          "Recuperación posiciones perdidas"
        ],
        "semanas": "Semanas 16-22"
      },
      {
        "id": "CE-05",
        "tarea": "Creación de Recursos Descargables (Lead Magnets)",
        "descripcion": "Diseñar 5 recursos premium: guías PDF, checklists, mapas interactivos",
        "prioridad": "Media",
        "esfuerzo": "56 horas",
        "responsable": "Designer + Content Creator",
        "entregables": [
          "5 recursos descargables de alta calidad",
          "Landing pages para cada recurso",
          "Sistema de email capture implementado"
        ],
        "kpis": [
          "5 recursos publicados",
          "500+ descargas en 3 meses",
          "Tasa conversión > 12%"
        ],
        "semanas": "Semanas 17-24"
      },
      {
        "id": "CE-06",
        "tarea": "Implementación de Blog SEO con Calendario Editorial",
        "descripcion": "Publicar 24 artículos (2/semana) targeting keywords de media cola",
        "prioridad": "Media-Alta",
        "esfuerzo": "160 horas",
        "responsable": "Content Team (2-3 writers)",
        "entregables": [
          "24 artículos SEO-optimizados (1,800+ palabras)",
          "Calendario editorial completo Q2-Q3",
          "Plantilla de optimización on-page"
        ],
        "kpis": [
          "24 artículos publicados",
          "50% artículos en TOP 20 en 60 días",
          "15,000+ palabras indexadas/mes"
        ],
        "semanas": "Semanas 13-24 (continuo)"
      },
      {
        "id": "CE-07",
        "tarea": "Optimización de FAQs y People Also Ask",
        "descripcion": "Crear secciones FAQ optimizadas en 30 páginas clave, targeting featured snippets",
        "prioridad": "Media",
        "esfuerzo": "32 horas",
        "responsable": "SEO Copywriter",
        "entregables": [
          "30 secciones FAQ implementadas",
          "Schema FAQPage en todas las FAQs",
          "Respuestas optimizadas para snippets"
        ],
        "kpis": [
          "30 FAQs publicadas",
          "10+ featured snippets capturados",
          "CTR +20% en páginas con FAQ"
        ],
        "semanas": "Semanas 18-21"
      },
      {
        "id": "CE-08",
        "tarea": "Mejora de Conversión On-Site (CRO)",
        "descripcion": "Optimizar CTAs, formularios, chat, elementos de confianza (reviews, trust badges)",
        "prioridad": "Alta",
        "esfuerzo": "40 horas",
        "responsable": "CRO Specialist + UX Designer",
        "entregables": [
          "CTAs optimizados en 20 páginas",
          "Formularios simplificados",
          "Sistema de reviews visible implementado"
        ],
        "kpis": [
          "Conversion rate +30%",
          "Form completion rate +40%",
          "Click-through en CTAs +25%"
        ],
        "semanas": "Semanas 20-24"
      }
    ],
    "resumen_fase": {
      "total_tareas": 8,
      "horas_totales": "596 horas",
      "recursos_necesarios": [
        "1 Content Strategist",
        "2-3 Content Writers",
        "1 SEO Copywriter",
        "1 Local SEO Specialist",
        "1 Information Architect",
        "1 UX/UI Designer",
        "1 CRO Specialist"
      ],
      "hitos_clave": [
        "Fin Mes 4: Hub de contenido estructurado y en producción",
        "Fin Mes 5: 25 landing pages locales optimizadas",
        "Fin Mes 6: Arquitectura reestructurada, 24 artículos adicionales publicados"
      ]
    }
  },
  "fase_3_autoridad_enlaces": {
    "titulo": "Fase 3: Construcción de Autoridad y Link Building",
    "duracion": "Meses 7-9",
    "prioridad": "Alta",
    "objetivo": "Aumentar la autoridad del dominio mediante estrategia de link building ética y relaciones públicas digitales",
    "esfuerzo": "350-500 horas",
    "impacto_esperado": "DR 28 → DR 45+, mejora posicionamiento keywords competitivas",
    "tareas": [
      {
        "id": "LB-01",
        "tarea": "Campaña de Digital PR y Outreach",
        "descripcion": "Conseguir menciones y enlaces en medios turísticos, blogs de viaje, guías de Ibiza",
        "prioridad": "Crítica",
        "esfuerzo": "80 horas",
        "responsable": "Digital PR Specialist",
        "entregables": [
          "Lista de 100 objetivos de outreach",
          "Templates de pitching personalizados",
          "30+ menciones/enlaces conseguidos"
        ],
        "kpis": [
          "30+ backlinks DR 40+",
          "10+ menciones en medios de autoridad",
          "Aumento DR +8 puntos"
        ],
        "semanas": "Semanas 25-36 (continuo)"
      },
      {
        "id": "LB-02",
        "tarea": "Creación de Contenido 'Linkable Assets'",
        "descripcion": "Crear 5 piezas de contenido premium diseñadas para atraer enlaces naturales",
        "prioridad": "Alta",
        "esfuerzo": "100 horas",
        "responsable": "Content Creator + Designer",
        "entregables": [
          "Estudio original: 'Estado del Mercado Alquiler Lujo Ibiza 2025'",
          "Infografía interactiva: 'Mapa Completo Playas Ibiza'",
          "Guía visual: 'Arquitectura Tradicional Ibicenca'",
          "Calculadora interactiva de costes",
          "Video documental: 'Un Año en Ibiza'"
        ],
        "kpis": [
          "5 assets publicados",
          "50+ backlinks naturales en 6 meses",
          "1,000+ shares en redes sociales"
        ],
        "semanas": "Semanas 25-32"
      },
      {
        "id": "LB-03",
        "tarea": "Guest Posting Estratégico",
        "descripcion": "Publicar 15 guest posts en blogs relevantes DR 30+ del sector turismo/viajes",
        "prioridad": "Media-Alta",
        "esfuerzo": "90 horas",
        "responsable": "Content Writer + Outreach Specialist",
        "entregables": [
          "15 artículos guest post publicados",
          "Lista de 50 oportunidades guest posting",
          "Relaciones establecidas con editores"
        ],
        "kpis": [
          "15 guest posts en sitios DR 30+",
          "Enlaces dofollow conseguidos",
          "Tráfico referral +15%"
        ],
        "semanas": "Semanas 26-36 (continuo)"
      },
      {
        "id": "LB-04",
        "tarea": "Recuperación de Enlaces Perdidos y Broken Link Building",
        "descripcion": "Recuperar 20 enlaces perdidos, encontrar oportunidades de broken link building",
        "prioridad": "Media",
        "esfuerzo": "32 horas",
        "responsable": "Link Building Specialist",
        "entregables": [
          "20 enlaces recuperados",
          "50 oportunidades broken link identificadas",
          "10 enlaces conseguidos via broken link building"
        ],
        "kpis": [
          "20+ enlaces recuperados",
          "10+ nuevos enlaces via broken links",
          "0 backlinks tóxicos"
        ],
        "semanas": "Semanas 27-30"
      },
      {
        "id": "LB-05",
        "tarea": "Partnerships y Colaboraciones Estratégicas",
        "descripcion": "Establecer alianzas con negocios complementarios, aerolíneas, agencias de viaje",
        "prioridad": "Media-Alta",
        "esfuerzo": "48 horas",
        "responsable": "Business Development + Marketing",
        "entregables": [
          "10 partnerships establecidos",
          "Co-branded content creado",
          "Enlaces desde partners implementados"
        ],
        "kpis": [
          "10+ partnerships activos",
          "15+ backlinks de partners",
          "Tráfico referral +25%"
        ],
        "semanas": "Semanas 28-36"
      },
      {
        "id": "LB-06",
        "tarea": "Estrategia de Contenido en Medios Verticales",
        "descripcion": "Publicar contenido experto en portales especializados turismo lujo, lifestyle",
        "prioridad": "Media",
        "esfuerzo": "56 horas",
        "responsable": "PR Specialist + Writer",
        "entregables": [
          "8 artículos en medios verticales",
          "Posicionamiento como expertos",
          "Enlaces de alta autoridad"
        ],
        "kpis": [
          "8+ publicaciones en medios DR 50+",
          "Mejora brand searches +40%",
          "Enlaces desde dominios únicos"
        ],
        "semanas": "Semanas 29-36"
      },
      {
        "id": "LB-07",
        "tarea": "Auditoría y Limpieza de Perfil de Enlaces",
        "descripcion": "Identificar y desautorizar enlaces tóxicos, mejorar calidad del perfil de backlinks",
        "prioridad": "Alta",
        "esfuerzo": "24 horas",
        "responsable": "SEO Técnico + Link Analyst",
        "entregables": [
          "Auditoría completa de backlinks",
          "Archivo disavow actualizado",
          "Informe de mejora de perfil"
        ],
        "kpis": [
          "Toxic Score < 5%",
          "100% enlaces tóxicos desautorizados",
          "Mejora ratio enlaces calidad"
        ],
        "semanas": "Semanas 27-29"
      },
      {
        "id": "LB-08",
        "tarea": "Programa de Testimonios y Reviews",
        "descripcion": "Conseguir menciones y enlaces mediante testimonios en plataformas y directorios premium",
        "prioridad": "Baja-Media",
        "esfuerzo": "20 horas",
        "responsable": "Community Manager",
        "entregables": [
          "20 testimonios publicados",
          "Perfiles completos en 15 directorios",
          "Enlaces desde plataformas de reviews"
        ],
        "kpis": [
          "20+ testimonios con enlace",
          "15 directorios de calidad",
          "Mejora E-E-A-T signals"
        ],
        "semanas": "Semanas 30-34"
      }
    ],
    "resumen_fase": {
      "total_tareas": 8,
      "horas_totales": "450 horas",
      "recursos_necesarios": [
        "1 Digital PR Specialist",
        "1 Link Building Specialist",
        "1 Outreach Specialist",
        "1-2 Content Writers",
        "1 Designer",
        "1 Business Development Manager"
      ],
      "hitos_clave": [
        "Fin Mes 7: 5 linkable assets publicados, primeras 10 menciones conseguidas",
        "Fin Mes 8: 20+ backlinks DR 40+, partnerships establecidos",
        "Fin Mes 9: DR 40+, perfil de enlaces limpio y optimizado"
      ]
    }
  },
  "fase_4_consolidacion_escalado": {
    "titulo": "Fase 4: Consolidación y Escalado",
    "duracion": "Meses 10-12",
    "prioridad": "Media-Alta",
    "objetivo": "Consolidar posiciones conseguidas, escalar contenido, automatizar procesos de monitoreo",
    "esfuerzo": "250-350 horas",
    "impacto_esperado": "Estabilización TOP 10, procesos automatizados, crecimiento sostenible",
    "tareas": [
      {
        "id": "CS-01",
        "tarea": "Automatización de Reportes SEO",
        "descripcion": "Configurar dashboards automatizados, alertas, reportes mensuales para cliente",
        "prioridad": "Media",
        "esfuerzo": "40 horas",
        "responsable": "SEO Analyst + Data Analyst",
        "entregables": [
          "Dashboard Google Data Studio/Looker",
          "Sistema de alertas automáticas",
          "Templates de reportes mensuales"
        ],
        "kpis": [
          "Dashboard operativo 24/7",
          "Reportes automatizados",
          "Tiempo reporte reducido 80%"
        ],
        "semanas": "Semanas 37-40"
      },
      {
        "id": "CS-02",
        "tarea": "Escalado de Contenido con IA Asistida",
        "descripcion": "Implementar workflow de creación de contenido asistido por IA (manteniendo calidad)",
        "prioridad": "Media",
        "esfuerzo": "48 horas",
        "responsable": "Content Strategist + AI Specialist",
        "entregables": [
          "Proceso de contenido IA + humano",
          "30 artículos adicionales en trimestre",
          "Guía de uso responsable IA"
        ],
        "kpis": [
          "30 artículos publicados",
          "Coste/artículo reducido 40%",
          "Calidad mantenida (puntuación E-E-A-T)"
        ],
        "semanas": "Semanas 37-48 (continuo)"
      },
      {
        "id": "CS-03",
        "tarea": "Optimización Avanzada de Core Web Vitals",
        "descripcion": "Implementar optimizaciones avanzadas: server-side rendering, edge caching, resource hints",
        "prioridad": "Media-Alta",
        "esfuerzo": "56 horas",
        "responsable": "Senior Frontend Dev + Performance Engineer",
        "entregables": [
          "Implementación SSR/SSG",
          "Edge caching configurado",
          "Resource hints optimizados"
        ],
        "kpis": [
          "100% URLs pasan Core Web Vitals",
          "LCP < 2.0s, FID < 100ms, CLS < 0.1",
          "Performance Score > 90"
        ],
        "semanas": "Semanas 38-42"
      },
      {
        "id": "CS-04",
        "tarea": "Expansión Internacional: Versión EN/DE",
        "descripcion": "Preparar estrategia y contenido para versiones en inglés y alemán del sitio",
        "prioridad": "Media",
        "esfuerzo": "80 horas",
        "responsable": "International SEO Specialist + Translators",
        "entregables": [
          "Estrategia hreflang implementada",
          "50 páginas clave traducidas EN",
          "30 páginas clave traducidas DE"
        ],
        "kpis": [
          "Hreflang sin errores",
          "Tráfico internacional +60%",
          "Indexación correcta por país"
        ],
        "semanas": "Semanas 39-48"
      },
      {
        "id": "CS-05",
        "tarea": "Programa de Contenido User-Generated",
        "descripcion": "Implementar sistema de reviews, testimonios en video, casos de éxito de clientes",
        "prioridad": "Baja-Media",
        "esfuerzo": "32 horas",
        "responsable": "Community Manager + Video Editor",
        "entregables": [
          "Sistema de reviews implementado",
          "10 video testimonios publicados",
          "20 casos de éxito documentados"
        ],
        "kpis": [
          "100+ reviews genuinas",
          "10 video testimonios",
          "E-E-A-T signals mejorados"
        ],
        "semanas": "Semanas 40-48 (continuo)"
      },
      {
        "id": "CS-06",
        "tarea": "Auditoría SEO Trimestral Completa",
        "descripcion": "Realizar auditoría profunda de todos los aspectos, identificar nuevas oportunidades",
        "prioridad": "Alta",
        "esfuerzo": "48 horas",
        "responsable": "SEO Consultant (Senior)",
        "entregables": [
          "Auditoría completa 200+ puntos",
          "Informe de oportunidades Q1 siguiente año",
          "Roadmap actualizado"
        ],
        "kpis": [
          "Auditoría completada",
          "20+ oportunidades identificadas",
          "Roadmap 2026 definido"
        ],
        "semanas": "Semanas 44-46"
      },
      {
        "id": "CS-07",
        "tarea": "Optimización de Conversión Avanzada",
        "descripcion": "A/B testing, personalización, segmentación de usuarios, optimización embudo completo",
        "prioridad": "Media-Alta",
        "esfuerzo": "60 horas",
        "responsable": "CRO Specialist + Data Analyst",
        "entregables": [
          "10 tests A/B ejecutados",
          "Personalización por segmento implementada",
          "Embudo optimizado end-to-end"
        ],
        "kpis": [
          "Conversion rate +25% adicional",
          "AOV aumentado 15%",
          "Cart abandonment reducido 20%"
        ],
        "semanas": "Semanas 41-48 (continuo)"
      },
      {
        "id": "CS-08",
        "tarea": "Formación Interna y Documentación",
        "descripcion": "Capacitar al equipo interno del cliente, crear documentación de procesos",
        "prioridad": "Media",
        "esfuerzo": "36 horas",
        "responsable": "SEO Consultant + Trainer",
        "entregables": [
          "3 sesiones de formación (6h cada una)",
          "Manual de SEO interno 50+ páginas",
          "Videos tutoriales de procesos clave"
        ],
        "kpis": [
          "Equipo interno capacitado",
          "Autonomía tareas SEO básicas",
          "Documentación completa entregada"
        ],
        "semanas": "Semanas 45-48"
      }
    ],
    "resumen_fase": {
      "total_tareas": 8,
      "horas_totales": "400 horas",
      "recursos_necesarios": [
        "1 SEO Consultant (Senior)",
        "1 Data Analyst",
        "1 Performance Engineer",
        "1 International SEO Specialist",
        "1 CRO Specialist",
        "1 Community Manager",
        "Translators (freelance)"
      ],
      "hitos_clave": [
        "Fin Mes 10: Dashboards automatizados, Core Web Vitals optimizados",
        "Fin Mes 11: Versiones EN/DE lanzadas, contenido escalado",
        "Fin Mes 12: Auditoría completa, equipo interno formado, handoff exitoso"
      ]
    }
  },
  "recursos_necesarios": {
    "equipo_core": [
      {
        "rol": "SEO Consultant (Senior)",
        "dedicacion": "10-15 horas/semana",
        "responsabilidades": [
          "Estrategia general",
          "Auditorías técnicas",
          "Supervisión de implementaciones",
          "Reportes ejecutivos"
        ],
        "perfil": "8+ años experiencia, certificaciones Google/SEMrush/Ahrefs"
      },
      {
        "rol": "SEO Técnico / Desarrollador",
        "dedicacion": "20-25 horas/semana",
        "responsabilidades": [
          "Implementaciones técnicas",
          "Schema markup",
          "Optimización de velocidad",
          "Crawling y indexación"
        ],
        "perfil": "Conocimientos PHP, JavaScript, experiencia con CMS"
      },
      {
        "rol": "Content Strategist",
        "dedicacion": "15-20 horas/semana",
        "responsabilidades": [
          "Estrategia de contenido",
          "Planificación editorial",
          "Supervisión de calidad",
          "Keyword research"
        ],
        "perfil": "Experiencia en content marketing, SEO copywriting"
      },
      {
        "rol": "Content Writers (2-3)",
        "dedicacion": "20-30 horas/semana (combinado)",
        "responsabilidades": [
          "Redacción de artículos",
          "Optimización on-page",
          "Actualización de contenido",
          "Guest posting"
        ],
        "perfil": "Especialización en turismo/viajes, español nativo"
      },
      {
        "rol": "Link Building Specialist",
        "dedicacion": "10-15 horas/semana",
        "responsabilidades": [
          "Outreach",
          "Construcción de enlaces",
          "Digital PR",
          "Análisis de backlinks"
        ],
        "perfil": "Experiencia en link building ético, contactos en industria"
      },
      {
        "rol": "Data Analyst",
        "dedicacion": "8-10 horas/semana",
        "responsabilidades": [
          "Análisis de métricas",
          "Dashboards y reportes",
          "Interpretación de datos",
          "Recomendaciones data-driven"
        ],
        "perfil": "Google Analytics, Data Studio, Excel avanzado"
      }
    ],
    "equipo_soporte": [
      {
        "rol": "UX/UI Designer",
        "dedicacion": "5-10 horas/semana (intermitente)",
        "responsabilidades": "Diseño de recursos visuales, optimización UX"
      },
      {
        "rol": "Frontend Developer",
        "dedicacion": "10-15 horas/semana (intermitente)",
        "responsabilidades": "Implementación frontend, optimización performance"
      },
      {
        "rol": "CRO Specialist",
        "dedicacion": "5-8 horas/semana (intermitente)",
        "responsabilidades": "Optimización de conversión, A/B testing"
      },
      {
        "rol": "Translators (EN/DE)",
        "dedicacion": "Proyecto base (80-100 horas total)",
        "responsabilidades": "Traducción de contenido clave"
      }
    ],
    "herramientas_necesarias": [
      {
        "herramienta": "Ahrefs",
        "coste_mensual": "€179 - €399",
        "uso": "Keyword research, backlink analysis, competitive intelligence"
      },
      {
        "herramienta": "Screaming Frog SEO Spider",
        "coste_anual": "€149",
        "uso": "Auditorías técnicas, crawling del sitio"
      },
      {
        "herramienta": "Google Search Console",
        "coste_mensual": "Gratis",
        "uso": "Monitoreo de indexación, errores, rendimiento orgánico"
      },
      {
        "herramienta": "Google Analytics 4",
        "coste_mensual": "Gratis",
        "uso": "Análisis de tráfico, comportamiento usuarios, conversiones"
      },
      {
        "herramienta": "SEMrush o Moz Pro",
        "coste_mensual": "€119 - €229",
        "uso": "Rank tracking, auditorías, keyword research complementario"
      },
      {
        "herramienta": "Google Data Studio / Looker Studio",
        "coste_mensual": "Gratis",
        "uso": "Dashboards y reportes automatizados"
      },
      {
        "herramienta": "Hotjar o Microsoft Clarity",
        "coste_mensual": "Gratis - €39",
        "uso": "Análisis comportamiento usuarios, heatmaps"
      },
      {
        "herramienta": "PageSpeed Insights / GTmetrix",
        "coste_mensual": "Gratis",
        "uso": "Monitoreo de velocidad y Core Web Vitals"
      }
    ]
  },
  "esfuerzo_detallado": {
    "fase_1": {
      "horas_desarrollo": "280-320 horas",
      "horas_contenido": "100-140 horas",
      "horas_coordinacion": "20-40 horas",
      "total": "400-500 horas"
    },
    "fase_2": {
      "horas_desarrollo": "200-240 horas",
      "horas_contenido": "220-300 horas",
      "horas_coordinacion": "30-60 horas",
      "total": "450-600 horas"
    },
    "fase_3": {
      "horas_desarrollo": "100-140 horas",
      "horas_contenido": "180-260 horas",
      "horas_coordinacion": "70-100 horas",
      "total": "350-500 horas"
    },
    "fase_4": {
      "horas_desarrollo": "140-180 horas",
      "horas_contenido": "80-120 horas",
      "horas_coordinacion": "30-50 horas",
      "total": "250-350 horas"
    },
    "total_12_meses": {
      "horas_desarrollo": "720-880 horas",
      "horas_contenido": "580-820 horas",
      "horas_coordinacion": "150-250 horas",
      "total": "1,450-1,950 horas",
      "horas_mensuales_promedio": "121-163 horas/mes"
    }
  },
  "kpis_seguimiento": {
    "metricas_primarias": [
      {
        "metrica": "Tráfico Orgánico",
        "baseline": "4,200 visitas/mes",
        "objetivo_3m": "6,000 visitas/mes (+43%)",
        "objetivo_6m": "9,000 visitas/mes (+114%)",
        "objetivo_12m": "12,000+ visitas/mes (+185%)",
        "herramienta": "Google Analytics 4"
      },
      {
        "metrica": "Keywords en TOP 10",
        "baseline": "23 keywords",
        "objetivo_3m": "40 keywords (+74%)",
        "objetivo_6m": "60 keywords (+161%)",
        "objetivo_12m": "85+ keywords (+270%)",
        "herramienta": "Ahrefs / SEMrush"
      },
      {
        "metrica": "Domain Rating",
        "baseline": "DR 28",
        "objetivo_3m": "DR 32",
        "objetivo_6m": "DR 38",
        "objetivo_12m": "DR 45+",
        "herramienta": "Ahrefs"
      },
      {
        "metrica": "Conversiones Orgánicas",
        "baseline": "~42/mes",
        "objetivo_3m": "~68/mes (+62%)",
        "objetivo_6m": "~110/mes (+162%)",
        "objetivo_12m": "~156/mes (+271%)",
        "herramienta": "Google Analytics 4"
      }
    ],
    "metricas_secundarias": [
      {
        "metrica": "Páginas Indexadas",
        "baseline": "187 páginas",
        "objetivo_12m": "350+ páginas",
        "herramienta": "Google Search Console"
      },
      {
        "metrica": "Backlinks Totales",
        "baseline": "~450 backlinks",
        "objetivo_12m": "~850+ backlinks",
        "herramienta": "Ahrefs"
      },
      {
        "metrica": "Visibilidad Orgánica",
        "baseline": "12%",
        "objetivo_12m": "45%",
        "herramienta": "SEMrush"
      },
      {
        "metrica": "PageSpeed Score",
        "baseline": "62/100",
        "objetivo_12m": "90+/100",
        "herramienta": "PageSpeed Insights"
      },
      {
        "metrica": "CTR Promedio Orgánico",
        "baseline": "3.8%",
        "objetivo_12m": "5.5%+",
        "herramienta": "Google Search Console"
      },
      {
        "metrica": "Tiempo en Página",
        "baseline": "2:15 min",
        "objetivo_12m": "3:30+ min",
        "herramienta": "Google Analytics 4"
      }
    ],
    "alertas_criticas": [
      "Caída > 20% tráfico orgánico mes a mes",
      "Pérdida keywords TOP 10 críticas (> 5 keywords)",
      "Penalización manual Google (GSC notification)",
      "Core Web Vitals fallan en > 25% URLs",
      "Aumento backlinks tóxicos (> 10% perfil)",
      "Errores de indexación > 50 páginas",
      "Caída conversion rate orgánico > 15%"
    ]
  },
  "calendario_hitos": {
    "mes_1": [
      "Errores técnicos críticos resueltos",
      "Primeros 6 artículos blog publicados",
      "Optimización on-page iniciada (50 páginas)"
    ],
    "mes_2": [
      "146 title tags optimizados",
      "Schema markup implementado en propiedades",
      "Velocidad mejorada (PageSpeed > 75)"
    ],
    "mes_3": [
      "Quick Wins completados",
      "12 artículos publicados",
      "Primera mejora visible en rankings (+40% tráfico)",
      "Informe trimestral Q1"
    ],
    "mes_6": [
      "Hub de contenido completo publicado",
      "25 landing pages locales optimizadas",
      "Arquitectura reestructurada",
      "48 artículos totales publicados",
      "Tráfico +100-120%",
      "Informe semestral"
    ],
    "mes_9": [
      "30+ backlinks DR 40+ conseguidos",
      "DR alcanzado 40+",
      "5 linkable assets publicados",
      "Partnerships establecidos",
      "Perfil de enlaces optimizado",
      "Informe trimestral Q3"
    ],
    "mes_12": [
      "Objetivos 12 meses alcanzados",
      "Versiones EN/DE lanzadas",
      "Dashboards automatizados operativos",
      "Equipo interno formado",
      "Auditoría final y roadmap 2026",
      "Informe anual completo",
      "Presentación de resultados ejecutiva"
    ]
  },
  "riesgos_mitigacion": {
    "riesgos_identificados": [
      {
        "riesgo": "Cambios en algoritmo de Google",
        "probabilidad": "Media",
        "impacto": "Alto",
        "mitigacion": "Seguir best practices white-hat, diversificar estrategias, monitoreo continuo de cambios"
      },
      {
        "riesgo": "Competencia aumenta inversión SEO",
        "probabilidad": "Media-Alta",
        "impacto": "Medio",
        "mitigacion": "Monitoreo competitivo mensual, ajuste de estrategia, enfoque en nichos diferenciadores"
      },
      {
        "riesgo": "Penalización por prácticas incorrectas",
        "probabilidad": "Baja",
        "impacto": "Crítico",
        "mitigacion": "Únicamente técnicas white-hat, auditorías regulares, evitar shortcuts"
      },
      {
        "riesgo": "Falta de recursos técnicos cliente",
        "probabilidad": "Media",
        "impacto": "Medio-Alto",
        "mitigacion": "Definir claramente responsabilidades, asegurar accesos desde inicio, escalation plan"
      },
      {
        "riesgo": "Contenido no alcanza calidad esperada",
        "probabilidad": "Baja-Media",
        "impacto": "Medio",
        "mitigacion": "Proceso de revisión riguroso, guías de estilo, feedback loops con cliente"
      },
      {
        "riesgo": "Retrasos en implementaciones técnicas",
        "probabilidad": "Media",
        "impacto": "Medio",
        "mitigacion": "Buffer en timelines, priorización clara, comunicación proactiva"
      },
      {
        "riesgo": "Fluctuaciones estacionalidad turismo",
        "probabilidad": "Alta",
        "impacto": "Bajo-Medio",
        "mitigacion": "Normalizar métricas por estacionalidad, comparar YoY, diversificar keywords"
      },
      {
        "riesgo": "Cambios estratégicos del cliente",
        "probabilidad": "Baja-Media",
        "impacto": "Medio-Alto",
        "mitigacion": "Contrato claro, proceso de change management, flexibilidad planificada"
      }
    ]
  },
  "criterios_exito": {
    "must_have": [
      "Tráfico orgánico +150% mínimo en 12 meses",
      "85+ keywords en TOP 10",
      "DR 40+ alcanzado",
      "100% errores técnicos críticos resueltos",
      "0 penalizaciones manuales",
      "Core Web Vitals pasados en 75%+ URLs"
    ],
    "should_have": [
      "Tráfico orgánico +200% en 12 meses",
      "Conversiones orgánicas +250%",
      "CTR orgánico promedio > 5%",
      "80+ artículos de calidad publicados",
      "40+ backlinks DR 40+ conseguidos",
      "Versiones EN/DE lanzadas"
    ],
    "nice_to_have": [
      "Tráfico orgánico +285% (objetivo stretch)",
      "DR 45+ alcanzado",
      "Featured snippets capturados (15+)",
      "Brand searches incrementados 50%+",
      "Contenido viral (1M+ impresiones)",
      "Reconocimiento industria/premios"
    ]
  }
}
