{
  "titulo": "Presentación de Resultados - Auditoría SEO",
  "subtitulo": "Ibiza Villa - Alquiler de Villas de Lujo",
  "cliente": "Ibiza Villa",
  "fecha_presentacion": "15 de Octubre 2025",
  "periodo_auditoria": "Septiembre - Octubre 2025",
  "presentado_por": "Agencia SEO Premium",
  "portada": {
    "titulo_principal": "Auditoría SEO Completa 360°",
    "subtitulo": "Análisis, Diagnóstico y Plan de Acción Estratégico",
    "cliente": "Ibiza Villa",
    "proyecto": "Optimización Posicionamiento Orgánico",
    "fecha": "Octubre 2025",
    "logo_cliente": "assets/logo-ibiza-villa.png",
    "version": "1.0"
  },
  "agenda": {
    "titulo": "Agenda de la Presentación",
    "duracion_total": "45 minutos",
    "secciones": [
      {
        "numero": 1,
        "titulo": "Contexto y Objetivos",
        "duracion": "5 min",
        "temas": [
          "Situación actual del sitio",
          "Objetivos de negocio",
          "Alcance de la auditoría"
        ]
      },
      {
        "numero": 2,
        "titulo": "Hallazgos Principales",
        "duracion": "15 min",
        "temas": [
          "Fortalezas identificadas",
          "Oportunidades de mejora",
          "Problemas críticos",
          "Análisis de competencia"
        ]
      },
      {
        "numero": 3,
        "titulo": "Datos y Métricas Clave",
        "duracion": "10 min",
        "temas": [
          "Tráfico orgánico actual",
          "Posicionamiento de keywords",
          "Análisis técnico del sitio",
          "Perfil de enlaces"
        ]
      },
      {
        "numero": 4,
        "titulo": "Plan de Acción Estratégico",
        "duracion": "10 min",
        "temas": [
          "Quick wins (1-2 meses)",
          "Mejoras de medio plazo (3-6 meses)",
          "Estrategia a largo plazo (6-12 meses)",
          "Mejora esperada"
        ]
      },
      {
        "numero": 5,
        "titulo": "Próximos Pasos y Q&A",
        "duracion": "5 min",
        "temas": [
          "Timeline de implementación",
          "Recursos necesarios",
          "Preguntas y respuestas"
        ]
      }
    ]
  },
  "contexto_objetivos": {
    "titulo": "Contexto y Objetivos del Proyecto",
    "situacion_actual": {
      "descripcion": "Ibiza Villa opera en el competitivo mercado de alquiler de villas de lujo en Ibiza, con una posición consolidada pero con margen significativo de crecimiento orgánico",
      "metricas": [
        {
          "metrica": "Tráfico Orgánico Mensual",
          "valor_actual": "8,420",
          "contexto": "visitas/mes"
        },
        {
          "metrica": "Keywords Posicionadas",
          "valor_actual": "1,247",
          "contexto": "términos en Google"
        },
        {
          "metrica": "Posición en Mercado",
          "valor_actual": "4º",
          "contexto": "de 5 competidores principales"
        },
        {
          "metrica": "Domain Authority",
          "valor_actual": "54",
          "contexto": "de 100 puntos"
        }
      ]
    },
    "objetivos_negocio": [
      {
        "objetivo": "Aumentar Reservas Directas",
        "descripcion": "Reducir dependencia de OTAs aumentando tráfico orgánico cualificado",
        "kpi": "+40% reservas desde búsqueda orgánica"
      },
      {
        "objetivo": "Mejorar Visibilidad de Marca",
        "descripcion": "Posicionar Ibiza Villa como referente en villas de lujo",
        "kpi": "Top 3 en keywords estratégicas principales"
      },
      {
        "objetivo": "Capturar Demanda Long Tail",
        "descripcion": "Aprovechar búsquedas específicas de alta conversión",
        "kpi": "+200 keywords long tail en Top 10"
      },
      {
        "objetivo": "Superar a Competencia",
        "descripcion": "Ganar posiciones frente a competidores directos",
        "kpi": "Escalar del 4º al 2º puesto en market share orgánico"
      }
    ],
    "alcance_auditoria": {
      "areas_analizadas": [
        "Keyword Research & Mapping",
        "SEO Técnico & Rendimiento",
        "Contenido & On-Page SEO",
        "Arquitectura de Información",
        "Perfil de Enlaces (Link Building)",
        "Experiencia de Usuario (UX/Core Web Vitals)",
        "Análisis de Competencia",
        "Oportunidades de Crecimiento"
      ],
      "herramientas_utilizadas": [
        "Ahrefs (análisis de keywords y backlinks)",
        "Google Search Console (datos de rendimiento)",
        "Google Analytics 4 (comportamiento de usuarios)",
        "Screaming Frog (crawling técnico)",
        "PageSpeed Insights (rendimiento)",
        "SEMrush (análisis competitivo)"
      ],
      "periodo_datos": "Últimos 12 meses (Oct 2024 - Sep 2025)"
    }
  },
  "hallazgos_principales": {
    "titulo": "Hallazgos Principales de la Auditoría",
    "resumen_ejecutivo": "La auditoría revela un sitio con fundamentos sólidos pero con oportunidades significativas de mejora. Principales puntos: estructura técnica saludable, contenido de calidad pero insuficiente, gap de 2,174 keywords vs competencia, y potencial de capturar 15,680 visitas/mes adicionales con optimizaciones estratégicas.",
    "fortalezas": [
      {
        "categoria": "Contenido y UX",
        "items": [
          "Contenido de alta calidad en fichas de villas",
          "Excelente presentación visual (fotografía profesional)",
          "Tasa de conversión superior al promedio del sector (3.2% vs 2.1%)",
          "Experiencia de usuario optimizada para móvil"
        ],
        "icono": "fa-star"
      },
      {
        "categoria": "SEO Local",
        "items": [
          "Fuerte posicionamiento en keywords de zonas específicas",
          "Mejor cobertura que competencia en Playa d'en Bossa y Talamanca",
          "Autoridad establecida en long tail geográfico"
        ],
        "icono": "fa-map-marker-alt"
      },
      {
        "categoria": "Técnico",
        "items": [
          "Sitio 100% responsive y mobile-first",
          "Core Web Vitals dentro de rangos aceptables",
          "HTTPS correctamente implementado",
          "Sin errores críticos de indexación"
        ],
        "icono": "fa-cogs"
      }
    ],
    "oportunidades": [
      {
        "categoria": "Quick Wins (1-2 meses)",
        "impacto": "Alto",
        "esfuerzo": "Bajo",
        "items": [
          "89 keywords en posiciones 11-20 que pueden subir a Top 10 con optimización on-page",
          "234 oportunidades rápidas de keyword gap con baja competencia",
          "Optimización de 25 URLs con mayor potencial de tráfico"
        ],
        "mejora_esperada": "+180% en 2 meses"
      },
      {
        "categoria": "Contenido Estratégico",
        "impacto": "Muy Alto",
        "esfuerzo": "Medio",
        "items": [
          "Crear 45 nuevas landing pages (zonales, servicios, especializadas)",
          "Lanzar blog con 30 artículos informativos de alto valor",
          "Desarrollar 4 hubs de contenido temático",
          "Implementar estrategia de keywords en tendencia (+180% crecimiento)"
        ],
        "mejora_esperada": "+320% en 6 meses"
      },
      {
        "categoria": "Autoridad y Enlaces",
        "impacto": "Alto",
        "esfuerzo": "Alto",
        "items": [
          "Aumentar DA de 54 a 65 (gap de -14 puntos vs líder)",
          "Campaña de link building: 50 backlinks de calidad",
          "Relaciones públicas digitales y guest posting",
          "Recuperar enlaces rotos de alto valor"
        ],
        "mejora_esperada": "+420% en 12 meses"
      }
    ],
    "problemas_criticos": [
      {
        "problema": "Gap de Keywords vs Competencia",
        "severidad": "Alta",
        "descripcion": "2,174 keywords donde competidores nos superan, incluyendo términos de alto valor",
        "impacto": "Pérdida estimada de 15,680 visitas/mes",
        "solucion": "Plan de keyword gap analysis con 234 oportunidades rápidas priorizadas"
      },
      {
        "problema": "Contenido Insuficiente",
        "severidad": "Media-Alta",
        "descripcion": "Solo 24 páginas de contenido informacional vs 150+ de competidores líderes",
        "impacto": "Baja captación de tráfico informacional (top of funnel)",
        "solucion": "Lanzar blog y crear 30 artículos en primeros 3 meses"
      },
      {
        "problema": "Autoridad de Dominio Rezagada",
        "severidad": "Media",
        "descripcion": "DA 54 vs líder DA 68 (-14 puntos). Perfil de enlaces limitado",
        "impacto": "Menor competitividad en keywords de alta dificultad",
        "solucion": "Campaña de link building estratégica (50 enlaces en 6 meses)"
      },
      {
        "problema": "Keywords Huérfanas",
        "severidad": "Media",
        "descripcion": "156 keywords de valor sin URL específica asignada",
        "impacto": "Oportunidades de tráfico desaprovechadas",
        "solucion": "Implementar keyword mapping y crear 45 landing pages"
      }
    ]
  },
  "metricas_clave": {
    "titulo": "Métricas y Datos Clave",
    "trafico_organico": {
      "actual": 8420,
      "potencial": 24100,
      "incremento_esperado": "+186%"
    },
    "keywords": {
      "total_posicionadas": 1247,
      "top_3": 45,
      "top_10": 168,
      "top_20": 287,
      "oportunidades_identificadas": 487,
      "gap_vs_competencia": 2174
    },
    "rendimiento_tecnico": {
      "mobile_score": 82,
      "desktop_score": 91,
      "lcp": "2.1s",
      "fid": "45ms",
      "cls": "0.08",
      "errores_criticos": 0,
      "errores_menores": 12
    },
    "competencia": {
      "posicion_mercado": "4º de 5",
      "domain_authority": 54,
      "da_lider": 68,
      "gap_da": -14,
      "backlinks_totales": 1847,
      "backlinks_lider": 4521
    }
  },
  "plan_accion_resumen": {
    "titulo": "Plan de Acción Estratégico - Resumen",
    "vision_general": "Plan estructurado en 4 fases durante 12 meses, con enfoque en quick wins iniciales, construcción de contenido estratégico, fortalecimiento de autoridad, y consolidación de liderazgo",
    "fases": [
      {
        "fase": "Fase 1: Quick Wins",
        "periodo": "Mes 1-2",
        "prioridad": "Crítica",
        "acciones_principales": [
          "Optimizar 89 keywords en posiciones 11-20",
          "Implementar internal linking strategy",
          "Optimizar 25 URLs de mayor potencial",
          "Corregir 12 errores técnicos menores"
        ],
        "esfuerzo_estimado": "140-175 horas",
        "mejora_esperada": "+180% en 2 meses",
        "resultados_esperados": "+1,500 visitas/mes, 45 keywords a Top 10"
      },
      {
        "fase": "Fase 2: Contenido Estratégico",
        "periodo": "Mes 2-4",
        "prioridad": "Alta",
        "acciones_principales": [
          "Crear 12 landing pages zonales",
          "Lanzar blog con 15 artículos",
          "Implementar keyword mapping completo",
          "Desarrollar 2 hubs de contenido temático"
        ],
        "esfuerzo_estimado": "280-360 horas",
        "mejora_esperada": "+250% en 4 meses",
        "resultados_esperados": "+4,200 visitas/mes, 178 keywords nuevas"
      },
      {
        "fase": "Fase 3: Autoridad y Alcance",
        "periodo": "Mes 5-8",
        "prioridad": "Alta",
        "acciones_principales": [
          "Campaña link building (30 enlaces)",
          "Completar 45 landing pages totales",
          "Expandir blog a 30 artículos",
          "Keywords en tendencia y estacionales"
        ],
        "esfuerzo_estimado": "425-550 horas",
        "mejora_esperada": "+320% en 6 meses",
        "resultados_esperados": "+6,800 visitas/mes, DA +5 puntos"
      },
      {
        "fase": "Fase 4: Consolidación y Liderazgo",
        "periodo": "Mes 9-12",
        "prioridad": "Media-Alta",
        "acciones_principales": [
          "Intensificar link building (20 enlaces adicionales)",
          "Contenido premium y guías completas",
          "Atacar keywords de alta dificultad",
          "Relaciones públicas digitales"
        ],
        "esfuerzo_estimado": "600-900 horas",
        "mejora_esperada": "+420% en 12 meses",
        "resultados_esperados": "+15,680 visitas/mes, posición #2 en mercado"
      }
    ],
    "esfuerzo_total": "1,445-1,985 horas",
    "mejora_total_12_meses": "+450%"
  },
  "proximos_pasos": {
    "titulo": "Próximos Pasos e Implementación",
    "timeline_inmediato": [
      {
        "plazo": "Próximos 7 días",
        "accion": "Aprobación del plan y asignación de recursos",
        "responsable": "Cliente"
      },
      {
        "plazo": "Semana 2",
        "accion": "Kickoff del proyecto y setup técnico",
        "responsable": "Agencia + Cliente"
      },
      {
        "plazo": "Semanas 3-4",
        "accion": "Inicio Fase 1: Quick Wins",
        "responsable": "Agencia"
      },
      {
        "plazo": "Mes 2",
        "accion": "Revisión de resultados iniciales y ajustes",
        "responsable": "Ambos"
      }
    ],
    "recursos_necesarios": [
      {
        "recurso": "Equipo SEO",
        "descripcion": "1 SEO Specialist + 1 Content Writer + 1 Link Builder",
        "dedicacion": "Part-time (50% FTE)"
      },
      {
        "recurso": "Accesos y Herramientas",
        "descripcion": "GSC, GA4, CMS, Ahrefs, Screaming Frog",
        "responsable": "Cliente proporciona accesos"
      },
      {
        "recurso": "Dedicación de Tiempo",
        "descripcion": "1,445-1,985 horas para 12 meses",
        "estructura": "Distribución mensual o trimestral"
      }
    ],
    "kpis_seguimiento": [
      "Tráfico orgánico mensual",
      "Número de keywords en Top 10",
      "Posiciones promedio de keywords objetivo",
      "Domain Authority",
      "Conversiones desde orgánico",
      "Mejora del canal orgánico"
    ]
  },
  "cierre": {
    "titulo": "¿Preguntas?",
    "mensaje": "Estamos listos para comenzar a transformar la presencia orgánica de Ibiza Villa",
    "contacto": {
      "email": "contacto@agenciaseo.com",
      "telefono": "+34 900 000 000",
      "web": "www.agenciaseo.com"
    }
  }
}
