{
  "titulo": "Resumen Ejecutivo - Auditoría SEO",
  "subtitulo": "Documento estratégico para toma de decisiones",
  "cliente": "Ibiza Villa",
  "fecha": "Octubre 2025",
  "version": "1.0",
  "confidencial": true,
  "introduccion": {
    "titulo": "Introducción Ejecutiva",
    "parrafos": [
      "Este resumen ejecutivo presenta los hallazgos clave, conclusiones estratégicas y recomendaciones prioritarias de la auditoría SEO completa realizada para Ibiza Villa durante septiembre-octubre 2025.",
      "El análisis revela un sitio web con fundamentos sólidos en términos técnicos y de contenido, pero con oportunidades significativas de crecimiento orgánico que, si se implementan correctamente, podrían generar un incremento de +186% en tráfico orgánico.",
      "Este documento está diseñado para facilitar la toma de decisiones ejecutivas, presentando información crítica de forma concisa y accionable."
    ]
  },
  "situacion_actual": {
    "titulo": "Situación Actual: Snapshot del Negocio",
    "resumen": "Ibiza Villa ocupa actualmente la 4ª posición en el competitivo mercado de alquiler de villas de lujo en Ibiza, con presencia orgánica consolidada pero sub-optimizada.",
    "metricas_clave": [
      {
        "categoria": "Tráfico y Visibilidad",
        "datos": [
          {"metrica": "Tráfico Orgánico Mensual", "valor": "8,420 visitas", "evaluacion": "Moderado"},
          {"metrica": "Keywords Posicionadas", "valor": "1,247", "evaluacion": "Bueno"},
          {"metrica": "Keywords en Top 3", "valor": "45", "evaluacion": "Bajo"},
          {"metrica": "Keywords en Top 10", "valor": "168", "evaluacion": "Moderado"}
        ]
      },
      {
        "categoria": "Competitividad",
        "datos": [
          {"metrica": "Posición en Mercado", "valor": "4º de 5", "evaluacion": "Bajo"},
          {"metrica": "Domain Authority", "valor": "54/100", "evaluacion": "Moderado"},
          {"metrica": "Gap vs Líder (DA)", "valor": "-14 puntos", "evaluacion": "Crítico"},
          {"metrica": "Backlinks Totales", "valor": "1,847", "evaluacion": "Bajo"}
        ]
      },
      {
        "categoria": "Rendimiento Técnico",
        "datos": [
          {"metrica": "Mobile Performance", "valor": "82/100", "evaluacion": "Bueno"},
          {"metrica": "Desktop Performance", "valor": "91/100", "evaluacion": "Excelente"},
          {"metrica": "Core Web Vitals", "valor": "Aprobado", "evaluacion": "Bueno"},
          {"metrica": "Errores Críticos", "valor": "0", "evaluacion": "Excelente"}
        ]
      },
      {
        "categoria": "Conversión y ROI",
        "datos": [
          {"metrica": "Tasa de Conversión", "valor": "3.2%", "evaluacion": "Excelente"},
          {"metrica": "% Reservas Directas", "valor": "42%", "evaluacion": "Bueno"}
        ]
      }
    ],
    "fortalezas_principales": [
      "Tasa de conversión superior al promedio de la industria (3.2% vs 2.1%)",
      "Excelente calidad de contenido en fichas de villas",
      "Fundamentos técnicos sólidos sin errores críticos",
      "Fuerte posicionamiento en keywords long tail geográficas específicas"
    ],
    "debilidades_principales": [
      "Posicionamiento rezagado en keywords genéricas de alto volumen",
      "Gap significativo de autoridad de dominio vs competidores (-14 puntos)",
      "Contenido informacional insuficiente (blog prácticamente inexistente)",
      "156 keywords de valor sin URL específica asignada"
    ]
  },
  "hallazgos_criticos": {
    "titulo": "Hallazgos Críticos: Lo que Debe Saber",
    "hallazgos": [
      {
        "id": 1,
        "titulo": "Oportunidad de Crecimiento +186% en Tráfico Orgánico",
        "severidad": "Oportunidad Crítica",
        "descripcion": "El sitio tiene potencial demostrado de aumentar tráfico orgánico de 8,420 a 24,100 visitas/mes (+186%).",
        "impacto_negocio": "Reducción de dependencia en OTAs, aumento de reservas directas, mejora de márgenes",
        "accion_requerida": "Implementar plan estratégico de 4 fases en próximos 12 meses",
        "prioridad": "Crítica"
      },
      {
        "id": 2,
        "titulo": "Gap de 2,174 Keywords vs Competencia",
        "severidad": "Problema Alto",
        "descripcion": "Competidores principales posicionan en 2,174 keywords donde Ibiza Villa no tiene presencia, incluyendo términos de alto valor comercial.",
        "impacto_negocio": "Pérdida estimada de 15,680 visitas/mes potenciales",
        "accion_requerida": "Ejecutar estrategia de keyword gap: 234 oportunidades rápidas identificadas",
        "prioridad": "Alta"
      },
      {
        "id": 3,
        "titulo": "Quick Wins Identificados: Mejora +180% en 2 Meses",
        "severidad": "Oportunidad Inmediata",
        "descripcion": "89 keywords en posiciones 11-20 pueden subir a Top 10 con optimización on-page básica. Esfuerzo: 140-175 horas.",
        "impacto_negocio": "Incremento rápido de +1,500 visitas/mes con mínimo esfuerzo",
        "accion_requerida": "Iniciar Fase 1 en próximos 7-14 días",
        "prioridad": "Crítica"
      },
      {
        "id": 4,
        "titulo": "Autoridad de Dominio 26% Inferior al Líder",
        "severidad": "Problema Medio",
        "descripcion": "DA 54 vs líder DA 68. Perfil de enlaces limitado (1,847 vs 4,521 del líder) limita competitividad en keywords difíciles.",
        "impacto_negocio": "Imposibilidad de competir efectivamente en términos de alta dificultad y alto valor",
        "accion_requerida": "Campaña de link building estratégica: 50 enlaces de calidad en 6-12 meses",
        "prioridad": "Media-Alta"
      },
      {
        "id": 5,
        "titulo": "Keywords en Tendencia: Ventana de Oportunidad",
        "severidad": "Oportunidad Temporal",
        "descripcion": "5 keywords emergentes (eco-friendly, workation, yoga retreats) con +180% crecimiento y baja competencia actual.",
        "impacto_negocio": "Captura de nichos de alto valor antes que competencia reaccione",
        "accion_requerida": "Crear contenido específico en próximos 30-60 días",
        "prioridad": "Alta"
      }
    ]
  },
  "recomendaciones_estrategicas": {
    "titulo": "Recomendaciones Estratégicas",
    "resumen": "Plan estructurado en 4 fases, 12 meses, con enfoque en resultados rápidos iniciales y construcción sostenible de autoridad",
    "recomendaciones": [
      {
        "prioridad": 1,
        "tipo": "Quick Wins",
        "titulo": "Fase 1: Quick Wins (Mes 1-2)",
        "objetivo": "Generar resultados visibles rápidos con mínima inversión",
        "acciones": [
          "Optimizar 89 keywords en posiciones 11-20 → Top 10",
          "Implementar internal linking strategy en 25 URLs clave",
          "Optimizar contenido de 25 páginas de mayor potencial",
          "Corregir 12 errores técnicos menores identificados"
        ],
        "esfuerzo_estimado": "140-175 horas",
        "mejora_esperada": "+180% en 2 meses",
        "resultados": "+1,500 visitas/mes, 45 keywords nuevas en Top 10",
        "riesgo": "Bajo",
        "tiempo_resultados": "4-8 semanas"
      },
      {
        "prioridad": 2,
        "tipo": "Contenido Estratégico",
        "titulo": "Fase 2: Contenido Estratégico (Mes 2-4)",
        "objetivo": "Capturar tráfico informacional y construir autoridad temática",
        "acciones": [
          "Crear 12 landing pages zonales (Talamanca, Santa Eulalia, etc.)",
          "Lanzar blog con 15 artículos de alto valor",
          "Implementar keyword mapping completo en 127 URLs",
          "Desarrollar 2 hubs de contenido temático"
        ],
        "esfuerzo_estimado": "280-360 horas",
        "mejora_esperada": "+250% en 4 meses",
        "resultados": "+4,200 visitas/mes, 178 keywords nuevas posicionadas",
        "riesgo": "Bajo-Medio",
        "tiempo_resultados": "8-12 semanas"
      },
      {
        "prioridad": 3,
        "tipo": "Autoridad y Alcance",
        "titulo": "Fase 3: Autoridad y Alcance (Mes 5-8)",
        "objetivo": "Aumentar DA y competitividad en keywords difíciles",
        "acciones": [
          "Campaña link building: 30 backlinks de calidad",
          "Completar 45 landing pages totales (zonales + servicios)",
          "Expandir blog a 30 artículos totales",
          "Atacar keywords en tendencia y estacionales"
        ],
        "esfuerzo_estimado": "425-550 horas",
        "mejora_esperada": "+320% en 6 meses",
        "resultados": "+6,800 visitas/mes, DA +5 puntos, 289 keywords nuevas",
        "riesgo": "Medio",
        "tiempo_resultados": "12-20 semanas"
      },
      {
        "prioridad": 4,
        "tipo": "Consolidación",
        "titulo": "Fase 4: Consolidación y Liderazgo (Mes 9-12)",
        "objetivo": "Alcanzar posición #2 en mercado y consolidar liderazgo",
        "acciones": [
          "Intensificar link building: 20 enlaces adicionales",
          "Contenido premium: guías completas y recursos",
          "Atacar keywords de alta dificultad",
          "Relaciones públicas digitales y guest posting"
        ],
        "esfuerzo_estimado": "600-900 horas",
        "mejora_esperada": "+420% en 12 meses",
        "resultados": "Posición #2 en mercado, +15,680 visitas/mes totales",
        "riesgo": "Medio-Alto",
        "tiempo_resultados": "20-48 semanas"
      }
    ]
  },
  "analisis_roi": {
    "titulo": "Análisis de Mejora Esperada",
    "resumen": "El esfuerzo total de 1,445-1,985 horas en 12 meses genera una mejora estimada de +450% en tráfico orgánico",
    "comparativa": {
      "situacion_actual": {
        "trafico_mensual": 8420,
        "keywords_top10": 168,
        "conversiones_mensuales": 270
      },
      "situacion_proyectada": {
        "trafico_mensual": 24100,
        "keywords_top10": 456,
        "conversiones_mensuales": 772
      },
      "incrementos": {
        "trafico": "+186%",
        "keywords": "+171%",
        "conversiones": "+186%"
      }
    },
    "desglose_esfuerzo": [
      {"fase": "Fase 1: Quick Wins", "esfuerzo": "140-175 horas", "mejora": "+180%", "resultados_visibles": "2 meses"},
      {"fase": "Fase 2: Contenido", "esfuerzo": "280-360 horas", "mejora": "+250%", "resultados_visibles": "3 meses"},
      {"fase": "Fase 3: Autoridad", "esfuerzo": "425-550 horas", "mejora": "+320%", "resultados_visibles": "4 meses"},
      {"fase": "Fase 4: Consolidación", "esfuerzo": "600-900 horas", "mejora": "+420%", "resultados_visibles": "5 meses"}
    ],
    "beneficios_adicionales": [
      "Reducción de dependencia en OTAs",
      "Aumento de reservas directas con mejores márgenes",
      "Construcción de activo digital de largo plazo",
      "Mejora de brand awareness y posicionamiento de marca",
      "Base sólida para escalamiento futuro"
    ]
  },
  "riesgos_consideraciones": {
    "titulo": "Riesgos y Consideraciones",
    "riesgos": [
      {
        "riesgo": "Volatilidad de Algoritmos de Google",
        "probabilidad": "Media",
        "impacto": "Medio",
        "mitigacion": "Diversificación de estrategias, enfoque en calidad y UX, monitoreo continuo"
      },
      {
        "riesgo": "Reacción de Competencia",
        "probabilidad": "Alta",
        "impacto": "Medio",
        "mitigacion": "Ejecución rápida de quick wins, construcción de ventajas competitivas sostenibles"
      },
      {
        "riesgo": "Estacionalidad del Negocio",
        "probabilidad": "Certeza",
        "impacto": "Medio",
        "mitigacion": "Estrategia de contenido estacional, diversificación de keywords long tail"
      },
      {
        "riesgo": "Recursos Internos Limitados",
        "probabilidad": "Media",
        "impacto": "Alto",
        "mitigacion": "Planificación realista de timeline, priorización de quick wins, posible outsourcing"
      }
    ],
    "consideraciones": [
      "Los resultados de SEO son acumulativos: inversión temprana genera mayores beneficios",
      "Timeline de 12 meses es conservador; algunos resultados visibles desde mes 1-2",
      "Mantenimiento post-implementación requerirá presupuesto ongoing (30-40% de inicial)",
      "Coordinación con otros canales de marketing potencia resultados"
    ]
  },
  "decision_ejecutiva": {
    "titulo": "Decisión Ejecutiva Requerida",
    "pregunta": "¿Aprobamos la implementación del plan estratégico SEO?",
    "opciones": [
      {
        "opcion": "A) Implementación Completa (Recomendado)",
        "descripcion": "Ejecutar las 4 fases completas según timeline",
        "esfuerzo_estimado": "1,445-1,985 horas en 12 meses",
        "mejora_esperada": "+450%",
        "pros": [
          "Máximo impacto en crecimiento orgánico",
          "Resultados sostenibles a largo plazo",
          "Mejora óptima (+450%)",
          "Posición competitiva fuerte (#2 en mercado)"
        ],
        "cons": [
          "Mayor dedicación inicial",
          "Requiere compromiso de 12 meses"
        ]
      },
      {
        "opcion": "B) Implementación Gradual",
        "descripcion": "Comenzar con Fases 1-2, evaluar resultados antes de continuar",
        "esfuerzo_estimado": "420-535 horas en 4 meses",
        "mejora_esperada": "+220%",
        "pros": [
          "Menor riesgo inicial",
          "Validación de resultados antes de escalar",
          "Flexibilidad de ajustar estrategia"
        ],
        "cons": [
          "Mejora total menor",
          "Posible pérdida de momentum",
          "Competencia puede adelantarse"
        ]
      },
      {
        "opcion": "C) Solo Quick Wins",
        "descripcion": "Ejecutar únicamente Fase 1 (quick wins)",
        "esfuerzo_estimado": "140-175 horas en 2 meses",
        "mejora_esperada": "+180%",
        "pros": [
          "Esfuerzo mínimo",
          "Resultados rápidos",
          "Bajo riesgo"
        ],
        "cons": [
          "Impacto limitado a corto plazo",
          "No construye ventajas sostenibles",
          "Competencia mantiene superioridad"
        ]
      }
    ],
    "recomendacion_agencia": "Opción A - Implementación Completa",
    "justificacion": "Los datos demuestran un potencial de crecimiento claro y cuantificable. El esfuerzo de 1,445-1,985 horas genera una mejora de +450% en tráfico orgánico. Postergar la decisión significa ceder terreno a competidores que ya están ejecutando estrategias similares."
  },
  "proximos_pasos": {
    "titulo": "Próximos Pasos Inmediatos",
    "si_aprobado": [
      {
        "plazo": "Próximos 7 días",
        "accion": "Firma de contrato y kickoff del proyecto",
        "responsable": "Cliente + Agencia"
      },
      {
        "plazo": "Semana 2",
        "accion": "Setup técnico: accesos, herramientas, configuración inicial",
        "responsable": "Agencia (requiere accesos del cliente)"
      },
      {
        "plazo": "Semanas 3-4",
        "accion": "Inicio ejecución Fase 1: Quick Wins",
        "responsable": "Agencia"
      },
      {
        "plazo": "Semana 8",
        "accion": "Reunión de revisión de resultados Fase 1",
        "responsable": "Ambos"
      }
    ],
    "si_pospuesto": [
      "Riesgo de que competencia capture oportunidades identificadas",
      "Pérdida de momentum en estacionalidad (temporada alta 2026)",
      "Necesidad de re-evaluación de datos (caducan en 3-6 meses)"
    ]
  },
  "contacto": {
    "titulo": "Contacto para Decisión",
    "mensaje": "Para aprobar el plan, discutir ajustes o aclarar dudas:",
    "persona": "Director de Proyecto SEO",
    "email": "proyecto@agenciaseo.com",
    "telefono": "+34 900 000 000",
    "disponibilidad": "Lun-Vie 9:00-18:00h"
  }
}
