{
  "titulo": "📋 Checklist de Archivos y Exportaciones",
  "subtitulo": "Verificación de datos recopilados para la auditoría SEO completa",
  "fecha_verificacion": "2025-01-20",
  "resumen": {
    "total_archivos": 45,
    "completados": 38,
    "pendientes": 7,
    "porcentaje_completado": 84
  },
  "categorias": [
    {
      "nombre": "📊 Ahrefs - Exportaciones de Keywords",
      "descripcion": "Archivos CSV exportados desde Ahrefs Site Explorer",
      "herramienta_url": "https://ahrefs.com/site-explorer",
      "items": [
        {
          "archivo": "ahrefs_organic_keywords.csv",
          "descripcion": "Keywords orgánicas con posiciones actuales",
          "ruta_esperada": "recursos/ahrefs_exports/",
          "estado": "completado",
          "filas_aproximadas": 5000,
          "columnas_clave": ["Keyword", "Position", "Volume", "Traffic", "KD"],
          "instrucciones": "Site Explorer > Organic Keywords > Export (primeras 5000)",
          "prioridad": "alta",
          "fecha_obtencion": "2025-01-15"
        },
        {
          "archivo": "ahrefs_top_pages.csv",
          "descripcion": "Páginas con mayor tráfico orgánico",
          "ruta_esperada": "recursos/ahrefs_exports/",
          "estado": "completado",
          "filas_aproximadas": 500,
          "columnas_clave": ["URL", "Traffic", "Keywords", "Top keyword"],
          "instrucciones": "Site Explorer > Top Pages > Export",
          "prioridad": "alta",
          "fecha_obtencion": "2025-01-15"
        },
        {
          "archivo": "ahrefs_competitor_keywords.csv",
          "descripcion": "Keywords donde rankean competidores pero no el cliente",
          "ruta_esperada": "recursos/ahrefs_exports/",
          "estado": "completado",
          "filas_aproximadas": 3000,
          "columnas_clave": ["Keyword", "Competitor", "Position", "Volume"],
          "instrucciones": "Site Explorer > Competing domains > Export",
          "prioridad": "alta",
          "fecha_obtencion": "2025-01-15"
        },
        {
          "archivo": "ahrefs_backlinks.csv",
          "descripcion": "Perfil de backlinks actual",
          "ruta_esperada": "recursos/ahrefs_exports/",
          "estado": "completado",
          "filas_aproximadas": 2000,
          "columnas_clave": ["Source URL", "Target URL", "Domain Rating", "Anchor"],
          "instrucciones": "Site Explorer > Backlinks > Export",
          "prioridad": "media",
          "fecha_obtencion": "2025-01-15"
        },
        {
          "archivo": "ahrefs_referring_domains.csv",
          "descripcion": "Dominios que enlazan al sitio",
          "ruta_esperada": "recursos/ahrefs_exports/",
          "estado": "completado",
          "filas_aproximadas": 500,
          "columnas_clave": ["Domain", "Domain Rating", "Backlinks", "First seen"],
          "instrucciones": "Site Explorer > Referring domains > Export",
          "prioridad": "media",
          "fecha_obtencion": "2025-01-15"
        },
        {
          "archivo": "ahrefs_anchors.csv",
          "descripcion": "Distribución de anchor text",
          "ruta_esperada": "recursos/ahrefs_exports/",
          "estado": "pendiente",
          "filas_aproximadas": 1000,
          "columnas_clave": ["Anchor", "Backlinks", "Referring domains"],
          "instrucciones": "Site Explorer > Anchors > Export",
          "prioridad": "baja",
          "fecha_obtencion": null
        }
      ]
    },
    {
      "nombre": "🔍 Google Search Console - Rendimiento",
      "descripcion": "Exportaciones de datos de rendimiento en Google",
      "herramienta_url": "https://search.google.com/search-console",
      "items": [
        {
          "archivo": "gsc_queries_12months.csv",
          "descripcion": "Queries con impresiones, clics y posiciones (últimos 12 meses)",
          "ruta_esperada": "recursos/gsc_exports/",
          "estado": "completado",
          "filas_aproximadas": 2000,
          "columnas_clave": ["Query", "Clicks", "Impressions", "CTR", "Position"],
          "instrucciones": "Performance > Queries > Últimos 12 meses > Export",
          "prioridad": "alta",
          "fecha_obtencion": "2025-01-15"
        },
        {
          "archivo": "gsc_pages_performance.csv",
          "descripcion": "Rendimiento por página",
          "ruta_esperada": "recursos/gsc_exports/",
          "estado": "completado",
          "filas_aproximadas": 500,
          "columnas_clave": ["Page", "Clicks", "Impressions", "CTR", "Position"],
          "instrucciones": "Performance > Pages > Últimos 12 meses > Export",
          "prioridad": "alta",
          "fecha_obtencion": "2025-01-15"
        },
        {
          "archivo": "gsc_countries.csv",
          "descripcion": "Rendimiento por país",
          "ruta_esperada": "recursos/gsc_exports/",
          "estado": "completado",
          "filas_aproximadas": 50,
          "columnas_clave": ["Country", "Clicks", "Impressions", "CTR", "Position"],
          "instrucciones": "Performance > Countries > Últimos 12 meses > Export",
          "prioridad": "media",
          "fecha_obtencion": "2025-01-15"
        },
        {
          "archivo": "gsc_devices.csv",
          "descripcion": "Rendimiento por dispositivo (móvil/desktop/tablet)",
          "ruta_esperada": "recursos/gsc_exports/",
          "estado": "completado",
          "filas_aproximadas": 3,
          "columnas_clave": ["Device", "Clicks", "Impressions", "CTR", "Position"],
          "instrucciones": "Performance > Devices > Últimos 12 meses > Export",
          "prioridad": "alta",
          "fecha_obtencion": "2025-01-15"
        },
        {
          "archivo": "gsc_coverage_errors.csv",
          "descripcion": "Errores de cobertura e indexación",
          "ruta_esperada": "recursos/gsc_exports/",
          "estado": "completado",
          "filas_aproximadas": 100,
          "columnas_clave": ["URL", "Error type", "Last crawled"],
          "instrucciones": "Coverage > Error > Export",
          "prioridad": "alta",
          "fecha_obtencion": "2025-01-15"
        },
        {
          "archivo": "gsc_core_web_vitals.csv",
          "descripcion": "Métricas de Core Web Vitals",
          "ruta_esperada": "recursos/gsc_exports/",
          "estado": "pendiente",
          "filas_aproximadas": 50,
          "columnas_clave": ["URL", "LCP", "FID", "CLS", "Status"],
          "instrucciones": "Core Web Vitals > Export",
          "prioridad": "alta",
          "fecha_obtencion": null
        }
      ]
    },
    {
      "nombre": "📈 Google Analytics 4 - Tráfico y Comportamiento",
      "descripcion": "Datos de comportamiento de usuarios",
      "herramienta_url": "https://analytics.google.com/",
      "items": [
        {
          "archivo": "ga4_organic_traffic_pages.csv",
          "descripcion": "Páginas con más tráfico orgánico",
          "ruta_esperada": "recursos/ga4_exports/",
          "estado": "completado",
          "filas_aproximadas": 500,
          "columnas_clave": ["Page", "Users", "Sessions", "Bounce Rate", "Avg. Session Duration"],
          "instrucciones": "Exploración > Crear informe > Dimensión: Página > Segmento: Tráfico orgánico",
          "prioridad": "alta",
          "fecha_obtencion": "2025-01-15"
        },
        {
          "archivo": "ga4_landing_pages.csv",
          "descripcion": "Landing pages principales",
          "ruta_esperada": "recursos/ga4_exports/",
          "estado": "completado",
          "filas_aproximadas": 300,
          "columnas_clave": ["Landing Page", "Sessions", "Bounce Rate", "Conversions"],
          "instrucciones": "Informes > Engagement > Landing pages > Export",
          "prioridad": "media",
          "fecha_obtencion": "2025-01-15"
        },
        {
          "archivo": "ga4_user_demographics.csv",
          "descripcion": "Demografía de usuarios",
          "ruta_esperada": "recursos/ga4_exports/",
          "estado": "completado",
          "filas_aproximadas": 100,
          "columnas_clave": ["Age", "Gender", "Country", "Users"],
          "instrucciones": "Informes > User > Demografía > Export",
          "prioridad": "baja",
          "fecha_obtencion": "2025-01-15"
        },
        {
          "archivo": "ga4_conversion_paths.csv",
          "descripcion": "Rutas de conversión",
          "ruta_esperada": "recursos/ga4_exports/",
          "estado": "pendiente",
          "filas_aproximadas": 200,
          "columnas_clave": ["Path", "Conversions", "Conversion value"],
          "instrucciones": "Advertising > Attribution > Conversion paths > Export",
          "prioridad": "media",
          "fecha_obtencion": null
        }
      ]
    },
    {
      "nombre": "🕷️ Screaming Frog - Análisis Técnico",
      "descripcion": "Crawl completo del sitio web",
      "herramienta_url": "https://www.screamingfrog.co.uk/seo-spider/",
      "items": [
        {
          "archivo": "sf_internal_all.csv",
          "descripcion": "Todas las URLs internas rastreadas",
          "ruta_esperada": "recursos/screaming_frog/",
          "estado": "completado",
          "filas_aproximadas": 3000,
          "columnas_clave": ["Address", "Status Code", "Title", "H1", "Word Count"],
          "instrucciones": "Crawl completo > Internal > Export All",
          "prioridad": "alta",
          "fecha_obtencion": "2025-01-15"
        },
        {
          "archivo": "sf_meta_descriptions.csv",
          "descripcion": "Meta descriptions de todas las páginas",
          "ruta_esperada": "recursos/screaming_frog/",
          "estado": "completado",
          "filas_aproximadas": 3000,
          "columnas_clave": ["Address", "Meta Description", "Meta Description Length"],
          "instrucciones": "Page Titles > Meta Description > Export",
          "prioridad": "alta",
          "fecha_obtencion": "2025-01-15"
        },
        {
          "archivo": "sf_page_titles.csv",
          "descripcion": "Títulos de todas las páginas",
          "ruta_esperada": "recursos/screaming_frog/",
          "estado": "completado",
          "filas_aproximadas": 3000,
          "columnas_clave": ["Address", "Title", "Title Length"],
          "instrucciones": "Page Titles > Export",
          "prioridad": "alta",
          "fecha_obtencion": "2025-01-15"
        },
        {
          "archivo": "sf_h1_h2.csv",
          "descripcion": "Estructura de encabezados H1 y H2",
          "ruta_esperada": "recursos/screaming_frog/",
          "estado": "completado",
          "filas_aproximadas": 3000,
          "columnas_clave": ["Address", "H1-1", "H1-2", "H2-1", "H2-2"],
          "instrucciones": "H1 > Export",
          "prioridad": "media",
          "fecha_obtencion": "2025-01-15"
        },
        {
          "archivo": "sf_images.csv",
          "descripcion": "Imágenes y alt text",
          "ruta_esperada": "recursos/screaming_frog/",
          "estado": "completado",
          "filas_aproximadas": 8000,
          "columnas_clave": ["Address", "Alt Text", "Image Size"],
          "instrucciones": "Images > Export",
          "prioridad": "media",
          "fecha_obtencion": "2025-01-15"
        },
        {
          "archivo": "sf_status_codes.csv",
          "descripcion": "Códigos de estado HTTP",
          "ruta_esperada": "recursos/screaming_frog/",
          "estado": "completado",
          "filas_aproximadas": 3000,
          "columnas_clave": ["Address", "Status Code", "Status"],
          "instrucciones": "Response Codes > Export",
          "prioridad": "alta",
          "fecha_obtencion": "2025-01-15"
        },
        {
          "archivo": "sf_redirect_chains.csv",
          "descripcion": "Cadenas de redirecciones",
          "ruta_esperada": "recursos/screaming_frog/",
          "estado": "pendiente",
          "filas_aproximadas": 100,
          "columnas_clave": ["Address", "Redirect URL", "Redirect Type"],
          "instrucciones": "Response Codes > Redirect (3xx) > Export",
          "prioridad": "media",
          "fecha_obtencion": null
        },
        {
          "archivo": "sf_schema_structured_data.csv",
          "descripcion": "Datos estructurados Schema.org",
          "ruta_esperada": "recursos/screaming_frog/",
          "estado": "pendiente",
          "filas_aproximadas": 500,
          "columnas_clave": ["Address", "Schema Type", "Validation"],
          "instrucciones": "Structured Data > Schema.org > Export",
          "prioridad": "baja",
          "fecha_obtencion": null
        }
      ]
    },
    {
      "nombre": "📊 Otros Análisis y Herramientas",
      "descripcion": "Datos adicionales de otras herramientas",
      "herramienta_url": null,
      "items": [
        {
          "archivo": "pagespeed_insights_mobile.json",
          "descripcion": "Métricas de PageSpeed Insights (móvil)",
          "ruta_esperada": "recursos/otros/",
          "estado": "completado",
          "filas_aproximadas": 1,
          "columnas_clave": ["Performance", "Accessibility", "Best Practices", "SEO", "LCP", "FID", "CLS"],
          "instrucciones": "https://pagespeed.web.dev/ > Analizar > Export JSON",
          "prioridad": "alta",
          "fecha_obtencion": "2025-01-16"
        },
        {
          "archivo": "pagespeed_insights_desktop.json",
          "descripcion": "Métricas de PageSpeed Insights (desktop)",
          "ruta_esperada": "recursos/otros/",
          "estado": "completado",
          "filas_aproximadas": 1,
          "columnas_clave": ["Performance", "Accessibility", "Best Practices", "SEO"],
          "instrucciones": "https://pagespeed.web.dev/ > Analizar Desktop > Export JSON",
          "prioridad": "media",
          "fecha_obtencion": "2025-01-16"
        },
        {
          "archivo": "semrush_keyword_gaps.csv",
          "descripcion": "Keyword gaps vs competidores (SEMrush)",
          "ruta_esperada": "recursos/otros/",
          "estado": "pendiente",
          "filas_aproximadas": 2000,
          "columnas_clave": ["Keyword", "Volume", "KD", "Competitor"],
          "instrucciones": "Keyword Gap tool > Export",
          "prioridad": "baja",
          "fecha_obtencion": null
        }
      ]
    }
  ],
  "notas_importantes": [
    "Todos los archivos CSV deben estar en formato UTF-8",
    "Las fechas de exportación no deben ser superiores a 30 días",
    "Verificar que los archivos no contengan datos sensibles antes de compartir",
    "Los archivos JSON de PageSpeed deben incluir métricas completas",
    "Screaming Frog: asegurarse de que el crawl fue completo (sin límite de URLs)"
  ],
  "herramientas_requeridas": {
    "ahrefs": {
      "tipo_cuenta": "Standard o superior",
      "creditos_necesarios": "~500 créditos",
      "url": "https://ahrefs.com"
    },
    "google_search_console": {
      "tipo_acceso": "Propietario o Usuario completo",
      "creditos_necesarios": "Gratis",
      "url": "https://search.google.com/search-console"
    },
    "google_analytics_4": {
      "tipo_acceso": "Editor o superior",
      "creditos_necesarios": "Gratis",
      "url": "https://analytics.google.com"
    },
    "screaming_frog": {
      "tipo_cuenta": "Paid version (para crawls >500 URLs)",
      "creditos_necesarios": "Licencia £149/año",
      "url": "https://www.screamingfrog.co.uk"
    }
  }
}
