{
  "paginas": [
    {
      "id": "pagina-001",
      "titulo": "Resumen ejecutivo",
      "subtitulo": "Estado actual y potencial de crecimiento",
      "fuentes": ["GA4", "GSC", "Ahrefs", "Screaming Frog"],
      "bullets": [
        "Tráfico base y conversiones",
        "SEO Performance (CTR, posición media)",
        "Autoridad del dominio y perfil de enlaces",
        "Issues técnicos y calidad de contenido"
      ]
    },
    {
      "id": "pagina-002",
      "titulo": "Hallazgos críticos",
      "subtitulo": "Priorización por impacto y esfuerzo",
      "fuentes": ["GA4", "GSC", "Ahrefs", "Screaming Frog"],
      "bullets": [
        "Errores 404 y URLs no indexadas",
        "Meta descripciones duplicadas y titles poco descriptivos",
        "Problemas de performance y CWV subóptimos",
        "Interlinking insuficiente e IA mejorable"
      ]
    },
    {
      "id": "pagina-003",
      "titulo": "Plan de acción",
      "subtitulo": "Sprints priorizados y entregables",
      "fuentes": ["Integrado"],
      "bullets": [
        "Sprint 1: Fundamentos críticos",
        "Sprint 2: Arquitectura e interlinking",
        "Sprint 3: Contenido y schema",
        "Sprint 4: Performance y mobile"
      ]
    },
    {
      "id": "pagina-004",
      "titulo": "Métricas de éxito",
      "subtitulo": "KPIs integrados y validación",
      "fuentes": ["GA4", "GSC"],
      "bullets": [
        "Tráfico cualificado",
        "Conversiones y revenue",
        "Visibilidad orgánica",
        "Autoridad y calidad"
      ]
    },
    {
      "id": "pagina-005",
      "titulo": "Arquitectura del sitio",
      "subtitulo": "Estructura /alquiler/ y hubs",
      "fuentes": ["Arquitectura (FASE_3)", "Screaming Frog"],
      "bullets": [
        "Estructura por hubs y categorías",
        "Interlinking estratégico",
        "Breadcrumbs y árbol de URLs",
        "Internacionalización y slugs localizados"
      ]
    },
    {
      "id": "pagina-006",
      "titulo": "Indexabilidad y crawling",
      "subtitulo": "Acceso, rastreo e indexación",
      "fuentes": ["Robots.txt", "Sitemaps", "Screaming Frog", "GSC"],
      "bullets": [
        "Robots.txt y sitemaps",
        "Errores de crawling",
        "Profundidad y accesibilidad"
      ]
    },
    {
      "id": "pagina-007",
      "titulo": "Core Web Vitals",
      "subtitulo": "Performance y UX",
      "fuentes": ["PageSpeed Insights", "CrUX"],
      "bullets": [
        "Optimización de recursos",
        "Renderización y carga",
        "Experiencia mobile"
      ]
    },
    {
      "id": "pagina-008",
      "titulo": "Backlinks y autoridad",
      "subtitulo": "Estado actual y oportunidades",
      "fuentes": ["Ahrefs", "Moz"],
      "bullets": [
        "Dominios de referencia y anchors",
        "Top páginas enlazadas",
        "Oportunidades de outreach"
      ]
    },
    {
      "id": "pagina-009",
      "titulo": "Contenido y keywords",
      "subtitulo": "Relevancia y cobertura temática",
      "fuentes": ["GSC", "Ahrefs", "Sistrix"],
      "bullets": [
        "Gaps de contenido",
        "Intención de búsqueda",
        "Optimización on-page"
      ]
    },
    {
      "id": "pagina-010",
      "titulo": "ROI y roadmap",
      "subtitulo": "Plan temporal y KPIs",
      "fuentes": ["Integrado"],
      "bullets": [
        "Timeline y sprints",
        "KPIs y validación"
      ]
    }
  ]
}
