criterio,peso,descripcion,como_evaluar,ejemplos_puntaje_alto,ejemplos_puntaje_bajo,escala
Impacto Revenue,30%,Incremento directo en ingresos anuales estimado,"Revenue adicional proyectado en EUR, basado en datos históricos conversión","€1M-5M+ anual (10 pts), Keywords transaccionales alto volumen, Optimizaciones checkout","<€100k anual (1-3 pts), Contenido informativo, Mejoras estéticas sin impacto conversión",1-10 puntos
ROI Estimado,25%,Retorno de inversión (beneficio/coste implementación),"Ratio beneficio vs esfuerzo. ROI >20:1 = excelente, 10-20:1 = muy bueno, <5:1 = bajo","ROI 30-50:1 (10 pts): Quick wins bajo esfuerzo alto impacto (dimensiones imágenes, meta tags)","ROI <5:1 (1-3 pts): Proyectos complejos largo plazo con beneficio incierto",1-10 puntos
Esfuerzo Requerido,20%,Recursos necesarios (tiempo, dinero, equipo) - invertido,"Días-persona + complejidad técnica + coste externo. Bajo esfuerzo = puntuación ALTA","Bajo esfuerzo (10 pts): 7-14 días, 1 persona, sin costes externos (añadir width/height imágenes)","Alto esfuerzo (1-3 pts): 90-180 días, equipo 3-5 personas, costes €20k+ (reestructura completa)",1-10 puntos (invertido)
Timeline Implementación,15%,Tiempo hasta ver resultados - invertido,"Días desde inicio hasta impacto medible. Corto = puntuación ALTA","Quick wins 7-21 días (10 pts): Meta tags, dimensiones, hero optimization - impacto inmediato","Largo plazo 90-180 días (2-4 pts): Backlinks DR 70+, arquitectura completa - impacto 4-6 meses",1-10 puntos (invertido)
Dependencias,10%,Número de tareas previas requeridas - invertido,"Cuántas tareas deben completarse antes. Sin dependencias = puntuación ALTA","Sin dependencias (10 pts): Ejecutable inmediatamente sin bloqueos (fix errores 4xx, disavow spam)","Múltiples dependencias (2-4 pts): Requiere 3-5 tareas previas completadas (snippets necesitan contenido + schema + velocidad)",1-10 puntos (invertido)
Urgencia Competitiva,5%,Riesgo de perder ventaja vs competidores,"Competidores ya implementaron? Gap crítico? Penalización algoritmo inminente?","Urgencia alta (10 pts): CWV factor ranking, competencia domina snippets, penalización por tóxicos","Urgencia baja (3-5 pts): Nice-to-have, competidores tampoco tienen, sin riesgo penalización",1-10 puntos
Total Score,100%,Suma ponderada de todos los criterios,Score = (Impacto×0.30) + (ROI×0.25) + (Esfuerzo×0.20) + (Timeline×0.15) + (Dependencias×0.10) + (Urgencia×0.05),"Score 9-10: Prioridad CRÍTICA - ejecutar inmediato. Score 7-8.9: Muy Alta - mes 1-2. Score 5-6.9: Alta - mes 2-4","Score 3-4.9: Media - mes 3-6. Score 1-2.9: Baja - backlog",1-10 (promedio ponderado)
