URL_Pagina,Ruta_Imagen,Nombre_Archivo_Actual,Contexto,Alt_Recomendado,Es_Decorativa,Prioridad,Peso_KB,Categoria_Imagen
"https://ibizavilla.com/villas/villa-can-pep/","/uploads/villa-moderna.jpg","villa-moderna.jpg",Imagen hero principal,"Villa Can Pep: piscina infinita con vistas al mar Mediterráneo en San José, Ibiza",No,Crítica,2400,Hero
"https://ibizavilla.com/villas/villa-can-pep/","/gallery/photo-12.jpg","photo-12.jpg",Galería habitación principal,"Dormitorio principal Villa Can Pep con cama king size y vistas panorámicas al mar",No,Alta,1850,Galeria
"https://ibizavilla.com/","/uploads/hero-villa.jpg","hero-villa.jpg",Hero homepage,"Villa de lujo con piscina infinity al atardecer en Ibiza",No,Crítica,3200,Hero
"https://ibizavilla.com/villas/moderna-luxury/","/gallery/gallery-01.jpg","gallery-01.jpg",Primera imagen galería,"Salón moderno de villa de lujo con sofás blancos y vistas al jardín mediterráneo",No,Alta,1980,Galeria
"https://ibizavilla.com/zonas/san-jose/","/images/san-jose-vista.jpg","san-jose-vista.jpg",Vista aérea zona,"Vista aérea de San José, Ibiza: bahía turquesa y villas rodeadas de pinos",No,Alta,1650,Zona
"https://ibizavilla.com/","/uploads/logo-footer.png","logo-footer.png",Logo footer,"IbizaVilla - Alquiler de Villas de Lujo",No,Media,45,Logo
"https://ibizavilla.com/villas/can-pepito/","/gallery/cocina-moderna.jpg","cocina-moderna.jpg",Cocina equipada,"Cocina americana completamente equipada con isla central y electrodomésticos de alta gama",No,Alta,1420,Galeria
"https://ibizavilla.com/","/icons/piscina-icon.svg","piscina-icon.svg",Icono característica,"Icono piscina privada",Sí,Baja,8,Icono
"https://ibizavilla.com/villas/villa-sunset/","/uploads/terraza-atardecer.jpg","terraza-atardecer.jpg",Terraza principal,"Terraza chill-out con sofás y vistas al atardecer mediterráneo en villa Ibiza",No,Alta,2100,Galeria
"https://ibizavilla.com/blog/mejores-playas/","/blog/cala-comte.jpg","cala-comte.jpg",Imagen artículo blog,"Playa de Cala Comte en Ibiza: aguas cristalinas color turquesa y arena blanca",No,Alta,1560,Blog
"https://ibizavilla.com/villas/tradicional-ibicenca/","/gallery/salon-rustico.jpg","salon-rustico.jpg",Salón estilo tradicional,"Salón de estilo ibicenco tradicional con vigas de madera y paredes blancas encaladas",No,Alta,1340,Galeria
"https://ibizavilla.com/","/uploads/testimonial-cliente.jpg","testimonial-cliente.jpg",Foto cliente testimonio,"Familia feliz disfrutando en piscina de villa en Ibiza",No,Media,890,Testimonio
"https://ibizavilla.com/villas/sea-view-luxury/","/gallery/piscina-infinita-noche.jpg","piscina-infinita-noche.jpg",Piscina iluminada,"Piscina infinity iluminada de noche con vistas a la bahía de Ibiza",No,Crítica,2250,Galeria
"https://ibizavilla.com/servicios/chef-privado/","/servicios/chef-cooking.jpg","chef-cooking.jpg",Chef preparando comida,"Chef privado preparando paella mediterránea en cocina de villa de lujo",No,Alta,1120,Servicio
"https://ibizavilla.com/villas/villa-moderna/","/gallery/bano-principal.jpg","bano-principal.jpg",Baño suite,"Baño principal en suite con bañera exenta, ducha rain y acabados de mármol",No,Media,1480,Galeria
"https://ibizavilla.com/","/uploads/icon-wifi.png","icon-wifi.png",Icono servicio incluido,"Icono WiFi",Sí,Baja,6,Icono
"https://ibizavilla.com/zonas/santa-eulalia/","/zonas/playa-santa-eulalia.jpg","playa-santa-eulalia.jpg",Playa zona,"Playa de Santa Eulalia: paseo marítimo con restaurantes y aguas tranquilas ideales para familias",No,Alta,1890,Zona
"https://ibizavilla.com/villas/can-pep/","/gallery/exterior-villa-noche.jpg","exterior-villa-noche.jpg",Fachada iluminada,"Fachada exterior de Villa Can Pep iluminada de noche con jardín mediterráneo y piscina",No,Alta,2050,Galeria
"https://ibizavilla.com/","/uploads/banner-ofertas.jpg","banner-ofertas.jpg",Banner promocional,"Oferta especial: hasta 30% descuento en villas de lujo Ibiza temporada baja 2025",No,Alta,680,Banner
"https://ibizavilla.com/villas/luxury-retreat/","/gallery/gimnasio-villa.jpg","gimnasio-villa.jpg",Zona fitness,"Gimnasio privado en villa con equipamiento profesional y vistas al jardín",No,Media,1150,Galeria
"https://ibizavilla.com/blog/guia-ibiza/","/blog/dalt-vila.jpg","dalt-vila.jpg",Patrimonio cultural,"Dalt Vila de noche: casco antiguo amurallado de Ibiza declarado Patrimonio de la Humanidad",No,Alta,1720,Blog
"https://ibizavilla.com/villas/beachfront/","/gallery/acceso-playa.jpg","acceso-playa.jpg",Acceso directo playa,"Acceso directo desde villa a playa privada con escalera y zona de hamacas",No,Crítica,1950,Galeria
"https://ibizavilla.com/","/uploads/partner-logo-1.png","partner-logo-1.png",Logo partner footer,"Logo partner: Asociación de Villas de Lujo Ibiza",No,Baja,35,Logo
"https://ibizavilla.com/villas/eco-friendly/","/gallery/paneles-solares.jpg","paneles-solares.jpg",Instalación sostenible,"Paneles solares en tejado de villa eco-friendly en Ibiza",No,Media,980,Galeria
"https://ibizavilla.com/servicios/masajes/","/servicios/spa-masaje.jpg","spa-masaje.jpg",Servicio wellness,"Masaje relajante en terraza de villa con vistas al mar Mediterráneo",No,Alta,1280,Servicio
"https://ibizavilla.com/villas/villa-sunset/","/gallery/BBQ-exterior.jpg","BBQ-exterior.jpg",Zona barbacoa,"Zona de barbacoa exterior con cocina de verano y comedor bajo pérgola",No,Media,1340,Galeria
"https://ibizavilla.com/","/uploads/icon-pax.svg","icon-pax.svg",Icono capacidad,"Icono capacidad personas",Sí,Baja,5,Icono
"https://ibizavilla.com/blog/restaurantes-ibiza/","/blog/restaurante-pescado.jpg","restaurante-pescado.jpg",Gastronomía local,"Plato de pescado fresco en restaurante de playa en Ibiza",No,Media,1120,Blog
"https://ibizavilla.com/villas/moderna-arquitectura/","/gallery/escalera-diseno.jpg","escalera-diseno.jpg",Detalle arquitectónico,"Escalera de diseño moderno con barandilla de cristal en villa de lujo",No,Baja,890,Galeria
"https://ibizavilla.com/zonas/es-vedra/","/zonas/es-vedra-atardecer.jpg","es-vedra-atardecer.jpg",Paisaje icónico,"Islote de Es Vedrà al atardecer desde Cala d'Hort, Ibiza",No,Crítica,2180,Zona
"https://ibizavilla.com/villas/family-villa/","/gallery/habitacion-infantil.jpg","habitacion-infantil.jpg",Dormitorio niños,"Habitación infantil con dos camas individuales y decoración colorida",No,Media,1050,Galeria
"https://ibizavilla.com/","/uploads/icon-parking.svg","icon-parking.svg",Icono parking,"Icono parking privado",Sí,Baja,7,Icono
"https://ibizavilla.com/villas/can-pepito/","/gallery/jardin-pinos.jpg","jardin-pinos.jpg",Jardín mediterráneo,"Jardín mediterráneo con pinos centenarios, césped natural y zona chill-out",No,Media,1620,Galeria
"https://ibizavilla.com/servicios/transfer/","/servicios/mercedes-clase-v.jpg","mercedes-clase-v.jpg",Vehículo transfer,"Mercedes Clase V de lujo para transfer privado desde aeropuerto de Ibiza",No,Alta,780,Servicio
"https://ibizavilla.com/","/uploads/background-pattern.jpg","background-pattern.jpg",Patrón decorativo fondo,"",Sí,Baja,120,Decorativa
