URL,Problema_Actual,Meta_Description_Propuesta,Caracteres,Prioridad,Impacto_CTR_Estimado,Keywords_Incluidas
"https://ibizavilla.com/villas/villa-can-pep/","Sin description - Google muestra: 'hace 3 días... Precio desde 4500€... Disponible...'","✓ Villa Can Pep San José ✓ 6 hab (12 pax) ✓ Piscina infinita ✓ Vistas mar ✓ BBQ, WiFi ✓ 4.500€/sem ✓ Reserva directa sin comisiones",154,Crítica,"+35% CTR",villa can pep|san josé|piscina|vistas mar
"https://ibizavilla.com/zonas/san-jose/","Sin description - Snippet es texto footer aleatorio","Alquiler de villas de lujo en San José, Ibiza. +50 propiedades exclusivas con piscina, vistas al mar y acceso a las mejores playas. Desde 2.000€/semana.",157,Crítica,"+40% CTR",san josé|villas lujo|piscina|playas
"https://ibizavilla.com/villas/villa-moderna-piscina-infinity/","Sin description - Google genera automático de baja calidad","Villa moderna Ibiza: 8 habitaciones, piscina infinity vista mediterráneo, jacuzzi, gimnasio, cinema. Capacidad 16 personas. Desde 6.800€/semana. ¡Reserva 2025!",158,Crítica,"+32% CTR",villa moderna|piscina infinity|jacuzzi|gimnasio
"https://ibizavilla.com/","Sin description - Homepage sin control mensaje principal","✓ +200 villas lujo Ibiza ✓ Desde 2.000€/sem ✓ Piscina privada ✓ Vista mar ✓ Reserva directa sin comisiones ✓ Atención 24/7 ✓ Disponibilidad 2025 actualizada",159,Crítica,"+45% CTR",villas lujo ibiza|alquiler|piscina|sin comisiones
"https://ibizavilla.com/zonas/santa-eulalia/","Sin description en landing zona importante","Villas en Santa Eulalia, Ibiza: zona familiar, playa tranquila, gastronomía local. +30 propiedades con piscina privada y jardín. Desde 2.500€/semana. Reserva ya.",157,Alta,"+38% CTR",santa eulalia|villas|playa|gastronomía
"https://ibizavilla.com/villas/con-piscina-climatizada/","Sin description - Filtro importante sin snippet","Villas con piscina climatizada en Ibiza: disfruta todo el año. Selección de 24 propiedades con temperatura controlada, perfectas para otoño/invierno. Desde 3.200€/sem.",160,Alta,"+30% CTR",piscina climatizada|todo el año|otoño|invierno
"https://ibizavilla.com/servicios/chef-privado/","Sin description en servicio premium","Chef privado para tu villa en Ibiza: desayunos, comidas, cenas personalizadas. Cocina mediterránea e internacional. Compra de ingredientes incluida. Desde 350€/día.",159,Alta,"+28% CTR",chef privado|cocina mediterránea|personalizado
"https://ibizavilla.com/ofertas/","Sin description - Página conversión alta","✓ Ofertas especiales villas Ibiza 2025 ✓ Hasta 30% descuento temporada baja ✓ Última hora desde 1.500€/sem ✓ Pago flexible ✓ Cancelación gratis hasta 30 días antes",158,Crítica,"+50% CTR",ofertas|descuento|última hora|cancelación gratis
"https://ibizavilla.com/villas/grupos-grandes/","Sin description - Nicho específico","Villas para grupos grandes en Ibiza: capacidad 12-20 personas. Ideales para bodas, eventos, reuniones familiares. Piscina, BBQ, espacios comunes. Desde 5.500€/semana.",159,Alta,"+35% CTR",grupos grandes|bodas|eventos|reuniones
"https://ibizavilla.com/zonas/es-vedra/","Sin description - Zona premium sin contexto","Villas con vistas a Es Vedrà, Ibiza: energía mágica, puestas de sol espectaculares. Propiedades exclusivas en Cala d'Hort y zonas cercanas. Desde 4.000€/semana. Reserva.",160,Alta,"+42% CTR",es vedrà|cala d'hort|puestas de sol|exclusivas
"https://ibizavilla.com/blog/guia-ibiza-2025/","Sin description - Contenido informacional","Guía completa de Ibiza 2025: mejores playas, restaurantes, clubes, calas secretas, rutas en barco. Todo lo que necesitas para unas vacaciones perfectas en la isla blanca.",159,Media,"+25% CTR",guía ibiza|playas|restaurantes|calas secretas
"https://ibizavilla.com/servicios/","Sin description - Hub servicios","Servicios exclusivos para tu villa en Ibiza: chef privado, masajes, transfer aeropuerto, alquiler coches, limpieza extra, actividades náuticas. Personaliza tu estancia.",156,Alta,"+30% CTR",servicios|chef|masajes|transfer|actividades
"https://ibizavilla.com/villas/primera-linea-mar/","Sin description - Filtro premium","Villas primera línea de mar en Ibiza: acceso directo a playa privada, vistas panorámicas mediterráneo. Selección exclusiva de 18 propiedades. Desde 7.500€/semana. ¡Lujo total!",160,Alta,"+40% CTR",primera línea mar|playa privada|vistas|lujo
"https://ibizavilla.com/zonas/ibiza-centro/","Sin description - Zona estratégica","Villas en Ibiza centro: cerca de Dalt Vila, puerto, restaurantes, vida nocturna. Perfectas para explorar la isla. +25 propiedades con piscina y parking. Desde 2.800€/semana.",158,Alta,"+33% CTR",ibiza centro|dalt vila|puerto|vida nocturna
"https://ibizavilla.com/testimonios/","Sin description - Página confianza","Opiniones reales de clientes IbizaVilla: lee experiencias de +500 familias que disfrutaron sus vacaciones en nuestras villas de lujo. Valoración media 4.8/5 estrellas.",155,Media,"+22% CTR",opiniones|experiencias|valoración|confianza
"https://ibizavilla.com/faq/","Sin description - Reduce consultas soporte","Preguntas frecuentes alquiler villas Ibiza: reserva, pago, cancelación, check-in/out, servicios incluidos, normas. Resolvemos todas tus dudas antes de reservar.",152,Media,"+20% CTR",preguntas frecuentes|reserva|pago|cancelación
"https://ibizavilla.com/villas/con-tenis/","Sin description - Nicho deportivo","Villas con pista de tenis en Ibiza: para amantes del deporte. Selección de 12 propiedades con court privado, equipamiento incluido. Perfecto para familias activas. Desde 4.200€/sem.",160,Media,"+28% CTR",pista tenis|deporte|familias activas
"https://ibizavilla.com/servicios/transfer-aeropuerto/","Sin description - Servicio complementario","Transfer privado desde aeropuerto de Ibiza a tu villa: servicio puerta a puerta, conductor profesional, vehículos de lujo, sillas infantiles disponibles. Desde 60€ trayecto.",157,Media,"+25% CTR",transfer aeropuerto|puerta a puerta|vehículos lujo
"https://ibizavilla.com/zonas/cala-dhort/","Sin description - Playa icónica","Villas en Cala d'Hort, Ibiza: playa virgen con vistas a Es Vedrà, restaurantes de pescado fresco. Propiedades exclusivas a 5 min andando de la playa. Desde 3.800€/semana.",157,Alta,"+36% CTR",cala d'hort|es vedrà|playa|restaurantes pescado
"https://ibizavilla.com/como-reservar/","Sin description - Página proceso","Cómo reservar tu villa en Ibiza con IbizaVilla: 4 pasos simples. Selecciona, consulta disponibilidad, confirma con 30% señal, paga resto antes llegada. Proceso seguro y rápido.",159,Media,"+24% CTR",cómo reservar|pasos|proceso seguro|señal
"https://ibizavilla.com/villas/estilo-tradicional/","Sin description - Nicho estético","Villas de estilo tradicional ibicenco: arquitectura autóctona, paredes blancas, vigas de madera, fincas auténticas. Lujo con esencia local. Selección de 28 casas. Desde 2.600€/semana.",160,Media,"+30% CTR",estilo tradicional|arquitectura|fincas|auténticas
"https://ibizavilla.com/blog/mejores-playas-ibiza/","Sin description - Contenido evergreen","Las 15 mejores playas de Ibiza 2025: guía completa con mapa, cómo llegar, servicios, mejor época. Desde calas secretas hasta playas familiares. ¡Descubre tu favorita!",155,Media,"+27% CTR",mejores playas|guía|mapa|calas secretas
"https://ibizavilla.com/villas/pet-friendly/","Sin description - Nicho mascotas","Villas pet-friendly en Ibiza: viaja con tu perro o gato. Propiedades con jardín vallado, cerca de playas que admiten mascotas. Selección de 16 villas. Desde 2.400€/semana.",156,Media,"+32% CTR",pet friendly|mascotas|perro|jardín vallado
"https://ibizavilla.com/contacto/","Sin description - Conversión directa","Contacta con IbizaVilla: WhatsApp +34 XXX, email info@ibizavilla.com, chat online. Atención personalizada 24/7. Consulta disponibilidad, precios especiales, servicios a medida.",155,Alta,"+26% CTR",contacto|whatsapp|atención 24/7|personalizada
"https://ibizavilla.com/sobre-nosotros/","Sin description - Página marca","IbizaVilla: expertos en alquiler de villas de lujo en Ibiza desde 2010. +200 propiedades verificadas, atención personalizada, sin comisiones ocultas. Conoce nuestro equipo local.",156,Media,"+20% CTR",expertos|desde 2010|equipo local|sin comisiones
