Keyword,Volumen_Busqueda_Estimado,Posicion_Actual,Impresiones_Mes,Clics_Mes,CTR_Actual,Posicion_Objetivo,Trafico_Potencial,Prioridad,Accion_Recomendada
"villa ibiza",2400,18.8,669,4,0.60%,Top 5,"+180-240 clics/mes",Crítica,"Crear landing optimizada: /alquiler/villas-ibiza/ con contenido único"
"ibiza villas",1900,15.1,439,6,1.37%,Top 5,"+140-180 clics/mes",Crítica,"Optimizar meta description + enriquecer contenido de categoría"
"ibiza villa",1800,12.1,326,7,2.15%,Top 3,"+120-150 clics/mes",Muy Alta,"Mejorar CTR con rich snippets + FAQ schema"
"alquiler villas ibiza",1600,Sin datos,0,0,0%,Top 10,"+80-120 clics/mes",Muy Alta,"Crear página específica con guía completa de alquiler"
"villas lujo ibiza",950,Sin datos,0,0,0%,Top 10,"+50-75 clics/mes",Alta,"Categoría premium con filtros y galería destacada"
"alquiler villa ibiza con piscina",720,Sin datos,0,0,0%,Top 10,"+40-60 clics/mes",Alta,"Landing con filtro de villas con piscina"
"ibiza villa rental",580,Sin datos,0,0,0%,Top 5,"+30-45 clics/mes",Alta,"Versión en inglés optimizada para mercado UK"
"villas ibiza san jose",480,Sin datos,0,0,0%,Top 5,"+25-35 clics/mes",Alta,"Página de zona geográfica con mapa interactivo"
"villa rental ibiza",450,Sin datos,0,0,0%,Top 5,"+22-32 clics/mes",Media,"Contenido en inglés + testimonios internacionales"
"luxury villas ibiza",420,Sin datos,0,0,0%,Top 5,"+20-30 clics/mes",Media,"Showcase de villas premium con virtual tours"
"ibiza holiday villas",380,Sin datos,0,0,0%,Top 10,"+18-25 clics/mes",Media,"Guía vacaciones con calendario de eventos Ibiza"
"private villas ibiza",340,Sin datos,0,0,0%,Top 10,"+16-22 clics/mes",Media,"Destacar privacidad y exclusividad"
