URL,Problema,H1_Recomendado,Prioridad,Impacto_Estimado,Accion_Especifica
"https://ibizavilla.com/contacto/",Sin H1 - Primer encabezado es H2,"<h1>Contacta con IbizaVilla - Alquiler de Villas de Lujo en Ibiza</h1>",Crítica,"+8% conversión en formulario contacto","Añadir H1 antes del formulario con keywords principales"
"https://ibizavilla.com/sobre-nosotros/",Sin H1 - Solo tiene H3 en hero,"<h1>IbizaVilla - Expertos en Alquiler de Villas de Lujo desde 2010</h1>",Crítica,"+12% posicionamiento marca","Añadir H1 en sección hero con propuesta de valor"
"https://ibizavilla.com/blog/categoria/noticias/",Sin H1 - Falta en página categoría,"<h1>Noticias y Novedades - Villas de Lujo en Ibiza</h1>",Alta,"+10% tráfico orgánico categoría","Añadir H1 dinámico en template de categoría blog"
"https://ibizavilla.com/servicios/",Sin H1 - Solo H2 en listado,"<h1>Servicios Exclusivos para tu Villa en Ibiza</h1>",Alta,"+7% conversión servicios adicionales","Añadir H1 principal antes del grid de servicios"
"https://ibizavilla.com/zonas/santa-eulalia/",Sin H1 en landing zona,"<h1>Alquiler de Villas en Santa Eulalia, Ibiza</h1>",Alta,"+15% posicionamiento long-tail zona","Implementar H1 con patrón: Alquiler Villas en {Zona}, Ibiza"
"https://ibizavilla.com/faq/",Sin H1 - Empieza con H2,"<h1>Preguntas Frecuentes - Alquiler de Villas en Ibiza</h1>",Media,"+5% reducción consultas soporte","Añadir H1 introductorio antes de FAQs"
"https://ibizavilla.com/testimonios/",Sin H1 - Título es texto plano,"<h1>Opiniones de Clientes - IbizaVilla</h1>",Media,"+6% tasa conversión por confianza","Convertir título actual en H1 semántico"
"https://ibizavilla.com/politica-cancelacion/",Sin H1 en página legal,"<h1>Política de Cancelación y Reembolsos - IbizaVilla</h1>",Media,"+3% claridad términos","Añadir H1 en páginas legales para estructura"
"https://ibizavilla.com/blog/categoria/guias/",Sin H1 en categoría blog,"<h1>Guías de Viaje - Ibiza y Formentera</h1>",Media,"+8% tráfico informacional","Añadir H1 con keyword categoría + localización"
"https://ibizavilla.com/ofertas/",Sin H1 - Solo banner visual,"<h1>Ofertas Especiales en Villas de Lujo - Ibiza 2025</h1>",Alta,"+20% clics en ofertas","Añadir H1 con urgencia y año actual"
"https://ibizavilla.com/villas/temporada-baja/",Sin H1 en filtro temporada,"<h1>Alquiler de Villas en Temporada Baja - Precios Especiales</h1>",Media,"+12% reservas fuera temporada","H1 con beneficio claro de temporada baja"
"https://ibizavilla.com/servicios/chef-privado/",Sin H1 en servicio específico,"<h1>Chef Privado para tu Villa en Ibiza</h1>",Media,"+10% contratación servicio chef","H1 descriptivo del servicio con ubicación"
"https://ibizavilla.com/zonas/es-vedra/",Sin H1 en zona específica,"<h1>Villas con Vistas a Es Vedrà - Alquiler en Ibiza</h1>",Alta,"+18% posicionamiento zona premium","H1 con característica única de la zona"
"https://ibizavilla.com/galeria/",Sin H1 - Solo título visual,"<h1>Galería de Villas de Lujo en Ibiza</h1>",Baja,"+4% engagement visual","Añadir H1 para contexto SEO"
"https://ibizavilla.com/blog/categoria/eventos/",Sin H1 en categoría eventos,"<h1>Eventos y Fiestas en Ibiza - Guía 2025</h1>",Media,"+10% tráfico estacional verano","H1 con año actual para frescura"
"https://ibizavilla.com/villas/con-piscina-climatizada/",Sin H1 en filtro específico,"<h1>Villas con Piscina Climatizada en Ibiza</h1>",Alta,"+14% reservas invierno/primavera","H1 destacando característica diferenciadora"
"https://ibizavilla.com/servicios/transfer-aeropuerto/",Sin H1 en servicio transfer,"<h1>Transfer Privado desde Aeropuerto de Ibiza</h1>",Media,"+8% contratación transfer","H1 directo con servicio y punto origen"
"https://ibizavilla.com/zonas/cala-dhort/",Sin H1 en página zona playa,"<h1>Villas en Cala d'Hort - Vista a Es Vedrà, Ibiza</h1>",Alta,"+16% posicionamiento playa premium","H1 combinando zona + atractivo principal"
"https://ibizavilla.com/villas/grupos-grandes/",Sin H1 en filtro capacidad,"<h1>Villas para Grupos Grandes en Ibiza - Hasta 20 Personas</h1>",Alta,"+12% reservas grupos eventos","H1 con capacidad específica"
"https://ibizavilla.com/como-reservar/",Sin H1 en página proceso,"<h1>Cómo Reservar tu Villa de Lujo en Ibiza</h1>",Media,"+7% finalización proceso reserva","H1 educativo paso a paso"
