URL,Title_Actual_Duplicado,Veces_Usado,Title_Propuesto_Unico,Caracteres_Actual,Caracteres_Nuevo,Prioridad,Mejora_Esperada,Keywords_Anadidas
"https://ibizavilla.com/villas/villa-can-pep/","Alquiler Villas Ibiza - IbizaVilla",34,"Villa Can Pep San José - 6 Hab, Piscina Infinity | Ibiza",34,57,Crítica,"+32% CTR + Diferenciación","can pep|san josé|6 hab|piscina infinity"
"https://ibizavilla.com/villas/villa-moderna-luxury/","Alquiler Villas Ibiza - IbizaVilla",34,"Villa Moderna Luxury - 8 Hab, Vista Mar, Jacuzzi | Ibiza",34,58,Crítica,"+30% CTR + Relevancia","moderna|8 hab|vista mar|jacuzzi"
"https://ibizavilla.com/villas/villa-sunset-retreat/","Alquiler Villas Ibiza - IbizaVilla",34,"Villa Sunset Retreat - Piscina Infinity, 10 Pax | Ibiza",34,57,Crítica,"+28% CTR + Posicionamiento","sunset|piscina infinity|10 pax"
"https://ibizavilla.com/villas/can-pepito-beach/","Alquiler Villas Ibiza - IbizaVilla",34,"Can Pepito Beach - 1ª Línea Mar, Playa Privada | Ibiza",34,58,Crítica,"+35% CTR + Long-tail","can pepito|1ª línea|playa privada"
"https://ibizavilla.com/villas/traditional-finca/","Alquiler Villas Ibiza - IbizaVilla",34,"Finca Tradicional Ibicenca - 5 Hab, Jardín, Piscina",34,54,Alta,"+25% CTR + Nicho","finca|tradicional|ibicenca|jardín"
"https://ibizavilla.com/zonas/san-jose/","IbizaVilla | Villas de Lujo",12,"Alquiler Villas San José Ibiza - +50 Propiedades Lujo",28,56,Crítica,"+40% CTR + Geo-targeting","san josé|+50 propiedades|lujo"
"https://ibizavilla.com/zonas/santa-eulalia/","IbizaVilla | Villas de Lujo",12,"Villas Santa Eulalia - Playa Familiar, Gastronomía | Ibiza",28,59,Alta,"+38% CTR + Características zona","santa eulalia|playa familiar|gastronomía"
"https://ibizavilla.com/zonas/ibiza-centro/","IbizaVilla | Villas de Lujo",12,"Villas Ibiza Centro - Dalt Vila, Puerto, Vida Nocturna",28,56,Alta,"+35% CTR + Atracciones clave","ibiza centro|dalt vila|puerto|vida nocturna"
"https://ibizavilla.com/zonas/es-vedra/","IbizaVilla | Villas de Lujo",12,"Villas Vista Es Vedrà - Cala d'Hort, Energía Mágica | Ibiza",28,60,Alta,"+42% CTR + USP única","es vedrà|cala d'hort|energía mágica"
"https://ibizavilla.com/zonas/cala-comte/","IbizaVilla | Villas de Lujo",12,"Villas Cala Comte - Playa Turquesa, Puestas de Sol | Ibiza",28,59,Alta,"+37% CTR + Belleza natural","cala comte|playa turquesa|puestas sol"
"https://ibizavilla.com/villas/con-piscina-climatizada/","Villas Ibiza - IbizaVilla",23,"Villas con Piscina Climatizada Ibiza - Disfruta Todo el Año",25,59,Alta,"+30% CTR + Beneficio único","piscina climatizada|todo el año"
"https://ibizavilla.com/villas/primera-linea-mar/","Villas Ibiza - IbizaVilla",23,"Villas 1ª Línea de Mar Ibiza - Acceso Directo Playa Privada",25,60,Crítica,"+40% CTR + Premium positioning","1ª línea mar|acceso directo|playa privada"
"https://ibizavilla.com/villas/grupos-grandes/","Villas Ibiza - IbizaVilla",23,"Villas Grupos Grandes Ibiza - 12-20 Pax, Bodas y Eventos",25,58,Alta,"+35% CTR + Nicho específico","grupos grandes|12-20 pax|bodas|eventos"
"https://ibizavilla.com/villas/pet-friendly/","Villas Ibiza - IbizaVilla",23,"Villas Pet Friendly Ibiza - Viaja con tu Mascota | Jardín",25,58,Media,"+32% CTR + Segmento mascotas","pet friendly|mascota|jardín"
"https://ibizavilla.com/villas/con-tenis/","Villas Ibiza - IbizaVilla",23,"Villas con Pista de Tenis Ibiza - Para Familias Deportistas",25,59,Media,"+28% CTR + Característica deportiva","pista tenis|familias deportistas"
"https://ibizavilla.com/servicios/chef-privado/","Servicios Villas - IbizaVilla",8,"Chef Privado para Villa Ibiza - Cocina Mediterránea a Medida",29,58,Alta,"+30% CTR + Servicio específico","chef privado|cocina mediterránea|a medida"
"https://ibizavilla.com/servicios/masajes-spa/","Servicios Villas - IbizaVilla",8,"Masajes y Spa en Villa Ibiza - Relajación con Vista al Mar",29,59,Media,"+25% CTR + Experiencia wellness","masajes|spa|relajación|vista mar"
"https://ibizavilla.com/servicios/transfer-aeropuerto/","Servicios Villas - IbizaVilla",8,"Transfer Aeropuerto Ibiza - Servicio Privado Puerta a Puerta",29,59,Media,"+22% CTR + Conveniencia","transfer aeropuerto|privado|puerta puerta"
"https://ibizavilla.com/servicios/alquiler-coches/","Servicios Villas - IbizaVilla",8,"Alquiler Coches Lujo Ibiza - Descubre la Isla con Estilo",29,56,Media,"+20% CTR + Complemento estancia","alquiler coches|lujo|descubre isla"
"https://ibizavilla.com/blog/mejores-playas-ibiza/","Blog IbizaVilla",15,"15 Mejores Playas de Ibiza 2025 - Guía Completa con Mapa",16,58,Alta,"+28% CTR + Keyword informacional","15 mejores playas|2025|guía|mapa"
"https://ibizavilla.com/blog/restaurantes-ibiza/","Blog IbizaVilla",15,"Top 20 Restaurantes Ibiza 2025 - De Playa, Lujo y Locales",16,59,Alta,"+26% CTR + Número específico","top 20 restaurantes|2025|playa|lujo|locales"
"https://ibizavilla.com/blog/guia-ibiza-2025/","Blog IbizaVilla",15,"Guía Completa Ibiza 2025 - Playas, Calas, Rutas y Consejos",16,59,Alta,"+30% CTR + Comprehensivo","guía completa|2025|playas|calas|rutas"
"https://ibizavilla.com/blog/que-hacer-ibiza/","Blog IbizaVilla",15,"Qué Hacer en Ibiza - 30 Actividades y Planes Imprescindibles",16,59,Media,"+24% CTR + Cantidad actividades","qué hacer|30 actividades|imprescindibles"
"https://ibizavilla.com/blog/calas-secretas/","Blog IbizaVilla",15,"10 Calas Secretas de Ibiza - Tesoros Escondidos Sin Turistas",16,60,Media,"+32% CTR + Exclusividad","10 calas secretas|tesoros|sin turistas"
"https://ibizavilla.com/villas/moderna-arquitectura/","Villa Moderna - IbizaVilla",7,"Villa Moderna Arquitectura Vanguardista - Diseño Awards Ibiza",27,60,Alta,"+25% CTR + Diferenciador diseño","moderna|arquitectura|vanguardista|awards"
"https://ibizavilla.com/villas/eco-friendly-sostenible/","Villa Moderna - IbizaVilla",7,"Villa Eco-Friendly Ibiza - Solar, Sostenible, Lujo Consciente",27,60,Media,"+28% CTR + Tendencia sostenible","eco-friendly|solar|sostenible|lujo consciente"
