URL,Longitud_Actual,Problema,URL_Optimizada_Propuesta,Prioridad,Impacto_Estimado
"https://ibizavilla.com/es/alquiler/villas/ibiza/san-jose/luxury-properties/villa-can-pepito-5-bedrooms-sea-view-private-pool-garden-bbq-wifi",127,URL excesivamente larga (>100 caracteres),"/alquiler/villa-can-pepito-san-jose/",Crítica,"+12% CTR en SERPs"
"https://ibizavilla.com/es/propiedad/123456/villa-moderna-con-piscina-infinity-vistas-al-mar-mediterraneo-6-dormitorios-8-banos",120,URL excesivamente larga con ID visible,"/alquiler/villa-moderna-piscina-infinity-ibiza/",Crítica,"+15% CTR + Mejor UX"
"https://ibizavilla.com/villas?sort=price&view=grid&page=2&sessionid=abc123",78,Parámetros de sesión y filtros innecesarios,"/villas/ + canonical tag",Alta,"Eliminar duplicados"
"https://ibizavilla.com/buscar?zona=ibiza&tipo=villa&personas=6&utm_source=google",83,Parámetros de búsqueda y tracking,"/alquiler/villas-ibiza/ + canonical",Alta,"Consolidar PageRank"
"/villa/123",11,Estructura inconsistente (ID numérico),"/alquiler/villas/{nombre-villa}/",Media,"Mejorar sem\u00e1ntica"
"/villas/villa-moderna",23,Redundancia en estructura,"/alquiler/villa-moderna/",Media,"Simplificar jerarqu\u00eda"
"/property/456",13,Mezcla inglés-español con ID,"/alquiler/villas/{nombre-villa}/",Media,"Consistencia idioma"
"/propiedad/casa-ibiza",22,Mezcla de términos (propiedad/casa),"/alquiler/casa-ibiza/",Media,"Estandarizar terminolog\u00eda"
"/villas/ibiza/cala d'hort/",26,Caracteres especiales sin codificar,"/villas/ibiza/cala-dhort/",Alta,"Evitar errores 404"
"/alquiler/casa señorial/",24,Acento sin codificar,"/alquiler/casa-senorial/",Alta,"Enlaces funcionales"
