{
  "version": "1.0",
  "proyecto": {
    "cliente": "Ibiza Villa",
    "site": "https://www.ibizavilla.com/",
    "fecha": "2025-11-01"
  },
  "paginas": [
    {
      "id": "pagina-XXX",
      "titulo": "Nombre de la página",
      "subtitulo": "Descripción breve",
      "fuentes": [
        {
          "nombre": "Google Analytics 4",
          "codigo": "GA4",
          "origen": "api",
          "ruta": "datasets/ga4/*.csv",
          "metricas": ["sessions", "users", "conversions", "revenue"]
        },
        {
          "nombre": "Google Search Console",
          "codigo": "GSC",
          "origen": "api",
          "ruta": "datasets/gsc/*.csv",
          "metricas": ["clicks", "impressions", "ctr", "position"]
        }
      ],
      "bullets": ["punto 1", "punto 2"],
      "notas": "Notas específicas de esta página"
    }
  ],
  "datasets": {
    "ga4": {
      "descripcion": "Exportaciones de GA4 por pagePath, dispositivo, país",
      "ubicacion": "FASE_4_RECOPILACION_DATOS/datos_ga4/",
      "formato": "CSV/JSON"
    },
    "gsc": {
      "descripcion": "Consultas y páginas de GSC últimos 30 días",
      "ubicacion": "FASE_4_RECOPILACION_DATOS/datos_gsc/",
      "formato": "CSV/JSON"
    },
    "ahrefs": {
      "descripcion": "Backlinks, anchors, referring domains, organic keywords",
      "ubicacion": "FASE_4_RECOPILACION_DATOS/datos_ahrefs/",
      "formato": "CSV"
    },
    "screaming_frog": {
      "descripcion": "Crawl técnico (status codes, meta, canonicals, sitemaps)",
      "ubicacion": "FASE_4_RECOPILACION_DATOS/datos_screaming_frog/",
      "formato": "CSV"
    }
  },
  "historial": {
    "descripcion": "Eventos y copias de seguridad por paso",
    "endpoint": "WEB_AUDITORIA/api/logger.php",
    "backups": "WEB_AUDITORIA/logs/backups/",
    "events": "WEB_AUDITORIA/logs/history/"
  }
}