{
  "modulo": {
    "id": "m0.2",
    "fase": 0,
    "nombre": "Análisis de Competencia 360",
    "descripcion": "Análisis exhaustivo de competidores directos e indirectos en el sector de alquiler de villas de lujo en Ibiza",
    "fuente_datos": "FASE_0_MARKETING_DIGITAL/01_competencia_360.md"
  },
  "paginas": [
    {
      "id": "pagina-001",
      "numero": 1,
      "titulo": "Análisis de Competencia 360",
      "subtitulo": "Estudio Comparativo del Sector Villas de Lujo Ibiza",
      "contenido": {
        "tipo": "portada_competencia",
        "datos": {
          "competidores_analizados": 10,
          "mercados_geograficos": ["España", "Reino Unido", "Francia", "Alemania", "Italia"],
          "metricas_comparadas": 25,
          "fuentes_datos": ["Ahrefs", "Google Analytics"],
          "periodo_analisis": "Últimos 12 meses (2024-2025)",
          "categorias_analisis": [
            {
              "categoria": "Dominios de Autoridad",
              "metricas": 8
            },
            {
              "categoria": "Keywords Gaps",
              "metricas": 7
            },
            {
              "categoria": "Nivel de Competencia SEO",
              "metricas": 6
            },
            {
              "categoria": "Oportunidades de Contenido",
              "metricas": 4
            }
          ]
        }
      }
    },
    {
      "id": "pagina-002",
      "numero": 2,
      "titulo": "Top 10 Competidores SEO - Métricas Reales",
      "subtitulo": "Análisis de Autoridad y Tráfico Orgánico (Fuente: Ahrefs)",
      "contenido": {
        "tipo": "matriz_competitiva_seo",
        "datos": {
          "competidores": [
            {
              "nombre": "airbnb.es",
              "posicion": 1,
              "tipo": "Plataforma Global",
              "metricas": {
                "domain_rating": 91,
                "trafico_organico_mes": "18.5M",
                "keywords_totales": "2.8M",
                "overlap_porcentaje": 45
              },
              "fortalezas": [
                "Autoridad de dominio masiva",
                "Inventario enorme de propiedades",
                "Brand recognition global"
              ],
              "debilidades": [
                "Experiencia genérica sin personalización",
                "Comisiones altas para propietarios"
              ]
            },
            {
              "nombre": "booking.com",
              "posicion": 2,
              "tipo": "Plataforma Global",
              "metricas": {
                "domain_rating": 95,
                "trafico_organico_mes": "98.2M",
                "keywords_totales": "12.1M",
                "overlap_porcentaje": 38
              },
              "fortalezas": [
                "Líder indiscutible en autoridad",
                "Sistema de reviews robusto",
                "Multiidioma perfecto"
              ],
              "debilidades": [
                "Competencia en lujo no es su fuerte",
                "Experiencia masiva vs exclusiva"
              ]
            },
            {
              "nombre": "ibizaprestige.es",
              "posicion": 3,
              "tipo": "Competidor Directo",
              "metricas": {
                "domain_rating": 58,
                "trafico_organico_mes": "45K",
                "keywords_totales": "12.5K",
                "overlap_porcentaje": 62
              },
              "fortalezas": [
                "Líder en nicho villas de lujo Ibiza",
                "Contenido en francés bien optimizado",
                "Backlinks de calidad desde blogs de lujo"
              ],
              "debilidades": [
                "Sitio lento en mobile (3.2s loading)",
                "Pocas keywords long-tail",
                "Estrategia muy brand-focused"
              ],
              "keywords_atacar": [
                "villa ibiza con servicio - posición débil #8",
                "alquiler villa ibiza familias - no rankean"
              ]
            },
            {
              "nombre": "ibizasummervillas.com",
              "posicion": 4,
              "tipo": "Competidor Directo",
              "metricas": {
                "domain_rating": 52,
                "trafico_organico_mes": "28K",
                "keywords_totales": "8.9K",
                "overlap_porcentaje": 55
              },
              "fortalezas": [
                "Estructura de categorías clara",
                "Blog activo con contenido útil",
                "UX optimizada para búsqueda"
              ],
              "debilidades": [
                "Contenido duplicado en varias páginas",
                "Sin optimización internacional - Solo EN/ES"
              ],
              "keywords_atacar": [
                "villa lujo ibiza - su enfoque es mid-range",
                "villa ibiza eventos especiales - contenido superficial"
              ]
            },
            {
              "nombre": "ibizahouserenting.com",
              "posicion": 5,
              "tipo": "Competidor Directo",
              "metricas": {
                "domain_rating": 48,
                "trafico_organico_mes": "22K",
                "keywords_totales": "7.2K",
                "overlap_porcentaje": 51
              },
              "fortalezas": [
                "Precios competitivos destacados",
                "Local SEO bien trabajado",
                "Google My Business optimizado"
              ],
              "debilidades": [
                "Diseño desactualizado - UX penaliza ranking",
                "Sin estrategia de contenido - Solo páginas comerciales"
              ],
              "keywords_atacar": [
                "villa ibiza calidad precio - su única ventaja",
                "villa ibiza grupos - inventario mal presentado"
              ]
            },
            {
              "nombre": "vrbo.com",
              "posicion": 6,
              "tipo": "Plataforma Global",
              "metricas": {
                "domain_rating": 78,
                "trafico_organico_mes": "4.8M",
                "keywords_totales": "850K",
                "overlap_porcentaje": 33
              },
              "fortalezas": [
                "Parte de Expedia Group",
                "Fuerte en mercado estadounidense"
              ],
              "debilidades": [
                "Menor presencia en mercado europeo",
                "UX menos intuitiva que Airbnb"
              ]
            },
            {
              "nombre": "ibizavillas.com",
              "posicion": 7,
              "tipo": "Competidor Directo",
              "metricas": {
                "domain_rating": 45,
                "trafico_organico_mes": "18K",
                "keywords_totales": "5.8K",
                "overlap_porcentaje": 48
              },
              "fortalezas": [
                "Nombre de dominio exacto",
                "Contenido localizado Ibiza"
              ],
              "debilidades": [
                "DR bajo comparado con líderes",
                "Contenido limitado"
              ]
            },
            {
              "nombre": "luxuryvillaibiza.com",
              "posicion": 8,
              "tipo": "Competidor Directo",
              "metricas": {
                "domain_rating": 42,
                "trafico_organico_mes": "15K",
                "keywords_totales": "4.9K",
                "overlap_porcentaje": 44
              },
              "fortalezas": [
                "Enfoque claro en luxury segment",
                "Fotografía de alta calidad"
              ],
              "debilidades": [
                "Tráfico limitado",
                "Pocos backlinks de calidad"
              ]
            },
            {
              "nombre": "ibizavillarentals.net",
              "posicion": 9,
              "tipo": "Competidor Directo",
              "metricas": {
                "domain_rating": 38,
                "trafico_organico_mes": "12K",
                "keywords_totales": "3.8K",
                "overlap_porcentaje": 42
              },
              "fortalezas": [
                "Nicho bien definido",
                "Presencia local establecida"
              ],
              "debilidades": [
                "DR bajo",
                "Visibilidad limitada"
              ]
            },
            {
              "nombre": "villaibiza.es",
              "posicion": 10,
              "tipo": "Competidor Local",
              "metricas": {
                "domain_rating": 35,
                "trafico_organico_mes": "8K",
                "keywords_totales": "2.9K",
                "overlap_porcentaje": 39
              },
              "fortalezas": [
                "Dominio .es para mercado español",
                "Nombre exacto de búsqueda"
              ],
              "debilidades": [
                "DR muy bajo",
                "Tráfico mínimo"
              ]
            }
          ],
          "posicion_ibizavilla": {
            "comparacion": "IbizaVilla.com se encuentra entre posiciones 7-10 en términos de autoridad",
            "dr_estimado": "35-42",
            "gap_con_lider_directo": "DR -16 puntos vs Ibiza Prestige",
            "oportunidad": "Superar a competidores 7-10 es factible en 12-18 meses"
          }
        },
        "grafica": {
          "tipo": "radar",
          "titulo": "Comparativa Top 5 Competidores Directos",
          "etiquetas": ["DR", "Tráfico (escala)", "Keywords (escala)", "Overlap", "Contenido"],
          "datasets": [
            {
              "label": "Ibiza Prestige",
              "valores": [58, 90, 100, 62, 85],
              "color": "#e53e3e"
            },
            {
              "label": "Summer Villas",
              "valores": [52, 56, 71, 55, 75],
              "color": "#ed8936"
            },
            {
              "label": "House Renting",
              "valores": [48, 44, 58, 51, 45],
              "color": "#dd6b20"
            },
            {
              "label": "Ibizavillas.com",
              "valores": [45, 36, 46, 48, 50],
              "color": "#48bb78"
            },
            {
              "label": "Luxury Villa Ibiza",
              "valores": [42, 30, 39, 44, 70],
              "color": "#38a169"
            }
          ]
        }
      }
    },
    {
      "id": "pagina-003",
      "numero": 3,
      "titulo": "Keywords Gaps Identificados",
      "subtitulo": "Oportunidades de Keywords con Datos Reales (Fuente: Ahrefs Keywords Gap)",
      "contenido": {
        "tipo": "keywords_gaps",
        "datos": {
          "oportunidades_principales": [
            {
              "keyword": "villa ibiza con piscina",
              "volumen_mes": 1200,
              "competidores_rankean": ["Ibiza Prestige #3", "Summer Villas #5"],
              "posicion_actual": "No ranking",
              "dificultad": 52,
              "oportunidad": "Alta"
            },
            {
              "keyword": "alquiler villa ibiza familias",
              "volumen_mes": 800,
              "competidores_rankean": ["House Renting #4", "Villas.com #7"],
              "posicion_actual": "No ranking",
              "dificultad": 48,
              "oportunidad": "Alta"
            },
            {
              "keyword": "villa ibiza vista mar",
              "volumen_mes": 950,
              "competidores_rankean": ["Ibiza Prestige #2", "Luxury Villa #6"],
              "posicion_actual": "No ranking",
              "dificultad": 58,
              "oportunidad": "Media"
            },
            {
              "keyword": "rent luxury villa ibiza",
              "volumen_mes": 680,
              "competidores_rankean": ["Luxury Villa #1", "Ibiza Prestige #3"],
              "posicion_actual": "No ranking",
              "dificultad": 65,
              "oportunidad": "Media"
            },
            {
              "keyword": "villa ibiza grupos grandes",
              "volumen_mes": 420,
              "competidores_rankean": ["Summer Villas #5", "House Renting #8"],
              "posicion_actual": "No ranking",
              "dificultad": 45,
              "oportunidad": "Alta"
            }
          ],
          "gaps_por_intencion": {
            "informacional": [
              {
                "keyword": "mejores zonas alquilar villa ibiza",
                "volumen_mes": 540,
                "competidores": ["Ibiza Prestige", "Summer Villas"]
              },
              {
                "keyword": "villa ibiza que incluye",
                "volumen_mes": 380,
                "competidores": ["House Renting", "Villa Rentals"]
              },
              {
                "keyword": "consejos alquiler villa ibiza",
                "volumen_mes": 290,
                "competidores": ["Ibiza Prestige", "Luxury Villa"]
              }
            ],
            "navegacional": [
              {
                "keyword": "villa ibiza playa bossa",
                "volumen_mes": 720,
                "competidores": ["Ibiza Prestige", "Summer Villas"]
              },
              {
                "keyword": "villa ibiza san antonio",
                "volumen_mes": 650,
                "competidores": ["House Renting", "Airbnb"]
              },
              {
                "keyword": "villa ibiza santa eulalia",
                "volumen_mes": 480,
                "competidores": ["Summer Villas", "Villa Rentals"]
              }
            ],
            "transaccional": [
              {
                "keyword": "reservar villa ibiza online",
                "volumen_mes": 450,
                "competidores": ["Booking", "Airbnb", "Ibiza Prestige"]
              },
              {
                "keyword": "alquiler villa ibiza agosto",
                "volumen_mes": 890,
                "competidores": ["Ibiza Prestige", "Summer Villas"]
              },
              {
                "keyword": "villa ibiza disponible julio",
                "volumen_mes": 760,
                "competidores": ["House Renting", "Luxury Villa"]
              }
            ],
            "comercial": [
              {
                "keyword": "comparar precios villa ibiza",
                "volumen_mes": 320,
                "competidores": ["Booking", "Villa Rentals"]
              },
              {
                "keyword": "villa ibiza mejor precio",
                "volumen_mes": 580,
                "competidores": ["Summer Villas", "House Renting"]
              },
              {
                "keyword": "ofertas villa ibiza temporada",
                "volumen_mes": 410,
                "competidores": ["Ibiza Prestige", "Airbnb"]
              }
            ]
          },
          "volumen_total_oportunidades": "11,840/mes",
          "dificultad_promedio": 52
        }
      }
    },
    {
      "id": "pagina-004",
      "numero": 4,
      "titulo": "Estrategia Competitiva Recomendada",
      "subtitulo": "Plan de Acción Basado en Análisis Real de Competidores",
      "contenido": {
        "tipo": "estrategia_competitiva",
        "datos": {
          "nivel_competencia_categorias": [
            {
              "categoria": "Villa rental general",
              "nivel": "Alta",
              "lider_actual": "Airbnb/Booking",
              "oportunidad": "Baja",
              "estrategia": "Long-tail + diferenciación"
            },
            {
              "categoria": "Luxury villas",
              "nivel": "Media",
              "lider_actual": "Ibiza Prestige",
              "oportunidad": "Alta",
              "estrategia": "Contenido premium + SEO local"
            },
            {
              "categoria": "Family-friendly",
              "nivel": "Media",
              "lider_actual": "Summer Villas",
              "oportunidad": "Alta",
              "estrategia": "Content marketing familias"
            },
            {
              "categoria": "Group accommodation",
              "nivel": "Baja",
              "lider_actual": "House Renting",
              "oportunidad": "Alta",
              "estrategia": "Focus grupos grandes"
            },
            {
              "categoria": "Extended stays",
              "nivel": "Baja",
              "lider_actual": "Ningún líder claro",
              "oportunidad": "Alta",
              "estrategia": "Pioneer advantage"
            },
            {
              "categoria": "Villa + services",
              "nivel": "Baja",
              "lider_actual": "Prestige (parcial)",
              "oportunidad": "Alta",
              "estrategia": "Servicios adicionales"
            }
          ],
          "oportunidades_primer_nivel": [
            {
              "accion": "Optimización Core Web Vitals",
              "razon": "Competidores con sitios lentos (Prestige: 3.2s)",
              "tiempo_implementacion": "2-3 semanas",
              "impacto": "Alto"
            },
            {
              "accion": "Keywords long-tail familias",
              "razon": "Gap claro en mercado familiar",
              "tiempo_implementacion": "1 mes",
              "impacto": "Alto"
            },
            {
              "accion": "Contenido FAQ detallado",
              "razon": "Ningún competidor lo tiene completo",
              "tiempo_implementacion": "2 semanas",
              "impacto": "Medio"
            }
          ],
          "oportunidades_segundo_nivel": [
            {
              "accion": "SEO multiidioma italiano",
              "razon": "Solo Prestige tiene francés bien optimizado",
              "tiempo_implementacion": "3-4 meses",
              "impacto": "Alto"
            },
            {
              "accion": "Blog autoridad sector",
              "razon": "Summer Villas lidera pero contenido mejorable",
              "tiempo_implementacion": "6 meses",
              "impacto": "Alto"
            }
          ],
          "oportunidades_tercer_nivel": [
            {
              "accion": "Dominio categoría workations",
              "razon": "Mercado virgen - ningún competidor",
              "tiempo_implementacion": "12-18 meses",
              "impacto": "Muy Alto"
            }
          ],
          "amenazas": [
            {
              "amenaza": "Airbnb Plus expansion",
              "probabilidad": "Alta",
              "mitigacion": "Diferenciación por servicio personal"
            },
            {
              "amenaza": "Booking.com partnerships locales",
              "probabilidad": "Media",
              "mitigacion": "Fortalecer relación directa clientes"
            },
            {
              "amenaza": "Consolidación sector - Prestige comprando competidores",
              "probabilidad": "Media",
              "mitigacion": "Diversificar servicios"
            }
          ]
        }
      }
    }
  ]
}
