url,elemento_optimizar,problema_actual,valor_actual,valor_propuesto,keyword_objetivo,impacto_seo,dificultad_implementacion,prioridad,tiempo_estimado_min
https://ibizavilla.com,Title tag,Demasiado corto,Ibiza Villa | Inmobiliaria,Ibiza Villa - Villas de Lujo en Venta y Alquiler | Propiedades Exclusivas Ibiza,villas lujo ibiza,Alto,Baja,Crítica,5
https://ibizavilla.com,Meta description,No incluye CTA,Inmobiliaria especializada en propiedades de lujo en Ibiza.,"Descubre villas de lujo en venta y alquiler en Ibiza. +200 propiedades exclusivas, asesoramiento personalizado. Contacta con expertos inmobiliarios ☎ +34 871 00 60 52",villas lujo ibiza,Medio,Baja,Alta,10
https://ibizavilla.com,H1,No incluye keyword principal,Bienvenido a Ibiza Villa,Villas de Lujo en Ibiza: Venta y Alquiler de Propiedades Exclusivas,villas lujo ibiza,Alto,Baja,Crítica,5
https://ibizavilla.com/propiedades,Title tag,Genérico sin diferenciación,Propiedades - Ibiza Villa,Propiedades en Venta Ibiza | +200 Villas y Casas de Lujo | Ibiza Villa,propiedades venta ibiza,Alto,Baja,Crítica,5
https://ibizavilla.com/propiedades,Canonical,Falta canonical,N/A,<link rel="canonical" href="https://ibizavilla.com/propiedades">,N/A,Medio,Baja,Alta,3
https://ibizavilla.com/propiedades/villa-talamanca-ref-2024-089,Title tag,Falta ubicación específica,Villa en Venta - Ref 2024-089,Villa de Lujo en Talamanca Ibiza | 5 Habitaciones | Primera Línea Mar - Ref 2024-089,villa talamanca,Alto,Baja,Alta,10
https://ibizavilla.com/propiedades/villa-talamanca-ref-2024-089,Schema markup,Falta schema Product/RealEstateListing,N/A,Implementar JSON-LD con RealEstateListing + FAQPage,villa talamanca,Alto,Media,Crítica,30
https://ibizavilla.com/propiedades/villa-talamanca-ref-2024-089,Imágenes alt,15 imágenes sin alt text,alt="",alt="Villa de lujo en primera línea Talamanca con piscina infinity" (descriptivo por imagen),villa talamanca,Medio,Baja,Alta,20
https://ibizavilla.com/alquileres/verano,H1,No optimizado para búsqueda,Alquileres de Verano,Alquiler de Villas en Ibiza para Verano | Casas Vacacionales de Lujo,alquiler villas ibiza verano,Alto,Baja,Crítica,5
https://ibizavilla.com/alquileres/verano,Internal linking,Solo 2 enlaces internos,N/A,Añadir 5-8 enlaces contextuales a propiedades y servicios,alquiler verano,Medio,Baja,Media,15
https://ibizavilla.com/blog/guia-compra-ibiza-2025,Title tag,Año no en título,Guía para Comprar una Villa en Ibiza,Guía Completa 2025: Cómo Comprar una Villa en Ibiza | Consejos Expertos,comprar villa ibiza,Alto,Baja,Alta,5
https://ibizavilla.com/blog/guia-compra-ibiza-2025,Tabla de contenidos,Falta TOC para artículo largo,N/A,Añadir tabla de contenidos navegable con anchor links,comprar villa ibiza,Bajo,Media,Baja,45
https://ibizavilla.com/areas/santa-eulalia,Title tag,No menciona "propiedades" o "villas",Santa Eulalia - Ibiza Villa,Propiedades en Santa Eulalia del Río | Villas y Casas en Venta | Ibiza,propiedades santa eulalia,Alto,Baja,Alta,5
https://ibizavilla.com/areas/santa-eulalia,Contenido,Thin content (180 palabras),180 palabras,Expandir a 800+ palabras con info sobre zona + propiedades + estilo vida,santa eulalia ibiza,Alto,Alta,Crítica,120
https://ibizavilla.com/areas/santa-eulalia,Schema markup,Falta LocalBusiness,N/A,Añadir schema LocalBusiness para oficina en Santa Eulalia,N/A,Medio,Media,Media,20
https://ibizavilla.com/contacto,Title tag,No incluye localización,Contacto - Ibiza Villa,Contacto Ibiza Villa | Asesores Inmobiliarios en Ibiza ☎ +34 871 00 60 52,contacto inmobiliaria ibiza,Medio,Baja,Media,5
https://ibizavilla.com/contacto,Structured data,Falta ContactPoint,N/A,Implementar schema Organization + ContactPoint,N/A,Bajo,Media,Media,25
https://ibizavilla.com/gestion-propiedades,Meta description,No clara,Servicios de gestión de propiedades en Ibiza.,Gestión integral de propiedades en Ibiza: alquileres vacacionales + mantenimiento + marketing. Maximiza la rentabilidad de tu villa. Consulta sin compromiso.,gestion propiedades ibiza,Medio,Baja,Media,10
https://ibizavilla.com/gestion-propiedades,H2 headings,Solo 1 H2,<h2>Nuestros Servicios</h2>,Añadir 3-4 H2 descriptivos con keywords: "Gestión de Alquileres Vacacionales" + "Mantenimiento de Villas" + "Marketing de Propiedades",gestion propiedades,Medio,Baja,Media,20
https://ibizavilla.com/calculadora-rentabilidad,Title tag,No atractivo,Calculadora - Ibiza Villa,Calculadora de Rentabilidad | Calcula el ROI de tu Villa en Ibiza | Gratis,calculadora rentabilidad villa,Alto,Baja,Alta,5
