{
  "titulo": "Análisis E-E-A-T",
  "subtitulo": "Experience, Expertise, Authoritativeness, Trustworthiness",
  "fecha_analisis": "15/10/2025",
  "cliente": "Ibiza Villa",
  "resumen_ejecutivo": {
    "descripcion": "Análisis exhaustivo de las señales E-E-A-T del sitio Ibiza Villa según Quality Rater Guidelines de Google. El sitio muestra fortalezas en experiencia práctica y trustworthiness, pero presenta oportunidades significativas de mejora en expertise documentado y authoritativeness externa.",
    "puntuacion_general": 68,
    "experience_score": 78,
    "expertise_score": 62,
    "authoritativeness_score": 58,
    "trustworthiness_score": 75,
    "gaps_criticos": 8
  },
  "experience_signals": {
    "puntuacion": 78,
    "nivel": "high",
    "descripcion": "El sitio demuestra experiencia práctica sólida en alquiler de villas de lujo en Ibiza, con evidencias de conocimiento de primera mano del mercado local y las propiedades.",
    "signals": [
      {
        "nombre": "Fotografía original de propiedades",
        "descripcion": "Imágenes profesionales propias (no stock) de las villas",
        "estado": "presente",
        "estado_texto": "Implementado - 340+ fotos originales"
      },
      {
        "nombre": "Descripciones detalladas basadas en visitas",
        "descripcion": "Contenido que refleja inspección personal de propiedades",
        "estado": "presente",
        "estado_texto": "Implementado - Detalles específicos por villa"
      },
      {
        "nombre": "Guías locales de Ibiza",
        "descripcion": "Contenido sobre zonas, playas y servicios locales",
        "estado": "parcial",
        "estado_texto": "Parcial - Solo 3 guías de zonas"
      },
      {
        "nombre": "Testimonios con experiencias específicas",
        "descripcion": "Reseñas que mencionan detalles concretos de la estancia",
        "estado": "presente",
        "estado_texto": "Implementado - 87 testimonios verificados"
      },
      {
        "nombre": "Casos de estudio de eventos reales",
        "descripcion": "Ejemplos documentados de bodas, eventos corporativos",
        "estado": "ausente",
        "estado_texto": "No implementado"
      },
      {
        "nombre": "Blog con experiencias de temporada",
        "descripcion": "Contenido actualizado basado en estaciones y eventos",
        "estado": "parcial",
        "estado_texto": "Parcial - Actualización irregular"
      },
      {
        "nombre": "Videos tours de propiedades",
        "descripcion": "Video recorridos profesionales de villas",
        "estado": "presente",
        "estado_texto": "Implementado - 28 video tours"
      },
      {
        "nombre": "Comparativas entre propiedades",
        "descripcion": "Análisis comparativo basado en experiencia directa",
        "estado": "ausente",
        "estado_texto": "No implementado"
      }
    ]
  },
  "expertise_signals": {
    "puntuacion": 62,
    "nivel": "medium",
    "descripcion": "Se demuestra conocimiento del mercado inmobiliario de lujo en Ibiza, pero falta documentación formal de credenciales y expertise del equipo.",
    "signals": [
      {
        "nombre": "Biografías del equipo con credenciales",
        "descripcion": "Página 'Sobre Nosotros' con experiencia del equipo",
        "estado": "parcial",
        "estado_texto": "Parcial - Información genérica, sin credenciales"
      },
      {
        "nombre": "Certificaciones inmobiliarias",
        "descripcion": "Licencias y certificaciones del sector",
        "estado": "ausente",
        "estado_texto": "No visible en el sitio"
      },
      {
        "nombre": "Años de experiencia documentados",
        "descripcion": "Historial verificable de trayectoria en el sector",
        "estado": "presente",
        "estado_texto": "Mencionado - 15+ años de experiencia"
      },
      {
        "nombre": "Publicaciones en medios especializados",
        "descripcion": "Artículos firmados en prensa de lujo/inmobiliaria",
        "estado": "ausente",
        "estado_texto": "No implementado"
      },
      {
        "nombre": "Premios y reconocimientos del sector",
        "descripcion": "Awards de turismo de lujo o inmobiliario",
        "estado": "ausente",
        "estado_texto": "No mencionado"
      },
      {
        "nombre": "Colaboraciones con marcas de lujo",
        "descripcion": "Partnerships con empresas premium verificables",
        "estado": "parcial",
        "estado_texto": "Parcial - 3 colaboraciones mencionadas"
      },
      {
        "nombre": "Contenido educativo especializado",
        "descripcion": "Guías detalladas sobre alquiler de villas de lujo",
        "estado": "presente",
        "estado_texto": "Implementado - 12 guías especializadas"
      },
      {
        "nombre": "Participación en eventos del sector",
        "descripcion": "Presencia en ferias inmobiliarias y de turismo de lujo",
        "estado": "ausente",
        "estado_texto": "No documentado"
      }
    ]
  },
  "authoritativeness_signals": {
    "puntuacion": 58,
    "nivel": "medium",
    "descripcion": "Reconocimiento moderado en el sector, pero con oportunidades significativas para aumentar la autoridad externa a través de menciones, enlaces y presencia en medios.",
    "signals": [
      {
        "nombre": "Menciones en medios de turismo de lujo",
        "descripcion": "Apariciones en Forbes, Condé Nast, etc.",
        "estado": "ausente",
        "estado_texto": "No implementado",
        "valor_actual": 0,
        "valor_objetivo": 10
      },
      {
        "nombre": "Backlinks de sitios autoritativos",
        "descripcion": "Enlaces desde sitios DR 70+ del sector",
        "estado": "parcial",
        "estado_texto": "Parcial - Solo 4 enlaces DR 70+",
        "valor_actual": 4,
        "valor_objetivo": 25
      },
      {
        "nombre": "Citaciones en guías de viaje",
        "descripcion": "Menciones en Lonely Planet, Time Out, etc.",
        "estado": "ausente",
        "estado_texto": "No implementado",
        "valor_actual": 0,
        "valor_objetivo": 5
      },
      {
        "nombre": "Presencia en directorios premium",
        "descripcion": "Listado en directorios de lujo verificados",
        "estado": "presente",
        "estado_texto": "Implementado - 7 directorios",
        "valor_actual": 7,
        "valor_objetivo": 15
      },
      {
        "nombre": "Reviews en plataformas de lujo",
        "descripcion": "Reseñas en TripAdvisor Traveler's Choice, Virtuoso",
        "estado": "parcial",
        "estado_texto": "Parcial - TripAdvisor presente, falta Virtuoso",
        "valor_actual": 87,
        "valor_objetivo": 200
      },
      {
        "nombre": "Colaboraciones con influencers verificados",
        "descripcion": "Partnerships con travel influencers de autoridad",
        "estado": "ausente",
        "estado_texto": "No implementado",
        "valor_actual": 0,
        "valor_objetivo": 8
      },
      {
        "nombre": "Cobertura en prensa local de Ibiza",
        "descripcion": "Menciones en medios locales de las Islas Baleares",
        "estado": "presente",
        "estado_texto": "Implementado - 12 menciones",
        "valor_actual": 12,
        "valor_objetivo": 30
      },
      {
        "nombre": "Asociaciones profesionales",
        "descripcion": "Membresía en asociaciones de turismo/inmobiliarias",
        "estado": "ausente",
        "estado_texto": "No visible"
      }
    ]
  },
  "trustworthiness_signals": {
    "puntuacion": 75,
    "nivel": "high",
    "descripcion": "Sólidas señales de confianza con políticas claras, seguridad del sitio y transparencia en transacciones. Área más fuerte del perfil E-E-A-T actual.",
    "signals": [
      {
        "nombre": "Certificado SSL (HTTPS)",
        "descripcion": "Conexión segura en todo el sitio",
        "estado": "presente",
        "estado_texto": "Implementado - SSL válido"
      },
      {
        "nombre": "Políticas de privacidad claras",
        "descripcion": "Política GDPR compliant visible",
        "estado": "presente",
        "estado_texto": "Implementado - GDPR completo"
      },
      {
        "nombre": "Términos y condiciones detallados",
        "descripcion": "T&C específicos para alquileres",
        "estado": "presente",
        "estado_texto": "Implementado - 8 páginas detalladas"
      },
      {
        "nombre": "Información de contacto completa",
        "descripcion": "Dirección física, teléfono, email verificables",
        "estado": "presente",
        "estado_texto": "Implementado - Oficina en Ibiza visible"
      },
      {
        "nombre": "Política de cancelación transparente",
        "descripcion": "Condiciones de cancelación claras y justas",
        "estado": "presente",
        "estado_texto": "Implementado - Política flexible visible"
      },
      {
        "nombre": "Métodos de pago seguros",
        "descripcion": "Pasarelas de pago reconocidas y seguras",
        "estado": "presente",
        "estado_texto": "Implementado - Stripe + PayPal"
      },
      {
        "nombre": "Testimonios verificados",
        "descripcion": "Reseñas con verificación de estancia real",
        "estado": "parcial",
        "estado_texto": "Parcial - No todos verificados"
      },
      {
        "nombre": "Garantías y seguros mencionados",
        "descripcion": "Información sobre seguros de cancelación y daños",
        "estado": "presente",
        "estado_texto": "Implementado - Seguros explicados"
      },
      {
        "nombre": "Respaldo de satisfacción del cliente",
        "descripcion": "Garantía de satisfacción o políticas de resolución",
        "estado": "presente",
        "estado_texto": "Implementado - Garantía visible"
      },
      {
        "nombre": "Sin señales de spam o contenido engañoso",
        "descripcion": "Ausencia de prácticas manipulativas",
        "estado": "presente",
        "estado_texto": "Limpio - Sin prácticas cuestionables"
      },
      {
        "nombre": "Actualización regular de contenido",
        "descripcion": "Fechas de actualización visibles y recientes",
        "estado": "parcial",
        "estado_texto": "Parcial - Algunas páginas desactualizadas"
      },
      {
        "nombre": "Respuesta activa a reviews",
        "descripcion": "Engagement con reviews positivas y negativas",
        "estado": "presente",
        "estado_texto": "Implementado - 92% de reviews con respuesta"
      }
    ]
  },
  "analisis_competencia": [
    {
      "sitio": "Ibiza Villa (Nuestro sitio)",
      "experience": 78,
      "expertise": 62,
      "authoritativeness": 58,
      "trustworthiness": 75,
      "total": 68
    },
    {
      "sitio": "ibiza-villas-exclusive.com",
      "experience": 72,
      "expertise": 68,
      "authoritativeness": 74,
      "trustworthiness": 71,
      "total": 71
    },
    {
      "sitio": "luxury-ibiza-rentals.com",
      "experience": 81,
      "expertise": 75,
      "authoritativeness": 82,
      "trustworthiness": 79,
      "total": 79
    },
    {
      "sitio": "ibiza-premium-villas.es",
      "experience": 69,
      "expertise": 64,
      "authoritativeness": 61,
      "trustworthiness": 68,
      "total": 66
    }
  ],
  "gaps_detectados": [
    {
      "titulo": "Falta de credenciales formales del equipo",
      "descripcion": "No se muestran certificaciones, licencias inmobiliarias o formación específica del equipo. Los competidores destacan credenciales RICS, certificaciones de lujo, y trayectorias profesionales verificables.",
      "prioridad": "A",
      "impacto": "Alto - Afecta directamente a Expertise y credibilidad profesional"
    },
    {
      "titulo": "Ausencia de menciones en medios de autoridad",
      "descripcion": "Zero menciones en Forbes, Condé Nast, Bloomberg, etc. Los competidores premium tienen cobertura mediática significativa que refuerza su autoridad.",
      "prioridad": "A",
      "impacto": "Muy Alto - Crítico para Authoritativeness"
    },
    {
      "titulo": "Backlink profile débil desde sitios autoritativos",
      "descripcion": "Solo 4 backlinks de sitios DR 70+. Los líderes del sector tienen 25+ enlaces de sitios de alta autoridad (medios, guías de viaje, directorios premium).",
      "prioridad": "A",
      "impacto": "Muy Alto - Impacta Authoritativeness y rankings"
    },
    {
      "titulo": "Sin casos de estudio documentados",
      "descripcion": "No hay ejemplos detallados de bodas exitosas, eventos corporativos o experiencias VIP organizadas. Esto debilitaría Experience.",
      "prioridad": "B",
      "impacto": "Medio - Reforzaría Experience de forma significativa"
    },
    {
      "titulo": "Participación en eventos del sector no documentada",
      "descripcion": "Si asisten a FITUR, ILTM, o ferias inmobiliarias, no está visible. Esto refuerza Expertise y Authoritativeness.",
      "prioridad": "B",
      "impacto": "Medio - Mejora percepción de expertise"
    },
    {
      "titulo": "Premios y reconocimientos no visibles",
      "descripcion": "Si han ganado premios (TripAdvisor Traveler's Choice, World Luxury Awards), no están destacados en el sitio.",
      "prioridad": "B",
      "impacto": "Medio - Fácil ganancia para Authoritativeness"
    },
    {
      "titulo": "Verificación de testimonios incompleta",
      "descripcion": "Solo parcialmente verificados. Competidores usan badges de verificación de estancia real (Verified Guest, Booking Verified).",
      "prioridad": "C",
      "impacto": "Bajo - Mejora incremental de Trustworthiness"
    },
    {
      "titulo": "Contenido desactualizado en algunas secciones",
      "descripcion": "Fechas de última actualización antiguas en blog y algunas páginas de servicio. Afecta percepción de fiabilidad actual.",
      "prioridad": "C",
      "impacto": "Bajo - Mantenimiento continuo necesario"
    }
  ],
  "recomendaciones": [
    {
      "titulo": "Crear página 'Nuestro Equipo' con biografías profesionales detalladas",
      "descripcion": "Incluir para cada miembro: nombre completo, foto profesional, años en el sector, certificaciones (si las hay), especialización (ej: 'Especialista en villas frente al mar'), LinkedIn profile link. Añadir brief personal humanizando (ej: 'Residente en Ibiza desde 2010, conoce cada cala de la isla').",
      "esfuerzo": "Bajo - 1 semana",
      "impacto": "Alto - Mejora Expertise +12 puntos"
    },
    {
      "titulo": "Lanzar campaña de PR para conseguir menciones en medios de lujo",
      "descripcion": "Contactar Forbes Travel, Condé Nast Traveler, Bloomberg Pursuits con historias únicas: 'Las 10 villas más exclusivas de Ibiza', 'Tendencias en alquileres de lujo 2025'. Ofrecer data exclusiva del mercado. Objetivo: 5-8 menciones en 6 meses.",
      "esfuerzo": "Alto - 3-6 meses",
      "impacto": "Muy Alto - Mejora Authoritativeness +18 puntos"
    },
    {
      "titulo": "Desarrollar 5-8 casos de estudio detallados",
      "descripcion": "Documentar eventos reales con permiso del cliente: boda en Villa Sunset Paradise (50 invitados, logística, proveedores), retiro corporativo tech startup, celebración familiar multigeneracional. Incluir fotos, testimonios, timeline, challenges superados. Crear landing pages SEO optimizadas.",
      "esfuerzo": "Medio - 1 mes",
      "impacto": "Alto - Mejora Experience +10 puntos"
    },
    {
      "titulo": "Estrategia agresiva de link building desde sitios DR 70+",
      "descripcion": "Tácticas: (1) Guest posts en blogs de viaje de lujo, (2) Listados en directorios premium (LuxuryEstate, JamesEdition), (3) Partnerships con concierge services de hoteles 5*, (4) Colaboración con travel agents de Virtuoso, (5) Patrocinio de eventos de lujo en Ibiza. Target: 20 backlinks DR 70+ en 12 meses.",
      "esfuerzo": "Alto - Continuo",
      "impacto": "Muy Alto - Mejora Authoritativeness +15 puntos"
    },
    {
      "titulo": "Obtener y destacar certificaciones del sector",
      "descripcion": "Aplicar a: (1) TripAdvisor Traveler's Choice Award, (2) World Luxury Hotel Awards, (3) Leading Luxury Rentals certification, (4) Certificación GDPR oficial visible. Crear sección 'Awards & Recognition' en homepage y footer con logos de certificaciones.",
      "esfuerzo": "Medio - 2-3 meses",
      "impacto": "Alto - Mejora Authoritativeness +8 puntos"
    },
    {
      "titulo": "Implementar sistema de verificación de testimonios",
      "descripcion": "Integrar badges 'Verified Guest' en reviews. Usar sistema como Trustpilot o similar que requiera email de reserva para dejar review. Mostrar badge verde de verificación visible. Esto aumenta credibilidad masivamente.",
      "esfuerzo": "Bajo - 2 semanas",
      "impacto": "Medio - Mejora Trustworthiness +6 puntos"
    },
    {
      "titulo": "Publicar contenido regularmente como 'thought leaders'",
      "descripcion": "Blog mensual con insights únicos del mercado Ibiza: estadísticas de ocupación, tendencias de precio, análisis de nuevas regulaciones, previsiones de temporada. Firmar artículos con nombre del experto del equipo. Distribuir en LinkedIn con perfil profesional del autor.",
      "esfuerzo": "Medio - Continuo",
      "impacto": "Alto - Mejora Expertise +9 puntos"
    },
    {
      "titulo": "Crear páginas FAQ exhaustivas por categoría de pregunta",
      "descripcion": "FAQ sobre: proceso de reserva, políticas de cancelación, qué incluye el alquiler, normas de la villa, servicios adicionales, áreas de Ibiza, mejor época para visitar. Usar schema markup para FAQPage. Esto demuestra transparency y conocimiento profundo.",
      "esfuerzo": "Bajo - 1 semana",
      "impacto": "Medio - Mejora Trustworthiness +5 puntos"
    },
    {
      "titulo": "Documentar participación en eventos del sector",
      "descripcion": "Si asisten a FITUR, ILTM Cannes, luxury property shows: crear contenido (fotos, insights, networking). Si no asisten, considerar hacerlo y documentarlo. Alternativamente, organizar evento propio 'Ibiza Luxury Villa Summit' invitando a stakeholders.",
      "esfuerzo": "Alto - Depende de eventos",
      "impacto": "Medio - Mejora Expertise y Authoritativeness +7 puntos"
    },
    {
      "titulo": "Añadir schema markup de Organization y Person",
      "descripcion": "Implementar structured data para la empresa (nombre, logo, contacto, social profiles) y para cada miembro del equipo destacado (nombre, jobTitle, sameAs LinkedIn). Esto ayuda a Google a entender la autoridad y expertise del equipo.",
      "esfuerzo": "Bajo - 3 días",
      "impacto": "Bajo - Soporte técnico para todos los pilares E-E-A-T"
    }
  ]
}
