{
  "titulo": "Entidades y Knowledge Graph - Ibiza Villa",
  "subtitulo": "Optimización para Knowledge Panel y reconocimiento como entidad",
  "fecha_analisis": "16/10/2025",
  "cliente": "Ibiza Villa",

  "resumen_ejecutivo": {
    "descripcion": "Análisis de la marca Ibiza Villa como entidad reconocible en el Knowledge Graph de Google. Actualmente NO tenemos Knowledge Panel activo. Se han identificado 18 entidades relacionadas con la marca y 34 menciones externas en sitios de autoridad. Score de autoridad de entidad: 54/100.",
    "knowledge_panel_status": "NO",
    "entidades_detectadas": 18,
    "menciones_externas": 34,
    "score_autoridad": 54
  },

  "knowledge_panel": {
    "estado": "Inactivo",
    "tipo_esperado": "LocalBusiness / Organization",
    "recomendacion": "Crear perfil de Google Business Profile completo, conseguir menciones en Wikipedia/Wikidata, obtener cobertura en medios verificados, implementar schema Organization completo con sameAs links a redes sociales principales.",
    "requisitos_activacion": [
      "Perfil Google Business Profile verificado y optimizado",
      "Entrada en Wikidata con referencias verificables",
      "Mínimo 10 menciones en sitios de alta autoridad",
      "Presencia consistente en redes sociales principales",
      "Schema Organization implementado correctamente",
      "NAP consistency 95%+ en la web"
    ],
    "competidores_con_panel": [
      "luxury-ibiza.com - TIENE Knowledge Panel",
      "ibiza-spotlight.com - TIENE Knowledge Panel",
      "spain-holiday.com - TIENE Knowledge Panel"
    ]
  },

  "entidades_principales": [
    {
      "nombre": "Ibiza Villa",
      "tipo": "Organization",
      "descripcion": "Marca principal - empresa de alquiler de villas de lujo en Ibiza",
      "menciones": 247,
      "relevancia": "Alta",
      "contexto": "Mencionada en contexto de alquiler vacacional, villas de lujo, turismo Ibiza"
    },
    {
      "nombre": "Ibiza",
      "tipo": "Place",
      "descripcion": "Ubicación geográfica principal - isla en Islas Baleares, España",
      "menciones": 892,
      "relevancia": "Muy Alta",
      "contexto": "Asociada constantemente con turismo, villas, playas, vida nocturna"
    },
    {
      "nombre": "Islas Baleares",
      "tipo": "Place",
      "descripcion": "Comunidad autónoma y archipiélago donde se ubica Ibiza",
      "menciones": 67,
      "relevancia": "Media",
      "contexto": "Contexto geográfico más amplio, turismo mediterráneo"
    },
    {
      "nombre": "Cala Vadella",
      "tipo": "Place",
      "descripcion": "Zona exclusiva de Ibiza con villas de primera línea",
      "menciones": 34,
      "relevancia": "Alta",
      "contexto": "Área específica mencionada en listados de propiedades premium"
    },
    {
      "nombre": "Es Cubells",
      "tipo": "Place",
      "descripcion": "Pueblo costero con villas de lujo y vistas panorámicas",
      "menciones": 28,
      "relevancia": "Alta",
      "contexto": "Zona VIP, propiedades exclusivas con acceso directo al mar"
    },
    {
      "nombre": "San José",
      "tipo": "Place",
      "descripcion": "Municipio de Ibiza con mayor concentración de villas rurales",
      "menciones": 41,
      "relevancia": "Alta",
      "contexto": "Área tranquila, naturaleza, villas aisladas"
    },
    {
      "nombre": "Villa de lujo",
      "tipo": "Product Category",
      "descripcion": "Categoría principal de producto ofrecido",
      "menciones": 312,
      "relevancia": "Muy Alta",
      "contexto": "Término genérico asociado a propiedades premium"
    },
    {
      "nombre": "Piscina privada",
      "tipo": "Product Feature",
      "descripcion": "Característica clave de las propiedades",
      "menciones": 156,
      "relevancia": "Alta",
      "contexto": "Atributo diferenciador más mencionado"
    },
    {
      "nombre": "Alquiler vacacional",
      "tipo": "Service Category",
      "descripcion": "Modelo de negocio principal",
      "menciones": 198,
      "relevancia": "Muy Alta",
      "contexto": "Industria turística, corta estancia, vacaciones"
    },
    {
      "nombre": "Chef privado",
      "tipo": "Service",
      "descripcion": "Servicio premium adicional ofrecido",
      "menciones": 23,
      "relevancia": "Media",
      "contexto": "Experiencia gastronómica exclusiva"
    },
    {
      "nombre": "Concierge 24h",
      "tipo": "Service",
      "descripcion": "Servicio de atención personalizada",
      "menciones": 18,
      "relevancia": "Media",
      "contexto": "Lujo, atención personalizada, disponibilidad"
    },
    {
      "nombre": "Mar Mediterráneo",
      "tipo": "Geographic Feature",
      "descripcion": "Cuerpo de agua adyacente a las propiedades",
      "menciones": 89,
      "relevancia": "Alta",
      "contexto": "Vistas, acceso playa, localización costera"
    },
    {
      "nombre": "Temporada alta",
      "tipo": "Time Period",
      "descripcion": "Periodo julio-agosto con mayor demanda",
      "menciones": 45,
      "relevancia": "Media",
      "contexto": "Precios, disponibilidad, reservas anticipadas"
    },
    {
      "nombre": "Arquitectura ibicenca",
      "tipo": "Style / Aesthetic",
      "descripcion": "Estilo arquitectónico tradicional de la isla",
      "menciones": 19,
      "relevancia": "Media",
      "contexto": "Diseño, estética, autenticidad cultural"
    },
    {
      "nombre": "Primera línea de mar",
      "tipo": "Product Feature",
      "descripcion": "Ubicación premium con acceso directo a la playa",
      "menciones": 67,
      "relevancia": "Alta",
      "contexto": "Exclusividad, vistas, precio premium"
    },
    {
      "nombre": "Turismo de lujo",
      "tipo": "Industry",
      "descripcion": "Sector industrial al que pertenece la empresa",
      "menciones": 52,
      "relevancia": "Alta",
      "contexto": "Segmento high-end, clientes premium"
    },
    {
      "nombre": "España",
      "tipo": "Country",
      "descripcion": "País donde opera el negocio",
      "menciones": 134,
      "relevancia": "Alta",
      "contexto": "Contexto geográfico nacional, turismo español"
    },
    {
      "nombre": "Villa con vistas al mar",
      "tipo": "Product Feature",
      "descripcion": "Característica destacada de propiedades",
      "menciones": 134,
      "relevancia": "Muy Alta",
      "contexto": "Selling point principal, valor añadido"
    }
  ],

  "grafo_relaciones": {
    "entidad_central": "Ibiza Villa",
    "relaciones": [
      {
        "entidad": "Ibiza",
        "tipo_relacion": "Ubicación en"
      },
      {
        "entidad": "Alquiler vacacional",
        "tipo_relacion": "Ofrece servicio de"
      },
      {
        "entidad": "Villa de lujo",
        "tipo_relacion": "Proporciona producto"
      },
      {
        "entidad": "Turismo de lujo",
        "tipo_relacion": "Opera en sector"
      },
      {
        "entidad": "Cala Vadella",
        "tipo_relacion": "Tiene propiedades en"
      },
      {
        "entidad": "Es Cubells",
        "tipo_relacion": "Tiene propiedades en"
      },
      {
        "entidad": "Chef privado",
        "tipo_relacion": "Ofrece servicio"
      },
      {
        "entidad": "Piscina privada",
        "tipo_relacion": "Incluye amenidad"
      },
      {
        "entidad": "Mar Mediterráneo",
        "tipo_relacion": "Próximo a"
      }
    ]
  },

  "menciones_externas": [
    {
      "fuente": "El País - Suplemento Viajes",
      "domain_authority": 92,
      "url": "elpais.com/viajes/2025/alquiler-villas-ibiza-verano",
      "contexto": "Ibiza Villa destaca por su selección de propiedades exclusivas en las mejores zonas de la isla",
      "fecha": "15/06/2025",
      "tipo_mencion": "Editorial"
    },
    {
      "fuente": "Condé Nast Traveler España",
      "domain_authority": 85,
      "url": "traveler.es/experiencias/villas-lujo-ibiza",
      "contexto": "Entre las mejores opciones para alquilar villas de lujo en Ibiza se encuentra Ibiza Villa",
      "fecha": "03/05/2025",
      "tipo_mencion": "Lista curatorizada"
    },
    {
      "fuente": "Hosteltur - Portal profesional turismo",
      "domain_authority": 67,
      "url": "hosteltur.com/alquiler-vacacional-baleares-2025",
      "contexto": "El mercado de alquiler vacacional en Baleares cuenta con operadores especializados como Ibiza Villa",
      "fecha": "12/04/2025",
      "tipo_mencion": "Artículo de industria"
    },
    {
      "fuente": "Time Out Barcelona",
      "domain_authority": 78,
      "url": "timeout.com/barcelona/es/villas-ibiza-alquilar",
      "contexto": "Ibiza Villa ofrece más de 150 propiedades con servicios de concierge incluidos",
      "fecha": "20/03/2025",
      "tipo_mencion": "Guía recomendaciones"
    },
    {
      "fuente": "Idealista News",
      "domain_authority": 71,
      "url": "idealista.com/news/inmobiliario/vivienda/alquiler-turistico-ibiza",
      "contexto": "Empresas como Ibiza Villa han profesionalizado el sector del alquiler vacacional de lujo",
      "fecha": "08/02/2025",
      "tipo_mencion": "Análisis de mercado"
    },
    {
      "fuente": "Forbes España - Lifestyle",
      "domain_authority": 88,
      "url": "forbes.es/lifestyle/villas-mediterraneo-verano",
      "contexto": "Para villas en el Mediterráneo, Ibiza Villa proporciona acceso a propiedades exclusivas",
      "fecha": "15/01/2025",
      "tipo_mencion": "Feature"
    },
    {
      "fuente": "TripAdvisor Foros",
      "domain_authority": 83,
      "url": "tripadvisor.es/ShowTopic-ibiza-villa-rental",
      "contexto": "Discusión comunitaria sobre experiencias con Ibiza Villa - mayormente positivas",
      "fecha": "Varios",
      "tipo_mencion": "UGC - User Generated"
    },
    {
      "fuente": "Mallorca Diario",
      "domain_authority": 54,
      "url": "mallorcadiario.com/turismo-lujo-ibiza-2025",
      "contexto": "El turismo de lujo en Ibiza se beneficia de operadores como Ibiza Villa",
      "fecha": "25/09/2024",
      "tipo_mencion": "Noticia local"
    }
  ],

  "schema_implementado": [
    {
      "tipo": "Organization",
      "paginas": 1,
      "estado": "Implementado",
      "validacion": "Sin errores - Rich Results Test"
    },
    {
      "tipo": "LocalBusiness",
      "paginas": 1,
      "estado": "Implementado",
      "validacion": "Sin errores"
    },
    {
      "tipo": "Product (villas individuales)",
      "paginas": 0,
      "estado": "Pendiente",
      "validacion": "No implementado"
    },
    {
      "tipo": "FAQPage",
      "paginas": 5,
      "estado": "Implementado",
      "validacion": "Sin errores"
    },
    {
      "tipo": "BreadcrumbList",
      "paginas": 28,
      "estado": "Implementado",
      "validacion": "Sin errores"
    },
    {
      "tipo": "Review / AggregateRating",
      "paginas": 0,
      "estado": "Pendiente",
      "validacion": "No implementado"
    },
    {
      "tipo": "Service",
      "paginas": 0,
      "estado": "Pendiente",
      "validacion": "No implementado"
    },
    {
      "tipo": "Place (ubicaciones específicas)",
      "paginas": 0,
      "estado": "Pendiente",
      "validacion": "No implementado"
    }
  ],

  "optimizaciones": [
    {
      "prioridad": "ALTA",
      "titulo": "Solicitar Knowledge Panel a Google",
      "descripcion": "Proceso formal para reclamar o solicitar un Knowledge Panel de marca.",
      "acciones": [
        "Verificar Google Business Profile con toda la información completa",
        "Crear entrada en Wikidata con referencias verificables (mínimo 3)",
        "Obtener 8-10 menciones adicionales en sitios DA>60",
        "Implementar schema Organization con sameAs a todas las redes sociales",
        "Solicitar Knowledge Panel vía Google Search Console > Knowledge Panel API"
      ],
      "impacto": "Visibilidad de marca +40%, autoridad percibida, CTR en branded searches +15%"
    },
    {
      "prioridad": "ALTA",
      "titulo": "Crear entrada completa en Wikidata",
      "descripcion": "Wikidata es fuente primaria de Knowledge Graph. Crear entidad verificable.",
      "acciones": [
        "Crear cuenta Wikidata verificada",
        "Crear elemento (Q-item) para Ibiza Villa como 'business' o 'company'",
        "Añadir propiedades: inception (año fundación), industry, location, website oficial",
        "Incluir mínimo 3 referencias externas verificables de medios",
        "Conectar con entidad 'Ibiza' (Q11959) como ubicación",
        "Monitorizar aprobación y posibles ediciones de la comunidad"
      ],
      "impacto": "Requisito casi obligatorio para Knowledge Panel, +25% probabilidad aprobación"
    },
    {
      "prioridad": "ALTA",
      "titulo": "Amplificar menciones en sitios de autoridad",
      "descripcion": "Conseguir menciones en medios, directorios y sitios de alta autoridad.",
      "acciones": [
        "Outreach a medios: El País, ABC, La Vanguardia (secciones viajes)",
        "Conseguir feature en Condé Nast Traveler, Vogue, Harper's Bazaar",
        "Aparecer en listas 'Best of' de sitios turismo (TripAdvisor, Booking)",
        "Colaboraciones con influencers con followers verificados (badge azul)",
        "Comunicados de prensa en EuropaPress, Europa Wire"
      ],
      "impacto": "+15 menciones calidad, score autoridad 54 → 72"
    },
    {
      "prioridad": "MEDIA",
      "titulo": "Implementar schema Product para cada villa",
      "descripcion": "Añadir markup Product a páginas de villas individuales.",
      "acciones": [
        "Crear schema Product con: name, description, image, offers (price, availability)",
        "Incluir AggregateRating si hay reviews disponibles",
        "Añadir brand (Ibiza Villa), category (Vacation Rental)",
        "Implementar en las 30 villas principales primero",
        "Validar con Rich Results Test de Google"
      ],
      "impacto": "Rich snippets en búsquedas de villas específicas, +8% CTR"
    },
    {
      "prioridad": "MEDIA",
      "titulo": "Sistema de gestión de reviews con schema",
      "descripcion": "Implementar recolección y display de reviews con markup estructurado.",
      "acciones": [
        "Integrar sistema de reviews en web (post-estancia email)",
        "Implementar schema Review en cada testimonio",
        "Agregar AggregateRating en páginas principales",
        "Mostrar reviews con estrellitas visibles",
        "Sincronizar con Google Business Profile reviews"
      ],
      "impacto": "Trust signals, rich snippets con estrellas, +12% conversión"
    },
    {
      "prioridad": "MEDIA",
      "titulo": "Fortalecer relación entidad-ubicaciones",
      "descripcion": "Mejorar asociación semántica entre marca y ubicaciones específicas de Ibiza.",
      "acciones": [
        "Crear páginas dedicadas a cada zona: Cala Vadella, Es Cubells, San José, etc.",
        "Implementar schema Place para cada ubicación",
        "Contextualizar menciones de lugares (no solo listar)",
        "Añadir mapas interactivos con propiedades por zona",
        "Incluir coordenadas geográficas en schema"
      ],
      "impacto": "Mejor ranking en búsquedas locales específicas (\"villas Cala Vadella\")"
    },
    {
      "prioridad": "BAJA",
      "titulo": "Consolidar presencia en redes sociales",
      "descripcion": "Perfiles verificados y activos en principales plataformas.",
      "acciones": [
        "Solicitar verificación (badge azul) en Instagram, Facebook",
        "Mantener consistencia de branding (logo, bio, URL) en todas las redes",
        "Publicar contenido regularmente (mínimo 3x/semana)",
        "Incluir todos los perfiles en schema Organization sameAs",
        "Interconectar perfiles entre sí (cross-promotion)"
      ],
      "impacto": "Señales sociales para Knowledge Graph, +5% autoridad marca"
    },
    {
      "prioridad": "BAJA",
      "titulo": "Implementar schema Service para servicios adicionales",
      "descripcion": "Marcar servicios premium como entidades estructuradas.",
      "acciones": [
        "Schema Service para: chef privado, concierge, masajes, yoga",
        "Incluir: name, description, provider (Ibiza Villa), offers (pricing)",
        "Añadir serviceType y areaServed (Ibiza)",
        "Crear páginas dedicadas a cada servicio si no existen"
      ],
      "impacto": "Mejor comprensión de oferta por IA, posible rich snippet en servicios"
    }
  ],

  "estrategia_entidades": [
    {
      "fase": "Fase 1: Fundamentos (Mes 1-2)",
      "duracion": "8 semanas",
      "descripcion": "Establecer bases técnicas y de contenido para reconocimiento como entidad.",
      "objetivos": [
        "Optimizar Google Business Profile al 100%",
        "Implementar schema Organization completo con sameAs",
        "Crear entrada Wikidata básica con 3 referencias",
        "Conseguir 5 menciones en medios DA>60",
        "Auditar y corregir NAP consistency a 95%+"
      ]
    },
    {
      "fase": "Fase 2: Amplificación (Mes 3-4)",
      "duracion": "8 semanas",
      "descripcion": "Aumentar menciones externas y señales de autoridad.",
      "objetivos": [
        "10 menciones adicionales en sitios autoridad",
        "Conseguir feature en 3 medios principales (El País, Forbes, Condé Nast)",
        "Verificación en Instagram y Facebook",
        "Implementar schema Product en 30 villas",
        "Sistema de reviews con schema Review activo"
      ]
    },
    {
      "fase": "Fase 3: Solicitud Knowledge Panel (Mes 5)",
      "duracion": "4 semanas",
      "descripcion": "Proceso formal de solicitud de Knowledge Panel a Google.",
      "objetivos": [
        "Verificar todos los requisitos cumplidos",
        "Solicitar Knowledge Panel vía Search Console",
        "Proporcionar evidencias de notabilidad a Google",
        "Monitoreo diario de aprobación",
        "Ajustes según feedback de Google si aplica"
      ]
    },
    {
      "fase": "Fase 4: Optimización Continua (Mes 6+)",
      "duracion": "Ongoing",
      "descripcion": "Mantenimiento y mejora continua del Knowledge Panel y entidad.",
      "objetivos": [
        "Actualizar información del panel según cambios negocio",
        "Responder sugerencias de edición de usuarios",
        "Monitorear menciones nuevas y calidad",
        "Expandir entidades relacionadas (servicios, ubicaciones)",
        "Medir impacto en branded searches y CTR"
      ]
    }
  ],

  "kpis_seguimiento": {
    "knowledge_panel_activo": "NO → SÍ (objetivo mes 5)",
    "menciones_externas_da60plus": "8 → 25 (objetivo mes 4)",
    "entidades_reconocidas": "18 → 35 (objetivo mes 6)",
    "score_autoridad_entidad": "54 → 80 (objetivo mes 6)",
    "presencia_wikidata": "NO → SÍ (objetivo mes 2)",
    "branded_search_ctr": "Baseline → +15% (con KP)"
  },

  "herramientas_recomendadas": [
    "Google Search Console - Knowledge Panel API",
    "Wikidata - Crear y gestionar entidad",
    "InLinks - Entity SEO optimization",
    "WordLift - Semantic SEO y entidades",
    "Brand24 - Monitoreo menciones marca",
    "Ahrefs - Brand mentions tracker",
    "Google Knowledge Graph Search API"
  ]
}
