{
  "titulo": "Featured Snippets Opportunities - Ibiza Villa",
  "subtitulo": "Análisis de oportunidades para posición 0 en Google",
  "fecha_analisis": "16/10/2025",
  "cliente": "Ibiza Villa",

  "resumen_ejecutivo": {
    "descripcion": "Análisis de oportunidades de Featured Snippets para capturar la posición 0 en las SERPs. Actualmente tenemos 3 snippets, con 18 oportunidades identificadas donde ya posicionamos en página 1 y podríamos optimizar para capturar el snippet.",
    "snippets_actuales": 3,
    "oportunidades_totales": 18,
    "quick_wins": 7,
    "trafico_potencial": "+2,840"
  },

  "snippets_actuales": [
    {
      "keyword": "alquiler villas ibiza con piscina",
      "tipo": "parrafo",
      "volumen": 590,
      "ctr": 8.2,
      "url": "/villas-piscina-privada",
      "preview": "Las villas de lujo en Ibiza con piscina privada ofrecen la máxima privacidad y exclusividad. Nuestras propiedades cuentan con piscinas infinity, zonas chill-out y vistas al mar Mediterráneo."
    },
    {
      "keyword": "mejor zona para alquilar villa ibiza",
      "tipo": "lista",
      "volumen": 320,
      "ctr": 6.8,
      "url": "/guia-zonas-ibiza",
      "preview": "Lista de las 5 mejores zonas: 1. San José (tranquilidad y playas), 2. Santa Eulalia (familiar), 3. Cala Vadella (exclusiva)..."
    },
    {
      "keyword": "precio alquiler villa ibiza verano",
      "tipo": "tabla",
      "volumen": 480,
      "ctr": 7.5,
      "url": "/precios-villas",
      "preview": "Tabla comparativa de precios por temporada y capacidad de las villas"
    }
  ],

  "oportunidades": [
    {
      "keyword": "villas con chef privado ibiza",
      "posicion_actual": 4,
      "volumen": 210,
      "tipo_snippet": "Párrafo",
      "competidor": "luxury-ibiza.com",
      "prioridad": "ALTA",
      "accion": "Crear sección descriptiva (60-80 palabras) en página de servicios explicando qué incluye el servicio de chef privado, menús personalizados y experiencia gastronómica. Usar etiqueta <p> directamente después del H2."
    },
    {
      "keyword": "requisitos alquilar villa ibiza",
      "posicion_actual": 3,
      "volumen": 390,
      "tipo_snippet": "Lista",
      "competidor": "ibizavillas.net",
      "prioridad": "ALTA",
      "accion": "Crear lista <ul> con 5-8 requisitos clave: documento identidad, depósito, edad mínima, política mascotas, etc. Añadir H2 '¿Qué necesitas para alquilar una villa?' antes de la lista."
    },
    {
      "keyword": "cuándo reservar villa ibiza",
      "posicion_actual": 5,
      "volumen": 280,
      "tipo_snippet": "Párrafo",
      "competidor": "spain-holiday.com",
      "prioridad": "ALTA",
      "accion": "Responder directamente la pregunta en 50-60 palabras al inicio: 'Para garantizar disponibilidad, se recomienda reservar villas en Ibiza entre 4-6 meses antes para temporada alta (julio-agosto), y 2-3 meses para temporada media.'"
    },
    {
      "keyword": "servicios incluidos alquiler villa lujo",
      "posicion_actual": 6,
      "volumen": 170,
      "tipo_snippet": "Lista",
      "competidor": "luxuryretreats.com",
      "prioridad": "MEDIA",
      "accion": "Crear lista estructurada con <ul> de servicios estándar: limpieza diaria, ropa de cama, toallas, WiFi, aire acondicionado, seguridad 24h, concierge."
    },
    {
      "keyword": "capacidad villas ibiza personas",
      "posicion_actual": 7,
      "volumen": 150,
      "tipo_snippet": "Tabla",
      "competidor": "ibiza-spotlight.com",
      "prioridad": "MEDIA",
      "accion": "Crear tabla HTML <table> con 3 columnas: Tipo de Villa | Dormitorios | Capacidad. Incluir 5-7 categorías desde villas íntimas (2-4 personas) hasta villas grandes (12-16 personas)."
    },
    {
      "keyword": "actividades cerca villas ibiza",
      "posicion_actual": 8,
      "volumen": 220,
      "tipo_snippet": "Lista",
      "competidor": "timeout.com",
      "prioridad": "MEDIA",
      "accion": "Crear lista ordenada <ol> con top 10 actividades: playas, calas, clubs, mercadillos, rutas senderismo, deportes acuáticos, gastronomía local, vida nocturna, excursiones en barco, patrimonio cultural."
    },
    {
      "keyword": "diferencia villa ibiza formentera",
      "posicion_actual": 4,
      "volumen": 130,
      "tipo_snippet": "Párrafo",
      "competidor": "formentera.es",
      "prioridad": "BAJA",
      "accion": "Responder comparando en 70-80 palabras: tamaño isla, ambiente, playas, accesibilidad, oferta de villas, precios, vida nocturna."
    },
    {
      "keyword": "política cancelación villas ibiza",
      "posicion_actual": 5,
      "volumen": 190,
      "tipo_snippet": "Párrafo",
      "competidor": "airbnb.com",
      "prioridad": "ALTA",
      "accion": "Explicar política clara: cancelación gratuita hasta X días antes, % reembolso según antelación, excepciones COVID-19. Usar 60-70 palabras."
    },
    {
      "keyword": "villas ibiza eventos privados",
      "posicion_actual": 6,
      "volumen": 160,
      "tipo_snippet": "Lista",
      "competidor": "weddingivisa.com",
      "prioridad": "MEDIA",
      "accion": "Listar tipos de eventos permitidos: bodas, cumpleaños, retiros corporativos, sesiones fotográficas. Incluir capacidades y servicios adicionales."
    },
    {
      "keyword": "transporte desde aeropuerto villa ibiza",
      "posicion_actual": 9,
      "volumen": 240,
      "tipo_snippet": "Lista",
      "competidor": "ibizaspotlight.com",
      "prioridad": "MEDIA",
      "accion": "Crear lista de opciones: transfer privado, taxi, alquiler coche, transporte compartido. Incluir tiempos aproximados y precios estimados."
    },
    {
      "keyword": "temporada alta villas ibiza",
      "posicion_actual": 3,
      "volumen": 310,
      "tipo_snippet": "Tabla",
      "competidor": "spain-holiday.com",
      "prioridad": "ALTA",
      "accion": "Crear tabla de temporadas: Temporada | Meses | Ocupación | Precio Medio. Categorías: Baja, Media, Alta, Premium (agosto)."
    },
    {
      "keyword": "documentos necesarios alquiler villa",
      "posicion_actual": 7,
      "volumen": 140,
      "tipo_snippet": "Lista",
      "competidor": "holidu.es",
      "prioridad": "MEDIA",
      "accion": "Lista checklist documentos: DNI/Pasaporte, tarjeta crédito, contrato firmado, depósito, seguro viaje (recomendado)."
    },
    {
      "keyword": "mascotas permitidas villas ibiza",
      "posicion_actual": 8,
      "volumen": 95,
      "tipo_snippet": "Párrafo",
      "competidor": "petfriendly.com",
      "prioridad": "BAJA",
      "accion": "Explicar política mascotas: villas pet-friendly disponibles, suplemento, restricciones tamaño/raza, normativa limpieza."
    },
    {
      "keyword": "qué incluye limpieza villa ibiza",
      "posicion_actual": 5,
      "volumen": 110,
      "tipo_snippet": "Lista",
      "competidor": "homeaway.com",
      "prioridad": "MEDIA",
      "accion": "Listar servicios limpieza: frecuencia (diaria/semanal), cambio ropa cama, toallas, limpieza zonas comunes, piscina, exterior."
    },
    {
      "keyword": "depósito seguridad villa ibiza",
      "posicion_actual": 6,
      "volumen": 125,
      "tipo_snippet": "Párrafo",
      "competidor": "vrbo.com",
      "prioridad": "MEDIA",
      "accion": "Explicar depósito: cantidad típica (10-20% valor), cuándo se cobra, devolución (7-14 días), qué cubre."
    },
    {
      "keyword": "check in check out villas",
      "posicion_actual": 9,
      "volumen": 180,
      "tipo_snippet": "Párrafo",
      "competidor": "booking.com",
      "prioridad": "BAJA",
      "accion": "Especificar horarios estándar: check-in 16h, check-out 10h, flexibilidad previa consulta, procedimiento llegada."
    },
    {
      "keyword": "extras alquiler villa ibiza",
      "posicion_actual": 4,
      "volumen": 200,
      "tipo_snippet": "Lista",
      "competidor": "luxury-villas.com",
      "prioridad": "ALTA",
      "accion": "Listar servicios adicionales opcionales: chef privado, masajes, yoga, alquiler barco, coche lujo, personal limpieza extra, decoración eventos."
    },
    {
      "keyword": "villas ibiza primera línea mar",
      "posicion_actual": 3,
      "volumen": 420,
      "tipo_snippet": "Párrafo",
      "competidor": "ibiza-spotlight.com",
      "prioridad": "ALTA",
      "accion": "Describir características villas primera línea: acceso directo playa, vistas panorámicas, exclusividad, zonas (Cala Vadella, Porroig, Es Cubells). 70-80 palabras."
    }
  ],

  "tipos_snippet": [
    {
      "nombre": "Snippet de Párrafo",
      "descripcion": "Respuesta directa en formato texto (40-60 palabras)",
      "mejor_para": "Preguntas tipo 'qué es', 'por qué', 'cuándo'",
      "ejemplo_estructura": "<h2>¿Cuándo reservar villa Ibiza?</h2>\n<p>Para garantizar disponibilidad en temporada alta (julio-agosto), se recomienda reservar con 4-6 meses de antelación. Para temporada media (mayo-junio, septiembre), 2-3 meses es suficiente.</p>"
    },
    {
      "nombre": "Snippet de Lista",
      "descripcion": "Lista numerada u ordenada (5-10 items)",
      "mejor_para": "Pasos, rankings, requisitos, checklist",
      "ejemplo_estructura": "<h2>Requisitos para alquilar villa</h2>\n<ul>\n  <li>DNI o pasaporte vigente</li>\n  <li>Tarjeta de crédito para depósito</li>\n  <li>Edad mínima 25 años</li>\n  <li>Firma de contrato</li>\n  <li>Pago depósito seguridad</li>\n</ul>"
    },
    {
      "nombre": "Snippet de Tabla",
      "descripcion": "Datos comparativos estructurados",
      "mejor_para": "Comparaciones, precios, especificaciones",
      "ejemplo_estructura": "<h2>Precios villas por temporada</h2>\n<table>\n  <tr><th>Temporada</th><th>Meses</th><th>Precio/noche</th></tr>\n  <tr><td>Baja</td><td>Nov-Mar</td><td>€500-800</td></tr>\n  <tr><td>Media</td><td>Abr-Jun</td><td>€800-1,200</td></tr>\n  <tr><td>Alta</td><td>Jul-Ago</td><td>€1,500-3,000</td></tr>\n</table>"
    },
    {
      "nombre": "Snippet de Video",
      "descripcion": "Resultados con video destacado",
      "mejor_para": "Tutoriales, tours, demostraciones",
      "ejemplo_estructura": "Implementar schema VideoObject + transcripción del video en texto debajo."
    }
  ],

  "analisis_competencia": [
    {
      "sitio": "Ibiza Villa (nosotros)",
      "total": 3,
      "parrafo": 1,
      "lista": 1,
      "tabla": 1,
      "trafico_estimado": "1,390/mes"
    },
    {
      "sitio": "luxury-ibiza.com",
      "total": 12,
      "parrafo": 7,
      "lista": 3,
      "tabla": 2,
      "trafico_estimado": "4,280/mes"
    },
    {
      "sitio": "ibizavillas.net",
      "total": 8,
      "parrafo": 3,
      "lista": 4,
      "tabla": 1,
      "trafico_estimado": "2,950/mes"
    },
    {
      "sitio": "spain-holiday.com",
      "total": 15,
      "parrafo": 9,
      "lista": 4,
      "tabla": 2,
      "trafico_estimado": "5,870/mes"
    },
    {
      "sitio": "ibiza-spotlight.com",
      "total": 6,
      "parrafo": 4,
      "lista": 2,
      "tabla": 0,
      "trafico_estimado": "2,120/mes"
    }
  ],

  "quick_wins": [
    {
      "keyword": "requisitos alquilar villa ibiza",
      "esfuerzo": "2h",
      "accion_especifica": "Añadir lista <ul> de 7 requisitos en página FAQ. Posición actual #3, competidor tiene snippet débil.",
      "impacto_estimado": "+390 visitas/mes (CTR snippet ~8%)"
    },
    {
      "keyword": "temporada alta villas ibiza",
      "esfuerzo": "1.5h",
      "accion_especifica": "Crear tabla HTML simple de 4 temporadas. Ya tenemos contenido, solo falta estructurar.",
      "impacto_estimado": "+310 visitas/mes"
    },
    {
      "keyword": "villas ibiza primera línea mar",
      "esfuerzo": "2.5h",
      "accion_especifica": "Reescribir intro de landing con respuesta directa en primer párrafo (60 palabras).",
      "impacto_estimado": "+420 visitas/mes"
    },
    {
      "keyword": "política cancelación villas ibiza",
      "esfuerzo": "1h",
      "accion_especifica": "Ya existe la info, solo mover al principio de página y reformatear en párrafo conciso.",
      "impacto_estimado": "+190 visitas/mes"
    },
    {
      "keyword": "extras alquiler villa ibiza",
      "esfuerzo": "2h",
      "accion_especifica": "Convertir sección servicios adicionales en lista <ul> con precios estimados.",
      "impacto_estimado": "+200 visitas/mes"
    },
    {
      "keyword": "cuándo reservar villa ibiza",
      "esfuerzo": "1.5h",
      "accion_especifica": "Crear H2 con pregunta + respuesta directa 50 palabras en página de reservas.",
      "impacto_estimado": "+280 visitas/mes"
    },
    {
      "keyword": "villas con chef privado ibiza",
      "esfuerzo": "2h",
      "accion_especifica": "Expandir descripción servicio chef en página de servicios premium.",
      "impacto_estimado": "+210 visitas/mes"
    }
  ],

  "estrategia_implementacion": [
    {
      "fase": "Fase 1: Quick Wins (Semana 1-2)",
      "descripcion": "Implementar las 7 oportunidades de bajo esfuerzo para capturar tráfico inmediato.",
      "acciones": [
        "Crear/optimizar 7 páginas con estructura snippet-friendly",
        "Implementar listas <ul>, tablas <table> y párrafos directos",
        "Verificar indexación con Search Console",
        "Monitorizar aparición de snippets (herramienta: Ahrefs Rank Tracker)"
      ]
    },
    {
      "fase": "Fase 2: Oportunidades Medias (Semana 3-4)",
      "descripcion": "Trabajar las 8 oportunidades de prioridad media.",
      "acciones": [
        "Expandir contenido existente con secciones estructuradas",
        "Añadir FAQs con schema FAQPage",
        "Optimizar URLs que ya posicionan en posiciones 5-7",
        "A/B testing de diferentes formatos de snippet"
      ]
    },
    {
      "fase": "Fase 3: Contenido Nuevo (Semana 5-8)",
      "descripcion": "Crear contenido nuevo para oportunidades que requieren páginas adicionales.",
      "acciones": [
        "Investigar keywords long-tail relacionadas",
        "Crear guías completas optimizadas para múltiples snippets",
        "Implementar internal linking hacia páginas snippet",
        "Monitorizar CTR y ajustar formatos según performance"
      ]
    },
    {
      "fase": "Fase 4: Mantenimiento (Continuo)",
      "descripcion": "Sistema de monitoreo y optimización continua.",
      "acciones": [
        "Alertas automáticas cuando perdemos snippets",
        "Actualización trimestral de contenido snippet",
        "Análisis competencia: nuevos snippets capturados",
        "Reporte mensual de tráfico desde posición 0"
      ]
    }
  ],

  "metricas_objetivo": {
    "snippets_objetivo_3_meses": 15,
    "trafico_adicional_estimado": "+2,840 visitas/mes",
    "tasa_conversion_snippet": "12% (vs 6% orgánico normal)",
    "roi_esfuerzo": "Muy alto - inversión 40h, retorno €8,500/año"
  }
}
