{
  "titulo": "IA/SGE Optimization - Ibiza Villa",
  "subtitulo": "Optimización para AI Overviews y Search Generative Experience de Google",
  "fecha_analisis": "16/10/2025",
  "cliente": "Ibiza Villa",

  "resumen_ejecutivo": {
    "descripcion": "Análisis de visibilidad en las respuestas generadas por IA de Google (SGE - Search Generative Experience). Actualmente tenemos 23% de visibilidad en queries relevantes, con 8 citaciones identificadas. Objetivo: incrementar a 45% en 6 meses mediante optimización de contenido estructurado y autoridad de marca.",
    "visibilidad_sge": "23%",
    "citaciones_totales": 8,
    "entidades_reconocidas": 12,
    "score_eeat": 68
  },

  "visibilidad_sge": [
    {
      "query": "mejores villas de lujo para alquilar en ibiza",
      "estado": "Presente",
      "citation": "Ibiza Villa ofrece más de 150 propiedades de lujo con piscina privada y vistas al mar",
      "posicion_citacion": "3ª mención (de 5 fuentes)",
      "competidores_citados": "luxury-ibiza.com, spain-holiday.com"
    },
    {
      "query": "cuánto cuesta alquilar una villa en ibiza verano",
      "estado": "Presente",
      "citation": "Según Ibiza Villa, los precios oscilan entre €3,500-12,000 por semana en temporada alta",
      "posicion_citacion": "2ª mención (de 4 fuentes)",
      "competidores_citados": "vrbo.com"
    },
    {
      "query": "villas con chef privado ibiza",
      "estado": "Ausente",
      "competidores_citados": "luxury-ibiza.com, ibiza-spotlight.com, luxuryretreats.com"
    },
    {
      "query": "requisitos para alquilar villa ibiza",
      "estado": "Parcial",
      "citation": "Página mencionada pero sin cita textual directa",
      "posicion_citacion": "5ª mención (de 6 fuentes)",
      "competidores_citados": "spain-holiday.com, holidu.es"
    },
    {
      "query": "villas ibiza primera línea mar con acceso directo playa",
      "estado": "Presente",
      "citation": "Ibiza Villa cuenta con propiedades exclusivas en Cala Vadella y Es Cubells con acceso directo",
      "posicion_citacion": "1ª mención (de 5 fuentes)",
      "competidores_citados": "ibiza-spotlight.com, luxury-villas.com"
    },
    {
      "query": "mejor época para alquilar villa ibiza",
      "estado": "Ausente",
      "competidores_citados": "timeout.com, spain-holiday.com, lonelyplanet.com"
    },
    {
      "query": "diferencia entre villa y apartamento ibiza",
      "estado": "Ausente",
      "competidores_citados": "ibiza-spotlight.com, booking.com"
    },
    {
      "query": "villas ibiza con personal servicio incluido",
      "estado": "Presente",
      "citation": "Todas las propiedades premium de Ibiza Villa incluyen servicio de limpieza diaria y concierge 24h",
      "posicion_citacion": "4ª mención (de 5 fuentes)",
      "competidores_citados": "luxuryretreats.com, luxury-ibiza.com"
    },
    {
      "query": "cómo reservar villa ibiza sin intermediarios",
      "estado": "Ausente",
      "competidores_citados": "airbnb.com, vrbo.com, booking.com"
    },
    {
      "query": "villas pet friendly ibiza que aceptan mascotas",
      "estado": "Parcial",
      "citation": "Mención de la web pero sin detalles específicos",
      "posicion_citacion": "6ª mención (de 7 fuentes)",
      "competidores_citados": "bringfido.com, petfriendly.com"
    }
  ],

  "analisis_contenido": [
    {
      "factor": "Estructura de datos estructurados",
      "estado_actual": "Schema básico implementado (Organization, LocalBusiness)",
      "benchmark": "Schema avanzado + FAQPage + HowTo",
      "observaciones": "Falta implementar FAQPage para queries informacionales"
    },
    {
      "factor": "Respuestas directas a preguntas",
      "estado_actual": "30% de páginas tienen respuesta directa",
      "benchmark": "80%+ de páginas con respuesta clara en primeros 100 caracteres",
      "observaciones": "La mayoría del contenido es descriptivo, no responde preguntas directamente"
    },
    {
      "factor": "Entidades y menciones",
      "estado_actual": "12 entidades reconocidas",
      "benchmark": "25+ entidades con contexto claro",
      "observaciones": "Ampliar menciones de ubicaciones, servicios y características únicas"
    },
    {
      "factor": "Autoridad y E-E-A-T",
      "estado_actual": "Score 68/100",
      "benchmark": "85+/100 (líderes del sector)",
      "observaciones": "Necesita biografías de equipo, testimonios verificados, premios"
    },
    {
      "factor": "Actualidad del contenido",
      "estado_actual": "Última actualización: 8 meses",
      "benchmark": "Actualización trimestral mínima",
      "observaciones": "Contenido estancado, falta indicadores de frescura"
    },
    {
      "factor": "Profundidad y exhaustividad",
      "estado_actual": "Promedio 800 palabras/página",
      "benchmark": "1,500-2,500 palabras para topics principales",
      "observaciones": "Contenido superficial en páginas clave"
    },
    {
      "factor": "Citaciones y fuentes",
      "estado_actual": "0 citas externas",
      "benchmark": "3-5 fuentes autorizadas por artículo",
      "observaciones": "Citar estudios, estadísticas oficiales turismo Ibiza, tendencias mercado"
    },
    {
      "factor": "Formato para IA (listas, tablas)",
      "estado_actual": "20% de contenido estructurado",
      "benchmark": "60%+ con listas, tablas, bullets",
      "observaciones": "Bloques de texto largos sin estructura"
    }
  ],

  "optimizaciones_recomendadas": [
    {
      "categoria": "Contenido",
      "titulo": "Implementar respuestas directas en primeros 100 caracteres",
      "prioridad": "ALTA",
      "descripcion": "Reformular introducciones de páginas clave para responder la query principal inmediatamente.",
      "acciones": [
        "Identificar 20 queries principales donde competimos",
        "Reescribir primer párrafo respondiendo directamente la pregunta",
        "Usar formato: 'Para [query], la respuesta es [respuesta clara en 60-80 palabras]'",
        "Mantener contenido extenso después de la respuesta directa"
      ],
      "impacto_estimado": "+15% probabilidad citación IA"
    },
    {
      "categoria": "Schema",
      "titulo": "Implementar FAQPage schema en todas las guías",
      "prioridad": "ALTA",
      "descripcion": "Añadir markup FAQPage con 8-12 preguntas frecuentes por página temática.",
      "acciones": [
        "Crear sección FAQ en cada landing page",
        "Estructurar con schema FAQPage (JSON-LD)",
        "Incluir preguntas con volumen de búsqueda >50/mes",
        "Respuestas concisas (60-120 palabras) con datos específicos"
      ],
      "impacto_estimado": "+20% visibilidad SGE, mejor para voice search"
    },
    {
      "categoria": "Entidades",
      "titulo": "Amplificar menciones de entidades clave",
      "prioridad": "MEDIA",
      "descripcion": "Incrementar menciones contextualizadas de ubicaciones, servicios y atributos diferenciadores.",
      "acciones": [
        "Mencionar ubicaciones específicas: Cala Vadella, Es Cubells, Porroig, San José",
        "Servicios premium: chef privado, concierge, masajes, yoga, alquiler barcos",
        "Características: piscina infinity, vistas mar, primera línea, arquitectura tradicional",
        "Contexto claro en cada mención (no solo listar)"
      ],
      "impacto_estimado": "+8 entidades reconocidas, mejor contexto semántico"
    },
    {
      "categoria": "E-E-A-T",
      "titulo": "Establecer autoridad de marca y expertise",
      "prioridad": "ALTA",
      "descripcion": "Demostrar experiencia, expertise y confiabilidad para mejorar scoring E-E-A-T.",
      "acciones": [
        "Crear página 'Sobre Nosotros' con historia, equipo, valores",
        "Añadir biografías de equipo con LinkedIn, experiencia sector",
        "Mostrar testimonios verificados con foto y nombre real",
        "Añadir premios, certificaciones, apariciones en medios",
        "Implementar Author schema para artículos de blog"
      ],
      "impacto_estimado": "Score E-E-A-T 68 → 82, +12% confianza IA"
    },
    {
      "categoria": "Frescura",
      "titulo": "Sistema de actualización continua de contenido",
      "prioridad": "MEDIA",
      "descripcion": "Mantener contenido actualizado con datos frescos y señales de actualidad.",
      "acciones": [
        "Añadir fecha de última actualización visible en cada página",
        "Actualizar estadísticas y precios trimestralmente",
        "Incluir tendencias actuales ('en 2025...', 'últimas temporadas...')",
        "Sección 'Novedades' o 'Nuevas propiedades' actualizada mensualmente"
      ],
      "impacto_estimado": "+10% relevancia para queries 'actuales' o '2025'"
    },
    {
      "categoria": "Formato",
      "titulo": "Reestructurar contenido con listas y tablas",
      "prioridad": "MEDIA",
      "descripcion": "Convertir bloques de texto en formatos estructurados que IA pueda parsear fácilmente.",
      "acciones": [
        "Identificar 30 páginas principales",
        "Convertir 40% del contenido a listas <ul> o <ol>",
        "Crear tablas comparativas donde aplique (precios, capacidades, servicios)",
        "Usar subtítulos descriptivos (H2, H3) cada 200-300 palabras"
      ],
      "impacto_estimado": "+18% facilidad de citación, mejor extracción de datos"
    },
    {
      "categoria": "Citaciones",
      "titulo": "Incorporar datos y fuentes autorizadas",
      "prioridad": "BAJA",
      "descripcion": "Citar estadísticas oficiales y estudios para dar respaldo a afirmaciones.",
      "acciones": [
        "Citar datos oficiales turismo Islas Baleares",
        "Referencias a INE (demanda turismo lujo)",
        "Estudios de mercado alquiler vacacional España",
        "Links a fuentes autorizadas: Govern Illes Balears, AEVV"
      ],
      "impacto_estimado": "+5% credibilidad, mejor para queries informacionales"
    },
    {
      "categoria": "Contenido",
      "titulo": "Crear guías exhaustivas long-form",
      "prioridad": "ALTA",
      "descripcion": "Desarrollar 5-8 guías definitivas (2,000-3,000 palabras) sobre topics clave.",
      "acciones": [
        "Guía completa: 'Alquilar villa en Ibiza: Guía definitiva 2025'",
        "Guía de zonas: Comparativa detallada de las 8 mejores áreas",
        "Guía de servicios: Qué esperar de una villa de lujo",
        "Guía de actividades: 50 cosas que hacer cerca de tu villa",
        "Optimizar cada guía para 15-20 keywords long-tail"
      ],
      "impacto_estimado": "Posicionamiento autoridad, +25% citas IA en topics amplios"
    }
  ],

  "entidades_mencionadas": [
    {
      "nombre": "Ibiza Villa",
      "menciones": 247,
      "tipo": "Organization",
      "contexto": "Marca principal reconocida en 8 de 10 queries"
    },
    {
      "nombre": "Ibiza",
      "menciones": 892,
      "tipo": "Place",
      "contexto": "Ubicación geográfica principal"
    },
    {
      "nombre": "Cala Vadella",
      "menciones": 34,
      "tipo": "Place",
      "contexto": "Zona exclusiva mencionada en contenido premium"
    },
    {
      "nombre": "Es Cubells",
      "menciones": 28,
      "tipo": "Place",
      "contexto": "Área de villas primera línea"
    },
    {
      "nombre": "San José",
      "menciones": 41,
      "tipo": "Place",
      "contexto": "Municipio con mayor oferta de villas"
    },
    {
      "nombre": "Piscina privada",
      "menciones": 156,
      "tipo": "Product Feature",
      "contexto": "Característica más mencionada"
    },
    {
      "nombre": "Chef privado",
      "menciones": 23,
      "tipo": "Service",
      "contexto": "Servicio premium destacado"
    },
    {
      "nombre": "Concierge 24h",
      "menciones": 18,
      "tipo": "Service",
      "contexto": "Servicio de atención personalizada"
    },
    {
      "nombre": "Vista al mar",
      "menciones": 134,
      "tipo": "Product Feature",
      "contexto": "Atributo diferenciador"
    },
    {
      "nombre": "Primera línea de mar",
      "menciones": 67,
      "tipo": "Product Feature",
      "contexto": "Categoría premium de villas"
    },
    {
      "nombre": "Temporada alta",
      "menciones": 45,
      "tipo": "Time Period",
      "contexto": "Julio-Agosto, precios y disponibilidad"
    },
    {
      "nombre": "Arquitectura tradicional ibicenca",
      "menciones": 19,
      "tipo": "Product Feature",
      "contexto": "Estilo arquitectónico único"
    }
  ],

  "competencia_ia": [
    {
      "sitio": "Ibiza Villa (nosotros)",
      "citaciones": 8,
      "visibilidad": "23%",
      "entidades": 12,
      "fortalezas": "Datos específicos de precios, ubicaciones concretas"
    },
    {
      "sitio": "luxury-ibiza.com",
      "citaciones": 18,
      "visibilidad": "51%",
      "entidades": 24,
      "fortalezas": "Contenido long-form, guías exhaustivas, FAQs"
    },
    {
      "sitio": "spain-holiday.com",
      "citaciones": 22,
      "visibilidad": "62%",
      "entidades": 31,
      "fortalezas": "Autoridad de marca, backlinks .gov, datos oficiales"
    },
    {
      "sitio": "ibiza-spotlight.com",
      "citaciones": 15,
      "visibilidad": "43%",
      "entidades": 28,
      "fortalezas": "Actualización frecuente, contenido fresco, eventos"
    },
    {
      "sitio": "vrbo.com",
      "citaciones": 12,
      "visibilidad": "34%",
      "entidades": 18,
      "fortalezas": "Reviews verificados, transparencia pricing"
    }
  ],

  "estrategia_contenido_ia": [
    {
      "fase": "Fase 1: Quick Wins Estructurales (Mes 1)",
      "duracion": "4 semanas",
      "descripcion": "Optimizaciones rápidas en contenido existente para mejorar parsing de IA.",
      "objetivos": [
        "Añadir respuestas directas a 20 páginas top",
        "Implementar FAQPage schema en 15 páginas",
        "Reestructurar 10 páginas con listas y tablas",
        "Añadir fecha última actualización visible"
      ]
    },
    {
      "fase": "Fase 2: Amplificación de Autoridad (Mes 2-3)",
      "duracion": "8 semanas",
      "descripcion": "Establecer expertise y confiabilidad de marca.",
      "objetivos": [
        "Crear página 'Sobre Nosotros' completa con equipo",
        "Añadir 50+ testimonios verificados con schema Review",
        "Obtener 5 menciones en medios locales/nacionales",
        "Publicar 8 artículos de blog con autor verificado",
        "Conseguir 10 backlinks de sitios autoridad DR>50"
      ]
    },
    {
      "fase": "Fase 3: Contenido Long-Form (Mes 3-5)",
      "duracion": "12 semanas",
      "descripcion": "Crear guías definitivas que IA considere fuentes autorizadas.",
      "objetivos": [
        "5 guías exhaustivas (2,500+ palabras)",
        "Cada guía optimizada para 20 keywords long-tail",
        "Incluir tablas comparativas, listas, FAQs",
        "Citar 5+ fuentes oficiales por guía",
        "Promocionar para conseguir menciones y links"
      ]
    },
    {
      "fase": "Fase 4: Optimización Continua (Mes 6+)",
      "duracion": "Ongoing",
      "descripcion": "Monitoreo, ajustes y mejora continua basada en datos.",
      "objetivos": [
        "Tracking semanal de citaciones SGE",
        "Actualización trimestral de contenido top 30",
        "A/B testing de formatos de respuesta",
        "Análisis mensual de nuevas queries SGE",
        "Ajuste de estrategia según algoritmo updates"
      ]
    }
  ],

  "metricas_seguimiento": [
    {
      "nombre": "Visibilidad SGE",
      "valor": "23%",
      "tendencia": "positiva",
      "cambio": "+5% vs mes anterior"
    },
    {
      "nombre": "Citaciones Totales",
      "valor": "8",
      "tendencia": "positiva",
      "cambio": "+2 nuevas"
    },
    {
      "nombre": "Posición Media Citación",
      "valor": "3.2",
      "tendencia": "positiva",
      "cambio": "Mejoró de 4.1"
    },
    {
      "nombre": "Score E-E-A-T",
      "valor": "68/100",
      "tendencia": "positiva",
      "cambio": "+4 puntos"
    },
    {
      "nombre": "Entidades Reconocidas",
      "valor": "12",
      "tendencia": "positiva",
      "cambio": "+3 nuevas"
    },
    {
      "nombre": "Páginas con FAQPage",
      "valor": "5",
      "tendencia": "positiva",
      "cambio": "+5 este mes"
    }
  ],

  "herramientas_recomendadas": [
    "BrightEdge for SGE tracking",
    "SE Ranking AI Overview Monitor",
    "Semrush SGE Visibility",
    "Google Search Labs (acceso beta SGE)",
    "NLP tools: Clearscope, MarketMuse",
    "Entity analysis: InLinks, WordLift"
  ]
}
