{
  "version": "1.0",
  "modulo_id": "m9.5",
  "titulo": "Local SEO",
  "subtitulo": "Optimización para Búsquedas Locales y Google Business Profile",
  "fecha_analisis": "14/10/2025",
  "nombre_negocio": "Ibiza Villa",
  "resumen_ejecutivo": {
    "score": 68,
    "score_class": "warning",
    "gbp_status": "Verificado pero incompleto",
    "local_pack_visibility": "35%",
    "total_reviews": 47,
    "avg_rating": "4.3",
    "diagnostico": "El perfil de Google Business está verificado pero necesita optimización. Completitud actual del 68%. Oportunidades significativas en reviews, posts y Local Pack. NAP consistency tiene variaciones que afectan visibilidad local."
  },
  "google_business_profile": {
    "completion_percentage": 68,
    "informacion_basica": [
      {
        "item": "Business name (exacto, sin keywords stuffing)",
        "status": true,
        "nota": ""
      },
      {
        "item": "Primary category (específica y precisa)",
        "status": true,
        "nota": "Real Estate Agency"
      },
      {
        "item": "Secondary categories (relevantes, max 9)",
        "status": false,
        "nota": "Solo 1 categoría secundaria, se pueden agregar hasta 8 más"
      },
      {
        "item": "Business description (750 caracteres, keywords natural)",
        "status": true,
        "nota": "485 caracteres usados de 750"
      },
      {
        "item": "Address exacta y verificada",
        "status": true,
        "nota": ""
      },
      {
        "item": "Phone number (local, rastreable)",
        "status": true,
        "nota": ""
      },
      {
        "item": "Website URL",
        "status": true,
        "nota": ""
      },
      {
        "item": "Hours de operación (actualizar días festivos)",
        "status": false,
        "nota": "No actualizadas para festivos 2025"
      },
      {
        "item": "Service area (si aplica)",
        "status": true,
        "nota": "Ibiza completa configurada"
      },
      {
        "item": "Atributos relevantes del negocio",
        "status": false,
        "nota": "Solo 3 de 12 atributos disponibles configurados"
      }
    ],
    "multimedia": [
      {
        "item": "Logo de alta calidad",
        "status": true,
        "cantidad": "1 logo"
      },
      {
        "item": "Cover photo profesional",
        "status": true,
        "cantidad": ""
      },
      {
        "item": "10+ photos del negocio/productos",
        "status": true,
        "cantidad": "24 fotos"
      },
      {
        "item": "Video del negocio (90 segundos ideal)",
        "status": false,
        "cantidad": "0 videos"
      },
      {
        "item": "Virtual tour (si aplica)",
        "status": false,
        "cantidad": ""
      },
      {
        "item": "Photos actualizadas regularmente (mensual)",
        "status": false,
        "cantidad": "Última subida hace 4 meses"
      }
    ],
    "products_services": [
      {
        "item": "Listar productos principales",
        "status": true
      },
      {
        "item": "Descripciones completas con keywords",
        "status": false
      },
      {
        "item": "Precios transparentes",
        "status": true
      },
      {
        "item": "Photos por producto",
        "status": true
      },
      {
        "item": "Categorización apropiada",
        "status": true
      }
    ],
    "google_posts": [
      {
        "item": "Frecuencia regular (1-2 por semana)",
        "status": false
      },
      {
        "item": "Variedad de tipos (Events, Offers, Updates)",
        "status": false
      },
      {
        "item": "Call-to-action fuerte",
        "status": true
      },
      {
        "item": "Keywords en primer párrafo",
        "status": false
      }
    ],
    "reviews_management": [
      {
        "item": "Solicitar reviews activamente",
        "status": false
      },
      {
        "item": "Responder a TODAS las reviews",
        "status": false
      },
      {
        "item": "Tiempo respuesta < 48hrs",
        "status": false
      },
      {
        "item": "Template responses personalizadas",
        "status": false
      },
      {
        "item": "Gestión proactiva de reviews negativas",
        "status": true
      }
    ],
    "qna_section": [
      {
        "item": "Preguntas frecuentes publicadas (seed)",
        "status": false
      },
      {
        "item": "Monitoreo activo de nuevas preguntas",
        "status": false
      },
      {
        "item": "Keywords en respuestas naturalmente",
        "status": true
      },
      {
        "item": "Actualización de información obsoleta",
        "status": false
      }
    ]
  },
  "local_schema": {
    "localbusiness_presente": true,
    "nap_en_schema": true,
    "geo_presente": true,
    "hours_presente": false,
    "schema_recomendado": "{\n  \"@context\": \"https://schema.org\",\n  \"@type\": \"RealEstateAgent\",\n  \"name\": \"Ibiza Villa\",\n  \"image\": \"https://ibizavilla.com/logo.jpg\",\n  \"@id\": \"https://ibizavilla.com\",\n  \"url\": \"https://ibizavilla.com\",\n  \"telephone\": \"+34-971-123-456\",\n  \"priceRange\": \"€€€€\",\n  \"address\": {\n    \"@type\": \"PostalAddress\",\n    \"streetAddress\": \"Paseo Marítimo 15\",\n    \"addressLocality\": \"Ibiza\",\n    \"addressRegion\": \"Baleares\",\n    \"postalCode\": \"07800\",\n    \"addressCountry\": \"ES\"\n  },\n  \"geo\": {\n    \"@type\": \"GeoCoordinates\",\n    \"latitude\": 38.9067,\n    \"longitude\": 1.4206\n  },\n  \"openingHoursSpecification\": [\n    {\n      \"@type\": \"OpeningHoursSpecification\",\n      \"dayOfWeek\": [\"Monday\", \"Tuesday\", \"Wednesday\", \"Thursday\", \"Friday\"],\n      \"opens\": \"09:00\",\n      \"closes\": \"19:00\"\n    },\n    {\n      \"@type\": \"OpeningHoursSpecification\",\n      \"dayOfWeek\": \"Saturday\",\n      \"opens\": \"10:00\",\n      \"closes\": \"14:00\"\n    }\n  ],\n  \"sameAs\": [\n    \"https://www.facebook.com/ibizavilla\",\n    \"https://www.instagram.com/ibizavilla\",\n    \"https://www.linkedin.com/company/ibizavilla\"\n  ],\n  \"areaServed\": {\n    \"@type\": \"City\",\n    \"name\": \"Ibiza\"\n  }\n}"
  },
  "nap_consistency": {
    "consistency_score": 75,
    "variaciones_encontradas": [
      {
        "plataforma": "Google Business Profile",
        "nombre": "Ibiza Villa",
        "direccion": "Paseo Marítimo 15, 07800 Ibiza",
        "telefono": "+34 971 123 456",
        "consistente": true
      },
      {
        "plataforma": "Sitio Web",
        "nombre": "Ibiza Villa",
        "direccion": "Paseo Marítimo, 15 - Ibiza 07800",
        "telefono": "+34-971-123-456",
        "consistente": false
      },
      {
        "plataforma": "Facebook",
        "nombre": "Ibiza Villa Real Estate",
        "direccion": "Paseo Marítimo 15, Ibiza",
        "telefono": "971123456",
        "consistente": false
      },
      {
        "plataforma": "Booking.com",
        "nombre": "Ibiza Villa",
        "direccion": "Paseo Marítimo 15, 07800 Ibiza, España",
        "telefono": "+34 971 123 456",
        "consistente": true
      },
      {
        "plataforma": "TripAdvisor",
        "nombre": "Ibiza Villa",
        "direccion": "Paseo Maritimo 15, Ibiza",
        "telefono": "+34 971 123456",
        "consistente": false
      }
    ],
    "nap_canonico": {
      "nombre": "Ibiza Villa",
      "direccion": "Paseo Marítimo 15, 07800 Ibiza, Baleares, España",
      "telefono": "+34 971 123 456"
    }
  },
  "citations": {
    "total_citations": 18,
    "consistent_citations": 12,
    "inconsistent_citations": 6,
    "missing_citations": 15,
    "top_citations": [
      {
        "directorio": "Google Business Profile",
        "da": 100,
        "presente": true,
        "nap_consistent": true,
        "accion": "Optimizar contenido"
      },
      {
        "directorio": "Facebook",
        "da": 96,
        "presente": true,
        "nap_consistent": false,
        "accion": "Corregir NAP"
      },
      {
        "directorio": "Booking.com",
        "da": 93,
        "presente": true,
        "nap_consistent": true,
        "accion": "Mantener actualizado"
      },
      {
        "directorio": "TripAdvisor",
        "da": 92,
        "presente": true,
        "nap_consistent": false,
        "accion": "Corregir formato teléfono"
      },
      {
        "directorio": "Yelp España",
        "da": 88,
        "presente": false,
        "nap_consistent": false,
        "accion": "Crear listing"
      },
      {
        "directorio": "Airbnb",
        "da": 85,
        "presente": true,
        "nap_consistent": true,
        "accion": "Completar perfil"
      },
      {
        "directorio": "Páginas Amarillas",
        "da": 82,
        "presente": false,
        "nap_consistent": false,
        "accion": "Crear listing"
      },
      {
        "directorio": "Foursquare",
        "da": 78,
        "presente": false,
        "nap_consistent": false,
        "accion": "Crear listing"
      },
      {
        "directorio": "idealista",
        "da": 75,
        "presente": true,
        "nap_consistent": true,
        "accion": "Optimizar anuncios"
      },
      {
        "directorio": "fotocasa",
        "da": 72,
        "presente": true,
        "nap_consistent": true,
        "accion": "Mantener"
      }
    ]
  },
  "reviews": {
    "total_reviews": 47,
    "avg_rating": "4.3",
    "response_rate": 45,
    "avg_response_time": "4.2 días",
    "distribucion_estrellas": {
      "5": {
        "cantidad": 28,
        "porcentaje": 60
      },
      "4": {
        "cantidad": 11,
        "porcentaje": 23
      },
      "3": {
        "cantidad": 4,
        "porcentaje": 9
      },
      "2": {
        "cantidad": 2,
        "porcentaje": 4
      },
      "1": {
        "cantidad": 2,
        "porcentaje": 4
      }
    },
    "keywords_reviews": [
      {
        "keyword": "profesional",
        "frecuencia": 18
      },
      {
        "keyword": "villas de lujo",
        "frecuencia": 15
      },
      {
        "keyword": "atención personalizada",
        "frecuencia": 12
      },
      {
        "keyword": "ubicación perfecta",
        "frecuencia": 11
      },
      {
        "keyword": "servicio excelente",
        "frecuencia": 9
      },
      {
        "keyword": "recomendable",
        "frecuencia": 8
      }
    ]
  },
  "local_pack_visibility": {
    "apariciones_porcentaje": 35,
    "apariciones_count": 7,
    "keywords_analizadas": 20,
    "keywords_ranking": [
      {
        "keyword": "alquiler villas ibiza",
        "volumen": 1200,
        "posicion": 2,
        "competidores": ["Villa Select Ibiza", "Luxury Villas Ibiza"]
      },
      {
        "keyword": "villas de lujo ibiza",
        "volumen": 900,
        "posicion": 3,
        "competidores": ["Ibiza Premium Properties", "Villa Select Ibiza"]
      },
      {
        "keyword": "inmobiliaria ibiza",
        "volumen": 2400,
        "posicion": 0,
        "competidores": ["Ibiza Properties", "Engel & Völkers Ibiza"]
      },
      {
        "keyword": "alquiler vacacional ibiza",
        "volumen": 1800,
        "posicion": 5,
        "competidores": ["Ibiza Villas", "Holiday Rentals Ibiza"]
      },
      {
        "keyword": "casas en ibiza",
        "volumen": 3200,
        "posicion": 0,
        "competidores": ["Multiple competitors"]
      },
      {
        "keyword": "villa con piscina ibiza",
        "volumen": 800,
        "posicion": 1,
        "competidores": ["Luxury Villas Ibiza"]
      }
    ]
  },
  "competencia_local": {
    "comparativa": [
      {
        "nombre": "Ibiza Villa",
        "es_tuyo": true,
        "gbp_score": 68,
        "reviews_count": 47,
        "rating": "4.3",
        "local_pack_appearances": "35%",
        "citations_count": 18
      },
      {
        "nombre": "Villa Select Ibiza",
        "es_tuyo": false,
        "gbp_score": 85,
        "reviews_count": 124,
        "rating": "4.7",
        "local_pack_appearances": "62%",
        "citations_count": 34
      },
      {
        "nombre": "Luxury Villas Ibiza",
        "es_tuyo": false,
        "gbp_score": 78,
        "reviews_count": 89,
        "rating": "4.5",
        "local_pack_appearances": "48%",
        "citations_count": 27
      },
      {
        "nombre": "Ibiza Premium Properties",
        "es_tuyo": false,
        "gbp_score": 72,
        "reviews_count": 63,
        "rating": "4.4",
        "local_pack_appearances": "41%",
        "citations_count": 22
      },
      {
        "nombre": "Engel & Völkers Ibiza",
        "es_tuyo": false,
        "gbp_score": 91,
        "reviews_count": 187,
        "rating": "4.8",
        "local_pack_appearances": "75%",
        "citations_count": 45
      }
    ],
    "insights": [
      "Estás 17 puntos por debajo del GBP score promedio de la competencia principal (85 pts)",
      "Necesitas triplicar el número de reviews para alcanzar el benchmark competitivo (47 vs 124 promedio top 3)",
      "Local Pack visibility está 27% por debajo del líder del sector (35% vs 62%)",
      "Oportunidad: competidores líderes tienen 2x más citations - hay margen significativo de mejora",
      "Tu rating 4.3 es competitivo, pero necesita subir a 4.5+ para destacar en local pack"
    ]
  },
  "recomendaciones": [
    {
      "prioridad": "A",
      "titulo": "Completar GBP al 100%",
      "descripcion": "Completar todos los campos del perfil de Google Business, especialmente categorías secundarias, atributos del negocio, horarios especiales y Q&A seed. Objetivo: pasar de 68% a 95%+ completitud.",
      "esfuerzo": "4-6 horas",
      "impacto": "Alto"
    },
    {
      "prioridad": "A",
      "titulo": "Implementar estrategia de Reviews",
      "descripcion": "Crear sistema automatizado de solicitud de reviews post-servicio. Responder a TODAS las reviews en <48hrs. Objetivo: llegar a 100+ reviews en 6 meses con 4.5+ rating.",
      "esfuerzo": "Setup: 8 horas + mantenimiento semanal",
      "impacto": "Muy Alto"
    },
    {
      "prioridad": "A",
      "titulo": "Corregir NAP Consistency",
      "descripcion": "Estandarizar Name, Address, Phone en todas las plataformas usando el formato canónico recomendado. Priorizar Facebook, TripAdvisor y sitio web.",
      "esfuerzo": "3-4 horas",
      "impacto": "Alto"
    },
    {
      "prioridad": "B",
      "titulo": "Crear Citations en directorios faltantes",
      "descripcion": "Crear listings en 15 directorios top prioritarios: Yelp, Páginas Amarillas, Foursquare, etc. Mantener NAP consistency perfecta.",
      "esfuerzo": "10-12 horas",
      "impacto": "Medio-Alto"
    },
    {
      "prioridad": "B",
      "titulo": "Implementar Google Posts regulares",
      "descripcion": "Publicar 1-2 posts semanales en GBP con variedad (ofertas, eventos, updates). Incluir keywords y CTAs fuertes.",
      "esfuerzo": "2 horas/semana",
      "impacto": "Medio"
    },
    {
      "prioridad": "B",
      "titulo": "Añadir OpeningHours a Schema",
      "descripcion": "Completar schema LocalBusiness con horarios de apertura estructurados y días festivos especiales.",
      "esfuerzo": "1-2 horas",
      "impacto": "Medio"
    },
    {
      "prioridad": "C",
      "titulo": "Crear video de negocio para GBP",
      "descripcion": "Producir video profesional de 60-90 segundos mostrando villas, servicios y equipo. Optimizar para GBP.",
      "esfuerzo": "1-2 días",
      "impacto": "Medio"
    },
    {
      "prioridad": "C",
      "titulo": "Implementar Virtual Tour",
      "descripcion": "Crear tour virtual 360° de villas destacadas y oficina. Integrar con GBP y sitio web.",
      "esfuerzo": "3-5 días",
      "impacto": "Medio"
    }
  ]
}
