{
  "titulo": "Monitoreo de Algoritmo - Ibiza Villa",
  "subtitulo": "Sistema de alertas y playbook de recuperación ante updates",
  "fecha_analisis": "16/10/2025",
  "cliente": "Ibiza Villa",

  "resumen_ejecutivo": {
    "descripcion": "Sistema de monitoreo continuo de actualizaciones algorítmicas de Google. En los últimos 12 meses se detectaron 8 updates mayores, 2 con impacto negativo leve (-12% y -8% tráfico respectivamente). Tiempo promedio de recuperación: 18 días. Se han configurado 12 alertas automáticas para detección temprana.",
    "updates_detectados": 8,
    "impactos_negativos": 2,
    "tiempo_recuperacion_avg": "18 días",
    "alertas_activas": 12
  },

  "impacto_actual": {
    "estado": "Normal - Sin impactos significativos",
    "descripcion": "El sitio mantiene estabilidad en rankings desde el último Core Update de septiembre 2025. No se detectan fluctuaciones anómalas en tráfico, rankings o CTR.",
    "ultimo_update": "September 2025 Core Update",
    "fecha_update": "14/09/2025",
    "impacto_detectado": "Neutro (+2% tráfico general)"
  },

  "historial_updates": [
    {
      "nombre": "September 2025 Core Update",
      "fecha": "14/09/2025 - 28/09/2025",
      "tipo": "Core Update",
      "impacto_tipo": "Positivo",
      "descripcion": "Actualización core centrada en E-E-A-T y calidad de contenido. Benefició a sitios con experiencia demostrable y testimonios reales.",
      "metricas": {
        "Tráfico orgánico": "+2.3%",
        "Rankings top 10": "+5 keywords",
        "CTR promedio": "+0.4%",
        "Conversión": "Sin cambios"
      },
      "acciones_tomadas": "Monitoreo continuo. No se requirieron ajustes."
    },
    {
      "nombre": "August 2025 Spam Update",
      "fecha": "03/08/2025 - 10/08/2025",
      "tipo": "Spam Update",
      "impacto_tipo": "Neutro",
      "descripcion": "Actualización enfocada en detectar contenido generado por IA de baja calidad y spam links.",
      "metricas": {
        "Tráfico orgánico": "-0.5%",
        "Rankings top 10": "Sin cambios",
        "Backlinks penalizados": "0",
        "Páginas desindexadas": "0"
      },
      "acciones_tomadas": "Auditoría de backlinks. Todo limpio, sin penalizaciones."
    },
    {
      "nombre": "July 2025 Reviews Update",
      "fecha": "20/07/2025 - 02/08/2025",
      "tipo": "Product Reviews Update",
      "impacto_tipo": "Negativo",
      "descripcion": "Update específico para reviews de productos/servicios. Penalizó sitios con reviews genéricos o sin experiencia de primera mano.",
      "metricas": {
        "Tráfico orgánico": "-8.2%",
        "Rankings top 10": "-12 keywords",
        "CTR promedio": "-1.2%",
        "Páginas afectadas": "Principalmente landing pages de villas"
      },
      "acciones_tomadas": "Añadidas 35 reviews verificadas con fotos reales. Implementado schema Review. Recuperación en 21 días."
    },
    {
      "nombre": "June 2025 Core Update",
      "fecha": "06/06/2025 - 20/06/2025",
      "tipo": "Core Update",
      "impacto_tipo": "Negativo",
      "descripcion": "Core update con foco en 'helpful content' y señales de satisfacción del usuario (dwell time, pogo-sticking).",
      "metricas": {
        "Tráfico orgánico": "-12.5%",
        "Rankings top 10": "-23 keywords",
        "CTR promedio": "-0.8%",
        "Bounce rate": "+4.2%"
      },
      "acciones_tomadas": "Reescritura de 15 páginas principales con contenido más exhaustivo. Mejorada UX. Recuperación en 28 días."
    },
    {
      "nombre": "May 2025 Mobile Update",
      "fecha": "15/05/2025 - 22/05/2025",
      "tipo": "Mobile-First Indexing",
      "impacto_tipo": "Neutro",
      "descripcion": "Ajuste menor al algoritmo mobile-first. Priorizó sitios con mejor experiencia móvil.",
      "metricas": {
        "Tráfico orgánico": "+1.2%",
        "Rankings móvil": "+3 posiciones promedio",
        "Core Web Vitals": "Mejora en LCP"
      },
      "acciones_tomadas": "Validación de experiencia móvil. Todo OK."
    },
    {
      "nombre": "March 2025 Core Update",
      "fecha": "12/03/2025 - 26/03/2025",
      "tipo": "Core Update",
      "impacto_tipo": "Positivo",
      "descripcion": "Core update amplio. Benefició a sitios con strong branding y mentions externas.",
      "metricas": {
        "Tráfico orgánico": "+6.8%",
        "Rankings top 10": "+18 keywords",
        "CTR promedio": "+1.1%",
        "Impresiones": "+11.2%"
      },
      "acciones_tomadas": "Capitalizamos momentum con más contenido y outreach."
    },
    {
      "nombre": "February 2025 Link Spam Update",
      "fecha": "01/02/2025 - 08/02/2025",
      "tipo": "Link Spam Update",
      "impacto_tipo": "Neutro",
      "descripcion": "Actualización dirigida a desvalorizar links spam y esquemas de enlaces.",
      "metricas": {
        "Tráfico orgánico": "-1.2%",
        "Links desvalorizados": "~15 (spam detectado)",
        "Penalizaciones": "0"
      },
      "acciones_tomadas": "Disavow de 3 dominios spam identificados."
    },
    {
      "nombre": "January 2025 Core Update",
      "fecha": "15/01/2025 - 29/01/2025",
      "tipo": "Core Update",
      "impacto_tipo": "Positivo",
      "descripcion": "Primer core update del año. Enfoque en contenido original y experiencia del usuario.",
      "metricas": {
        "Tráfico orgánico": "+4.5%",
        "Rankings top 10": "+9 keywords",
        "Featured snippets": "+2 nuevos"
      },
      "acciones_tomadas": "Continuamos estrategia de contenido de calidad."
    }
  ],

  "metricas_monitorizadas": [
    {
      "nombre": "Tráfico orgánico total",
      "frecuencia": "Diaria",
      "umbral_alerta": "Caída >10% en 3 días consecutivos",
      "fuente": "Google Analytics 4"
    },
    {
      "nombre": "Rankings keywords top 20",
      "frecuencia": "Diaria",
      "umbral_alerta": "Pérdida >15 keywords en top 20",
      "fuente": "Ahrefs Rank Tracker"
    },
    {
      "nombre": "Impresiones Search Console",
      "frecuencia": "Diaria",
      "umbral_alerta": "Caída >15% vs media 7 días",
      "fuente": "Google Search Console"
    },
    {
      "nombre": "CTR promedio orgánico",
      "frecuencia": "Semanal",
      "umbral_alerta": "Descenso >1% en 2 semanas",
      "fuente": "Google Search Console"
    },
    {
      "nombre": "Posición promedio keywords",
      "frecuencia": "Diaria",
      "umbral_alerta": "Descenso >2 posiciones promedio",
      "fuente": "Search Console + Ahrefs"
    },
    {
      "nombre": "Core Web Vitals",
      "frecuencia": "Semanal",
      "umbral_alerta": "Cualquier métrica pasa a 'Poor'",
      "fuente": "PageSpeed Insights + CrUX"
    },
    {
      "nombre": "Páginas indexadas",
      "frecuencia": "Semanal",
      "umbral_alerta": "Pérdida >10 páginas en índice",
      "fuente": "Google Search Console"
    },
    {
      "nombre": "Backlinks totales",
      "frecuencia": "Semanal",
      "umbral_alerta": "Pérdida >20 backlinks calidad",
      "fuente": "Ahrefs"
    },
    {
      "nombre": "Domain Rating (DR)",
      "frecuencia": "Mensual",
      "umbral_alerta": "Caída >2 puntos DR",
      "fuente": "Ahrefs"
    },
    {
      "nombre": "Conversión orgánica",
      "frecuencia": "Semanal",
      "umbral_alerta": "Descenso >15% conversión",
      "fuente": "Google Analytics 4"
    },
    {
      "nombre": "Bounce rate orgánico",
      "frecuencia": "Semanal",
      "umbral_alerta": "Aumento >5% vs baseline",
      "fuente": "Google Analytics 4"
    },
    {
      "nombre": "Velocidad de carga promedio",
      "frecuencia": "Semanal",
      "umbral_alerta": "Aumento >500ms vs baseline",
      "fuente": "Google Analytics 4 + GTmetrix"
    }
  ],

  "alertas_configuradas": [
    {
      "trigger": "Caída tráfico orgánico >10% en 24h",
      "descripcion": "Detección temprana de posible algorithm update o problema técnico.",
      "accion": "Email inmediato + revisión de Search Console + check status herramientas SEO"
    },
    {
      "trigger": "Pérdida >20 keywords en top 10",
      "descripcion": "Fluctuación significativa en rankings principales.",
      "accion": "Análisis de keywords perdidas + comparación con competencia + check updates Google"
    },
    {
      "trigger": "Caída CTR >1.5% en 7 días",
      "descripcion": "Posible aparición de nuevos features SERP (snippets, AI Overview) que reducen clicks.",
      "accion": "Análisis de SERPs afectadas + optimización meta descriptions + featured snippets"
    },
    {
      "trigger": "Core Web Vitals en 'Poor'",
      "descripción": "Métrica de experiencia de usuario cayó por debajo del umbral.",
      "accion": "Auditoría técnica inmediata + priorización de fix + revalidación PageSpeed"
    },
    {
      "trigger": "Páginas desindexadas >5",
      "descripcion": "Posible penalización manual o problema técnico de crawling.",
      "accion": "Check Search Console Manual Actions + revisión robots.txt + sitemap + errores crawl"
    },
    {
      "trigger": "Pérdida backlinks >30 en 7 días",
      "descripcion": "Posible pérdida de links de calidad o eliminación de referencias.",
      "accion": "Identificar links perdidos + análisis si fueron spam o legítimos + outreach si aplica"
    },
    {
      "trigger": "Spike en errores 4xx o 5xx",
      "descripcion": "Problemas técnicos en el servidor que afectan crawling.",
      "accion": "Revisión logs servidor + fix de errores + recrawl forzado GSC"
    },
    {
      "trigger": "Bounce rate >60% en páginas top",
      "descripcion": "Señal de baja calidad de tráfico o problemas UX.",
      "accion": "Análisis de fuentes de tráfico + test A/B de landing pages + mejoras UX"
    },
    {
      "trigger": "Conversión orgánica <2%",
      "descripcion": "Caída en conversión que puede indicar tráfico de baja calidad.",
      "accion": "Revisión de keywords que convierten + análisis de intent + optimización CRO"
    },
    {
      "trigger": "Anuncio oficial de Google Update",
      "descripcion": "Google anuncia core update, spam update u otra actualización mayor.",
      "accion": "Monitoreo intensificado diario + benchmarking competencia + preparación para ajustes"
    },
    {
      "trigger": "Fluctuaciones >20% en rankings (herramientas)",
      "descripcion": "Sensores de herramientas SEO detectan volatilidad inusual.",
      "accion": "Confirmar si es general o específico nuestro + análisis de causas + espera 48h antes de cambios"
    },
    {
      "trigger": "Caída en visibilidad SGE/AI Overviews",
      "descripcion": "Pérdida de presencia en respuestas generadas por IA.",
      "accion": "Análisis de contenido que perdió citaciones + optimización para IA + FAQs + E-E-A-T"
    }
  ],

  "playbook_recuperacion": [
    {
      "escenario": "Caída por Core Update (>10% tráfico)",
      "tiempo_estimado": "2-4 semanas",
      "pasos": [
        {
          "titulo": "Fase 1: Diagnóstico (Días 1-3)",
          "descripcion": "Identificar páginas y keywords más afectadas. Comparar con competencia. Analizar qué tipo de contenido está ganando."
        },
        {
          "titulo": "Fase 2: Análisis de causa (Días 4-7)",
          "descripcion": "Determinar qué factor priorizó el update: E-E-A-T, contenido útil, UX, señales de usuario, frescura, links."
        },
        {
          "titulo": "Fase 3: Plan de acción (Días 8-10)",
          "descripcion": "Priorizar 10-15 páginas más importantes afectadas. Crear plan específico de mejoras por página."
        },
        {
          "titulo": "Fase 4: Implementación (Días 11-21)",
          "descripcion": "Ejecutar mejoras: reescritura de contenido, añadir E-E-A-T signals, mejorar UX, actualizar datos, añadir multimedia."
        },
        {
          "titulo": "Fase 5: Monitoreo y ajuste (Días 22-30)",
          "descripcion": "Monitorizar recuperación diariamente. Ajustar estrategia según resultados. Documentar aprendizajes."
        }
      ]
    },
    {
      "escenario": "Penalización por Links Spam",
      "tiempo_estimado": "1-3 semanas",
      "pasos": [
        {
          "titulo": "Paso 1: Auditoría completa de backlinks",
          "descripcion": "Exportar perfil de backlinks completo desde Ahrefs. Identificar links spam, PBN, anclas sobre-optimizadas."
        },
        {
          "titulo": "Paso 2: Crear archivo Disavow",
          "descripcion": "Listar dominios y URLs spam en formato disavow. Ser conservador, no disavow links legítimos."
        },
        {
          "titulo": "Paso 3: Subir Disavow a GSC",
          "descripcion": "Subir archivo disavow en Google Search Console. Puede tardar semanas en procesarse."
        },
        {
          "titulo": "Paso 4: Limpieza proactiva",
          "descripcion": "Si es posible, contactar webmasters para eliminación manual de links más dañinos antes de esperar disavow."
        },
        {
          "titulo": "Paso 5: Reconsideración si aplica",
          "descripcion": "Si es penalización manual, solicitar reconsideración vía GSC una vez limpiado el perfil."
        }
      ]
    },
    {
      "escenario": "Caída por Problemas Técnicos",
      "tiempo_estimado": "1-7 días",
      "pasos": [
        {
          "titulo": "Paso 1: Identificar el problema",
          "descripcion": "Revisar GSC errores de crawl, logs servidor, status HTTP, robots.txt, sitemap, Core Web Vitals."
        },
        {
          "titulo": "Paso 2: Fix inmediato",
          "descripcion": "Solucionar problema técnico con máxima prioridad. Server caído, páginas bloqueadas, redirects rotos, etc."
        },
        {
          "titulo": "Paso 3: Forzar re-crawl",
          "descripcion": "Solicitar indexación de URLs afectadas vía GSC. Enviar sitemap actualizado."
        },
        {
          "titulo": "Paso 4: Validación",
          "descripcion": "Confirmar que Googlebot puede acceder correctamente. Verificar en GSC que errores están resueltos."
        },
        {
          "titulo": "Paso 5: Monitoreo 72h",
          "descripcion": "Vigilar recuperación de rankings e indexación. Asegurar que no hay regresiones."
        }
      ]
    },
    {
      "escenario": "Pérdida de Featured Snippets",
      "tiempo_estimado": "1-2 semanas",
      "pasos": [
        {
          "titulo": "Paso 1: Identificar snippets perdidos",
          "descripcion": "Listar keywords donde teníamos snippet y ya no. Identificar quién nos lo quitó."
        },
        {
          "titulo": "Paso 2: Análisis del nuevo snippet",
          "descripcion": "Estudiar formato, longitud y estructura del snippet que ahora ocupa posición 0."
        },
        {
          "titulo": "Paso 3: Optimizar contenido",
          "descripcion": "Ajustar respuesta directa, mejorar formato (lista, tabla, párrafo), actualizar datos si aplica."
        },
        {
          "titulo": "Paso 4: Mejorar calidad página",
          "descripcion": "Aumentar E-E-A-T signals, añadir multimedia, mejorar internal linking, actualizar fecha."
        },
        {
          "titulo": "Paso 5: Forzar re-indexación",
          "descripcion": "Solicitar indexación vía GSC tras cambios. Monitorizar recuperación de snippet."
        }
      ]
    }
  ],

  "calendario_updates": [
    {
      "mes": "Noviembre 2025",
      "updates_esperados": [
        {
          "tipo": "Core Update",
          "probabilidad": "Alta (80%) - Patrón histórico"
        },
        {
          "tipo": "Reviews Update",
          "probabilidad": "Media (40%)"
        }
      ]
    },
    {
      "mes": "Diciembre 2025",
      "updates_esperados": [
        {
          "tipo": "Spam Update",
          "probabilidad": "Baja (20%) - Suelen evitar holidays"
        }
      ]
    },
    {
      "mes": "Enero 2026",
      "updates_esperados": [
        {
          "tipo": "Core Update",
          "probabilidad": "Media (50%) - Común inicio de año"
        }
      ]
    },
    {
      "mes": "Febrero 2026",
      "updates_esperados": [
        {
          "tipo": "Link Spam Update",
          "probabilidad": "Media (45%)"
        }
      ]
    },
    {
      "mes": "Marzo 2026",
      "updates_esperados": [
        {
          "tipo": "Core Update",
          "probabilidad": "Alta (75%) - Patrón Q1"
        },
        {
          "tipo": "Product Reviews",
          "probabilidad": "Media (35%)"
        }
      ]
    },
    {
      "mes": "Abril 2026",
      "updates_esperados": [
        {
          "tipo": "Mobile/Page Experience",
          "probabilidad": "Baja (25%)"
        }
      ]
    },
    {
      "mes": "Mayo 2026",
      "updates_esperados": [
        {
          "tipo": "Spam Update",
          "probabilidad": "Media (40%)"
        }
      ]
    },
    {
      "mes": "Junio 2026",
      "updates_esperados": [
        {
          "tipo": "Core Update",
          "probabilidad": "Alta (85%) - Muy común Q2"
        }
      ]
    },
    {
      "mes": "Julio 2026",
      "updates_esperados": [
        {
          "tipo": "Reviews Update",
          "probabilidad": "Media (40%)"
        }
      ]
    },
    {
      "mes": "Agosto 2026",
      "updates_esperados": [
        {
          "tipo": "Spam Update",
          "probabilidad": "Alta (60%)"
        }
      ]
    },
    {
      "mes": "Septiembre 2026",
      "updates_esperados": [
        {
          "tipo": "Core Update",
          "probabilidad": "Muy Alta (90%) - Casi garantizado"
        }
      ]
    },
    {
      "mes": "Octubre 2026",
      "updates_esperados": [
        {
          "tipo": "Link Update",
          "probabilidad": "Media (35%)"
        }
      ]
    }
  ],

  "herramientas_monitorizacion": [
    "Google Search Console - Métricas oficiales",
    "Google Analytics 4 - Tráfico y comportamiento",
    "Ahrefs Rank Tracker - Rankings diarios",
    "SEMrush Sensor - Volatilidad SERP",
    "Moz MozCast - Temperatura algoritmo",
    "Algoroo - Cambios algorítmicos",
    "RankRanger Rank Risk Index",
    "Advanced Web Ranking - Fluctuaciones",
    "Sitebulb - Auditoría técnica continua",
    "Screaming Frog - Crawls semanales"
  ],

  "recursos_referencia": [
    "Google Search Central Blog - Anuncios oficiales updates",
    "Google SearchLiaison en Twitter/X - Comunicados en tiempo real",
    "Search Engine Roundtable - Cobertura updates",
    "Search Engine Journal - Análisis experto",
    "Search Engine Land - Breaking news SEO",
    "Marie Haynes Blog - Análisis detallado updates",
    "Glenn Gabe en Twitter - Experto en recuperación updates"
  ]
}
