{
  "titulo": "Optimización para Voice Search",
  "subtitulo": "Análisis y estrategia para búsquedas por voz",
  "fecha_analisis": "15/10/2025",
  "cliente": "Ibiza Villa",
  "resumen_ejecutivo": {
    "descripcion": "El sitio Ibiza Villa muestra preparación básica para voice search pero carece de optimización específica para consultas conversacionales. Con el 27% de búsquedas en el sector turístico realizadas por voz, existe una oportunidad significativa de capturar tráfico de alta intención mediante optimización para asistentes virtuales.",
    "readiness_score": 45,
    "keywords_identificadas": 124,
    "preguntas_detectadas": 67,
    "paginas_optimizadas": 8,
    "trafico_potencial": "~2.850 visitas/mes"
  },
  "estado_actual": {
    "resumen": "El sitio cumple con requisitos técnicos básicos (HTTPS, velocidad aceptable) pero carece de elementos específicos para voice search como FAQ schema, contenido en formato pregunta-respuesta, y keywords conversacionales de cola larga.",
    "criterios": [
      {
        "nombre": "HTTPS implementado",
        "estado": "si"
      },
      {
        "nombre": "Velocidad móvil < 3s",
        "estado": "parcial"
      },
      {
        "nombre": "Schema markup FAQ",
        "estado": "no"
      },
      {
        "nombre": "Contenido conversacional",
        "estado": "parcial"
      },
      {
        "nombre": "Keywords de cola larga",
        "estado": "parcial"
      },
      {
        "nombre": "Featured snippets",
        "estado": "no"
      },
      {
        "nombre": "Local SEO optimizado",
        "estado": "si"
      },
      {
        "nombre": "Respuestas directas en contenido",
        "estado": "no"
      }
    ]
  },
  "keywords_conversacionales": [
    {
      "query": "¿Cuál es la mejor villa para alquilar en Ibiza para una familia?",
      "tipo": "informacional",
      "volumen": "320",
      "dificultad": "Media",
      "cubierta": false
    },
    {
      "query": "¿Dónde puedo alquilar una villa con piscina en Ibiza?",
      "tipo": "local",
      "volumen": "890",
      "dificultad": "Alta",
      "cubierta": true
    },
    {
      "query": "¿Cuánto cuesta alquilar una villa de lujo en Ibiza por semana?",
      "tipo": "transaccional",
      "volumen": "580",
      "dificultad": "Media",
      "cubierta": false
    },
    {
      "query": "¿Qué villas en Ibiza tienen vistas al mar?",
      "tipo": "informacional",
      "volumen": "450",
      "dificultad": "Media",
      "cubierta": true
    },
    {
      "query": "¿Puedo alquilar una villa en Ibiza que admita mascotas?",
      "tipo": "informacional",
      "volumen": "210",
      "dificultad": "Baja",
      "cubierta": false
    },
    {
      "query": "¿Cuál es la mejor zona de Ibiza para alquilar una villa?",
      "tipo": "informacional",
      "volumen": "380",
      "dificultad": "Media",
      "cubierta": false
    },
    {
      "query": "¿Necesito coche para alojarme en una villa en Ibiza?",
      "tipo": "informacional",
      "volumen": "190",
      "dificultad": "Baja",
      "cubierta": false
    },
    {
      "query": "¿Las villas en Ibiza incluyen servicio de limpieza?",
      "tipo": "informacional",
      "volumen": "270",
      "dificultad": "Baja",
      "cubierta": false
    },
    {
      "query": "¿Qué amenidades tienen las villas de lujo en Ibiza?",
      "tipo": "informacional",
      "volumen": "340",
      "dificultad": "Media",
      "cubierta": true
    },
    {
      "query": "¿Puedo organizar una boda en una villa de Ibiza?",
      "tipo": "transaccional",
      "volumen": "420",
      "dificultad": "Media",
      "cubierta": false
    },
    {
      "query": "¿Cuándo es la mejor época para alquilar una villa en Ibiza?",
      "tipo": "informacional",
      "volumen": "310",
      "dificultad": "Baja",
      "cubierta": false
    },
    {
      "query": "¿Hay villas en Ibiza cerca de la playa?",
      "tipo": "local",
      "volumen": "560",
      "dificultad": "Alta",
      "cubierta": true
    },
    {
      "query": "¿Qué incluye el alquiler de una villa en Ibiza?",
      "tipo": "informacional",
      "volumen": "290",
      "dificultad": "Baja",
      "cubierta": false
    },
    {
      "query": "¿Cómo reservo una villa en Ibiza?",
      "tipo": "transaccional",
      "volumen": "410",
      "dificultad": "Media",
      "cubierta": true
    },
    {
      "query": "¿Las villas en Ibiza tienen chef privado?",
      "tipo": "informacional",
      "volumen": "180",
      "dificultad": "Baja",
      "cubierta": false
    }
  ],
  "preguntas_frecuentes": [
    {
      "pregunta": "¿Cuánto cuesta alquilar una villa de lujo en Ibiza?",
      "volumen": "720",
      "cubierta": false,
      "respuesta_sugerida": "El precio de una villa de lujo en Ibiza varía entre 3.000€ y 25.000€ por semana, dependiendo de la ubicación, tamaño y amenidades. Las villas con primera línea de mar y piscina infinita suelen estar en el rango de 8.000€ a 15.000€ semanales durante temporada alta."
    },
    {
      "pregunta": "¿Qué está incluido en el alquiler de una villa?",
      "volumen": "380",
      "cubierta": false,
      "respuesta_sugerida": "El alquiler incluye el uso completo de la villa y todas sus instalaciones, ropa de cama y toallas, limpieza final, y consumos básicos. Servicios adicionales como chef privado, transfer de aeropuerto, y alquiler de coches pueden contratarse por separado."
    },
    {
      "pregunta": "¿Necesito pagar depósito de seguridad?",
      "volumen": "290",
      "cubierta": true,
      "url_actual": "/terminos-y-condiciones"
    },
    {
      "pregunta": "¿Puedo cancelar mi reserva y obtener reembolso?",
      "volumen": "510",
      "cubierta": true,
      "url_actual": "/politica-de-cancelacion"
    },
    {
      "pregunta": "¿Las villas están cerca de restaurantes y supermercados?",
      "volumen": "340",
      "cubierta": false,
      "respuesta_sugerida": "La mayoría de nuestras villas están ubicadas en zonas residenciales tranquilas, a 5-15 minutos en coche de supermercados y restaurantes. Villas en zonas como Santa Eulalia y San Antonio ofrecen mayor proximidad a servicios. Recomendamos alquilar coche para máxima comodidad."
    },
    {
      "pregunta": "¿Qué servicios adicionales puedo contratar?",
      "volumen": "270",
      "cubierta": false,
      "respuesta_sugerida": "Ofrecemos chef privado desde 300€/día, servicio de limpieza intermedia desde 150€, alquiler de coches desde 45€/día, transfer privado aeropuerto desde 80€, organización de excursiones en barco, reservas en beach clubs exclusivos, y servicios de concierge 24/7."
    },
    {
      "pregunta": "¿Hay límite de huéspedes por villa?",
      "volumen": "310",
      "cubierta": false,
      "respuesta_sugerida": "Cada villa tiene una capacidad máxima establecida basada en el número de dormitorios y regulaciones locales. Nuestras villas acomodan entre 4 y 16 huéspedes. Es importante respetar el límite para garantizar comodidad y cumplir con normativas de Ibiza."
    },
    {
      "pregunta": "¿Puedo hacer fiestas en la villa?",
      "volumen": "420",
      "cubierta": false,
      "respuesta_sugerida": "Las fiestas están sujetas a aprobación previa y pueden requerir permisos especiales. Varias de nuestras villas permiten eventos privados con ciertas restricciones de horario y volumen. Contacta a nuestro equipo para discutir tus planes y encontrar la villa apropiada."
    },
    {
      "pregunta": "¿Qué pasa si hay un problema durante mi estancia?",
      "volumen": "190",
      "cubierta": false,
      "respuesta_sugerida": "Nuestro equipo de concierge está disponible 24/7 durante tu estancia. Para cualquier inconveniente técnico, emergencia o solicitud especial, puedes contactarnos por teléfono, WhatsApp o email y responderemos inmediatamente. Mantenemos personal de mantenimiento disponible para resolver problemas rápidamente."
    },
    {
      "pregunta": "¿Las villas tienen WiFi y aire acondicionado?",
      "volumen": "280",
      "cubierta": true,
      "url_actual": "/amenidades-villas"
    },
    {
      "pregunta": "¿Cuál es la política de check-in y check-out?",
      "volumen": "360",
      "cubierta": false,
      "respuesta_sugerida": "El check-in es a partir de las 16:00 horas y el check-out hasta las 10:00 horas. Check-in anticipado o check-out tardío pueden solicitarse según disponibilidad con cargo adicional. Ofrecemos servicio de meet & greet en la villa para entrega de llaves y tour de orientación."
    },
    {
      "pregunta": "¿Aceptan mascotas en las villas?",
      "volumen": "250",
      "cubierta": false,
      "respuesta_sugerida": "Algunas de nuestras villas aceptan mascotas pequeñas con suplemento de 150€ por estancia. Es importante informarnos con anticipación sobre el tipo y tamaño de mascota. Aproximadamente el 20% de nuestro portfolio es pet-friendly. Consulta disponibilidad específica."
    }
  ],
  "optimizacion_tecnica": [
    {
      "nombre": "Schema Markup FAQPage",
      "descripcion": "Structured data para preguntas frecuentes que ayuda a aparecer en voice results",
      "implementado": false
    },
    {
      "nombre": "Schema Markup SpeakableSpecification",
      "descripcion": "Marcado que indica qué contenido es apropiado para ser leído en voz alta",
      "implementado": false
    },
    {
      "nombre": "Velocidad de carga móvil < 2.5s",
      "descripcion": "Los asistentes de voz priorizan sitios rápidos. Actualmente: 3.2s",
      "implementado": false
    },
    {
      "nombre": "HTTPS en todo el sitio",
      "descripcion": "Requisito básico para confianza y seguridad",
      "implementado": true
    },
    {
      "nombre": "Responsive design mobile-first",
      "descripcion": "85% de voice searches ocurren en móvil",
      "implementado": true
    },
    {
      "nombre": "Contenido en formato pregunta-respuesta",
      "descripcion": "Estructura de contenido optimizada para voice queries",
      "implementado": false
    },
    {
      "nombre": "Featured snippets optimization",
      "descripcion": "Google Assistant lee featured snippets en 40% de voice results",
      "implementado": false
    },
    {
      "nombre": "Local Business schema",
      "descripcion": "Datos estructurados de negocio local para 'near me' queries",
      "implementado": true
    },
    {
      "nombre": "Breadcrumbs schema",
      "descripcion": "Ayuda a asistentes a entender jerarquía del sitio",
      "implementado": false
    },
    {
      "nombre": "Respuestas concisas (29 palabras promedio)",
      "descripcion": "Los voice assistants prefieren respuestas de 20-30 palabras",
      "implementado": false
    },
    {
      "nombre": "Títulos en formato pregunta",
      "descripcion": "H2/H3 estructurados como preguntas naturales",
      "implementado": false
    },
    {
      "nombre": "Lenguaje conversacional y natural",
      "descripcion": "Evitar jerga técnica, usar lenguaje que la gente habla",
      "implementado": true
    }
  ],
  "analisis_competencia": [
    {
      "sitio": "Ibiza Villa (Nuestro sitio)",
      "readiness_score": 45,
      "faqs": "8 páginas",
      "schema": "LocalBusiness",
      "velocidad": "3.2s"
    },
    {
      "sitio": "ibiza-villas-exclusive.com",
      "readiness_score": 62,
      "faqs": "23 páginas con FAQ schema",
      "schema": "LocalBusiness + FAQPage",
      "velocidad": "2.1s"
    },
    {
      "sitio": "luxury-ibiza-rentals.com",
      "readiness_score": 78,
      "faqs": "35+ páginas FAQ schema",
      "schema": "LocalBusiness + FAQPage + Speakable",
      "velocidad": "1.8s"
    },
    {
      "sitio": "ibiza-premium-villas.es",
      "readiness_score": 51,
      "faqs": "12 páginas",
      "schema": "LocalBusiness",
      "velocidad": "2.9s"
    }
  ],
  "oportunidades": [
    {
      "titulo": "Crear hub de FAQs con schema markup",
      "descripcion": "Desarrollar 40-50 páginas de preguntas frecuentes específicas con FAQPage schema. Cada página optimizada para una pregunta conversacional de alto volumen. Competidor líder tiene 35+ y captura estimado 40% de su tráfico voice.",
      "impacto": "Alto",
      "trafico_estimado": "~1.200 visitas/mes adicionales"
    },
    {
      "titulo": "Optimizar para 'best villa for...' queries",
      "descripcion": "Crear contenido específico para queries tipo 'mejor villa para familias', 'mejor villa para grupos grandes', 'mejor villa para bodas'. Son el 23% de voice searches en el sector y tienen alta intención de conversión.",
      "impacto": "Alto",
      "trafico_estimado": "~680 visitas/mes"
    },
    {
      "titulo": "Implementar featured snippets strategy",
      "descripcion": "Reestructurar contenido existente en formato optimizado para featured snippets (listas, tablas, respuestas directas). 40% de voice results son leídos de featured snippets. Identificamos 28 oportunidades inmediatas.",
      "impacto": "Muy Alto",
      "trafico_estimado": "~970 visitas/mes"
    },
    {
      "titulo": "Crear guías de comparación conversacionales",
      "descripcion": "Contenido tipo 'Villa A vs Villa B: ¿Cuál elegir?', 'San Antonio vs Santa Eulalia para familias'. Voice users hacen muchas comparativas. Solo 3 competidores lo hacen bien.",
      "impacto": "Medio",
      "trafico_estimado": "~340 visitas/mes"
    },
    {
      "titulo": "Optimizar para 'how to' y 'what to' queries locales",
      "descripcion": "Contenido sobre 'Cómo llegar a...', 'Qué hacer cerca de...', 'Dónde comer cerca de...'. Voice users buscan info práctica de contexto. Vincular con cada villa específica.",
      "impacto": "Medio",
      "trafico_estimado": "~450 visitas/mes"
    },
    {
      "titulo": "Video content para voice assistant displays",
      "descripcion": "Google Assistant y Alexa Show pueden mostrar video. Crear tours virtuales cortos (60-90s) optimizados para ser respuesta a 'muéstrame villas en Ibiza'. Formato vertical para móvil.",
      "impacto": "Medio",
      "trafico_estimado": "Engagement, difícil cuantificar tráfico"
    }
  ],
  "plan_accion": [
    {
      "titulo": "Implementar FAQPage schema en páginas existentes",
      "descripcion": "Añadir structured data FAQPage a las 8 páginas con FAQs actuales. Usar formato JSON-LD. Validar con Google Rich Results Test. Esto es ganancia rápida sin crear contenido nuevo.",
      "prioridad": "Alta",
      "esfuerzo": "Bajo - 1 semana",
      "timeline": "Semana 1"
    },
    {
      "titulo": "Crear 25 nuevas páginas FAQ optimizadas para voice",
      "descripcion": "Desarrollar contenido para las 25 preguntas de mayor volumen no cubiertas. Estructura: H1 como pregunta, respuesta directa en primeros 29 palabras, luego expansión detallada. Implementar FAQPage schema en cada una. Diseño mobile-first.",
      "prioridad": "Alta",
      "esfuerzo": "Alto - 4-6 semanas",
      "timeline": "Semanas 2-7"
    },
    {
      "titulo": "Optimizar velocidad móvil a < 2.5s",
      "descripcion": "Trabajar en Core Web Vitals: comprimir imágenes con WebP, implementar lazy loading agresivo, minimizar JS, usar CDN para assets pesados. Voice search penaliza sitios lentos severamente. Objetivo: pasar de 3.2s a 2.2s.",
      "prioridad": "Alta",
      "esfuerzo": "Medio - 2-3 semanas",
      "timeline": "Semanas 2-4"
    },
    {
      "titulo": "Reestructurar 15 páginas clave para featured snippets",
      "descripcion": "Páginas con mayor potencial: homepage, categorías principales, guías de zonas. Añadir: tablas comparativas de precios, listas de amenidades, pasos para reservar. Usar formato pregunta-respuesta en H2s. Monitorear rankeo de snippets semanalmente.",
      "prioridad": "Alta",
      "esfuerzo": "Medio - 3 semanas",
      "timeline": "Semanas 5-7"
    },
    {
      "titulo": "Desarrollar content hub 'Guía Definitiva Villas Ibiza'",
      "descripcion": "Crear sección completa estilo 'knowledge base' con 50+ artículos respondiendo todas las queries conversacionales identificadas. Estructura pilar-cluster. Interlink agresivo. Actualizar trimestralmente. Posicionar como recurso autoritativo.",
      "prioridad": "Media",
      "esfuerzo": "Muy Alto - 2-3 meses",
      "timeline": "Meses 2-4"
    },
    {
      "titulo": "Implementar Speakable schema en contenido destacado",
      "descripcion": "Marcar secciones específicas de 10-15 páginas clave como 'speakable'. Seleccionar párrafos de 20-30 palabras que responden directamente preguntas comunes. Google puede priorizar este contenido para leer en voz alta.",
      "prioridad": "Media",
      "esfuerzo": "Bajo - 1 semana",
      "timeline": "Semana 8"
    },
    {
      "titulo": "A/B testing de formatos de respuesta",
      "descripción": "Testear diferentes formatos: respuestas de 20 vs 30 palabras, con/sin viñetas, tono formal vs casual. Medir CTR desde voice search en Search Console. Iterar basado en data real de rendimiento.",
      "prioridad": "Baja",
      "esfuerzo": "Medio - Continuo",
      "timeline": "Meses 3-6"
    },
    {
      "titulo": "Crear videos cortos para asistentes con pantalla",
      "descripcion": "Producir 10 video tours de 60-90 segundos de villas top. Formato vertical 9:16 para móvil. Subtítulos quemados. Optimizar metadata de YouTube para queries 'muéstrame'. Embeber en páginas de villa con VideoObject schema.",
      "prioridad": "Baja",
      "esfuerzo": "Alto - 1-2 meses",
      "timeline": "Meses 4-5"
    },
    {
      "titulo": "Monitoreo y reporting mensual de voice search",
      "descripcion": "Configurar tracking específico en Search Console filtrando por queries conversacionales (contienen cómo, qué, cuál, dónde, cuándo). Dashboard mensual de KPIs: tráfico voice estimado, featured snippets ganados, posición promedio queries conversacionales, conversiones atribuidas.",
      "prioridad": "Media",
      "esfuerzo": "Bajo - Setup 3 días, luego 2h/mes",
      "timeline": "Continuo desde semana 1"
    }
  ]
}
