url,tipo_pagina,lcp_segundos,fid_ms,cls_score,fcp_segundos,ttfb_ms,estado_cwv,problema_principal,causa_raiz,solucion_propuesta,impacto_estimado,prioridad
https://ibizavilla.com,Homepage,3.8,85,0.15,1.2,450,Necesita mejora,LCP lento,Imagen hero sin optimizar (2.1MB),Optimizar imagen hero: WebP + lazy load + srcset,+1.2s en LCP,Crítica
https://ibizavilla.com/propiedades,Listado,4.2,120,0.28,1.5,520,Pobre,LCP y CLS,Imágenes sin dimensiones + layout shifts,Añadir width/height a imágenes + aspect-ratio CSS,+1.5s LCP + 0.20 CLS,Crítica
https://ibizavilla.com/propiedades/villa-talamanca-ref-2024-089,Detalle Propiedad,5.1,95,0.18,1.8,490,Pobre,LCP muy lento,Galería de 45 imágenes carga eager,Lazy load galería + pagination imágenes,+2.3s en LCP,Alta
https://ibizavilla.com/blog/guia-compra-ibiza-2025,Blog Post,3.2,110,0.22,1.1,380,Necesita mejora,CLS moderado,Ads inyectados sin espacio reservado,Reservar espacio para ads con min-height,0.18 CLS,Media
https://ibizavilla.com/sobre-nosotros,Institucional,2.8,75,0.08,0.9,340,Bueno,N/A,N/A,Mantener optimización actual,N/A,Baja
https://ibizavilla.com/alquileres/verano,Listado Alquileres,4.5,140,0.31,1.6,560,Pobre,Todos los CWV,JavaScript bloqueante + imágenes pesadas,Defer JS no crítico + optimizar imágenes,+1.8s LCP + 0.22 CLS,Crítica
https://ibizavilla.com/contacto,Formulario,2.5,90,0.12,0.8,320,Bueno,N/A,N/A,Mantener optimización actual,N/A,Baja
https://ibizavilla.com/areas/santa-eulalia,Página Área,3.9,105,0.19,1.3,470,Necesita mejora,LCP lento,Mapa interactivo carga bloqueante,Cargar mapa de forma asíncrona + facade,+1.1s en LCP,Alta
https://ibizavilla.com/calculadora-rentabilidad,Herramienta,3.5,160,0.14,1.4,410,Necesita mejora,FID alto,JavaScript calculadora bloquea thread,Optimizar JS + Web Worker para cálculos,80ms en FID,Media
https://ibizavilla.com/propiedades/villas-lujo,Categoría,4.0,115,0.26,1.4,505,Pobre,LCP y CLS,Slider hero con layout shift,Implementar contain-intrinsic-size + optimizar slider,+1.2s LCP + 0.18 CLS,Alta
https://ibizavilla.com/blog,Blog Home,3.6,100,0.16,1.2,430,Necesita mejora,LCP moderado,Featured posts cargan imágenes grandes,Implementar responsive images con srcset,+0.9s en LCP,Media
https://ibizavilla.com/gestion-propiedades,Servicio,3.1,85,0.11,1.0,360,Necesita mejora,LCP límite,Video background sin poster optimizado,Añadir poster optimizado + lazy load video,+0.6s en LCP,Media
https://ibizavilla.com/propiedades?amenidad=piscina,Filtrado,4.8,135,0.29,1.7,580,Pobre,Todos los CWV,Filtros causan reflow + AJAX sin optimizar,Optimizar re-render + skeleton screens,+1.6s LCP + 0.21 CLS,Crítica
https://ibizavilla.com/areas/sant-josep,Página Área,3.7,95,0.17,1.2,455,Necesita mejora,LCP moderado,Galería de área sin lazy load,Implementar lazy load progresivo,+1.0s en LCP,Alta
https://ibizavilla.com/descargas/catalogo-2025.pdf,Descarga,N/A,N/A,N/A,N/A,890,N/A (PDF),TTFB muy alto,PDF generado on-the-fly sin cache,Implementar cache de PDFs generados,600ms en TTFB,Media
