Anchor text,Ref. domains,Top DR,Ref. pages,Links to target,New links,Lost links,Dofollow links,First seen,Lost
ibizavilla.com,58,82,77,114,80,39,83,2018-08-21 01:44:47,
ns2.ibizavilla.com,29,56,31,31,31,3,31,2025-01-03 04:47:03,
ns1.ibizavilla.com,28,60,30,30,30,8,30,2025-01-02 10:06:42,
ibizavilla,19,60,20,40,34,2,38,2017-01-12 03:55:33,
www.ibizavilla.com,15,66,18,36,18,16,36,2022-12-18 12:30:23,
ibiza villa rentals,15,42,15,30,30,2,30,2025-04-18 17:41:26,
villa hire Ibiza,15,42,15,30,30,0,30,2025-04-06 08:34:10,
Ibiza Villas,12,39,13,26,26,4,26,2025-04-11 18:27:42,
rent house Ibiza,12,41,12,24,24,2,24,2025-04-24 11:47:31,
Las Salinas Beach,12,37,12,24,24,2,24,2025-04-16 23:14:42,
Buena Vista Hotel Ibiza,11,43,11,22,22,4,22,2025-04-11 20:41:59,
ibiza winter,11,43,11,22,22,2,22,2025-04-20 10:58:01,
villa blog,11,36,11,22,22,2,22,2025-04-13 07:57:31,
las salinas de Ibiza,11,39,11,22,22,0,22,2025-04-05 15:45:58,
San Juan en Ibiza,11,42,11,22,22,4,22,2025-04-22 21:55:33,
Casa Tania,11,38,11,22,22,0,22,2025-04-05 11:40:06,
Ibiza villas to rent,11,37,11,22,22,2,22,2025-04-24 10:11:50,
Casa Capricho,11,40,11,22,22,2,22,2025-04-22 03:25:51,
casa mar ibiza,11,39,11,22,22,4,22,2025-04-13 10:10:48,
es verger ibiza,11,43,11,21,21,1,21,2025-04-06 01:45:23,
Ibiza Cala Moli,10,38,10,20,20,4,20,2025-04-17 04:34:28,
Playa Las Salinas Ibiza,10,40,10,20,20,2,20,2025-04-12 06:40:39,
essential Ibiza villas,10,36,10,20,20,2,20,2025-04-11 17:52:30,
Las Salinas Ibiza,10,42,10,20,20,0,20,2025-04-11 13:50:58,
Salinas Beach Ibiza,10,41,10,20,20,0,20,2025-04-11 20:42:54,
Ibiza San Juan,9,40,9,18,18,0,18,2025-04-27 02:41:07,
Las Salinas is one of the most beautiful beaches in Ibiza - Ibiza Villa,9,42,11,11,0,11,11,2023-05-15 23:59:58,2025-09-28 23:28:03
Can Furnet,9,42,9,18,18,4,18,2025-04-18 08:31:00,
ibiza rent a house,9,44,9,18,18,0,18,2025-04-12 08:35:41,
bob can,9,39,9,18,18,2,18,2025-04-11 20:00:23,
Las Salinas Beach Ibiza,9,38,9,18,18,2,18,2025-04-06 05:16:44,
Las Salinas,9,38,9,18,18,6,18,2025-04-21 04:05:01,
cala salinas ibiza,9,35,9,18,18,0,18,2025-04-22 18:13:42,
ibiza rentals,9,39,9,18,18,0,18,2025-04-20 02:45:27,
las discotecas mas grandes del mundo,6,40,6,12,12,0,12,2025-05-30 23:08:33,
Santa Eulalia des Riu with Dream Beaches - Ibiza Villa since 1998 en Ibiza,5,27,5,6,0,6,6,2024-01-25 22:46:10,2025-08-25 19:34:24
Ibiza villa holidays,5,38,5,10,10,2,10,2025-04-07 10:04:17,
can jondal,5,39,5,9,9,1,9,2025-09-12 21:14:08,
agenzia immobiliare Ibiza,5,38,5,10,10,2,10,2025-04-05 02:54:57,
villas de Ibiza,4,44,4,8,8,0,8,2025-09-29 00:22:20,
can lua ibiza,4,35,4,7,7,1,7,2025-08-19 11:09:29,
Ibiza Villa,4,73,6,11,1,0,11,2017-02-28 01:27:48,
Ibiza last minute,4,38,4,7,7,0,7,2025-09-10 22:48:47,
Paddle a Sport for Everyone in Ibiza - Ibiza Villa since 1998,4,35,4,6,0,6,6,2024-03-16 03:15:27,2025-06-13 18:05:10
can andreu ibiza,4,35,4,6,6,2,6,2025-08-31 06:18:25,
Guida agli acquisti: gioiellerie di lusso in Ibiza – Affitto di ville esclusive,4,43,4,5,0,5,5,2024-05-27 00:17:42,2025-06-10 07:11:44
location san antonio ibiza,4,38,4,8,8,0,8,2025-08-28 02:40:35,
ibiza villa a louer,4,34,4,8,8,2,8,2025-04-04 04:34:08,
Cala Conta,4,35,4,6,6,0,6,2025-09-25 07:27:39,
Masajes - Ibiza Villa,3,13,3,4,0,4,4,2024-01-11 22:35:32,2025-09-14 11:20:14
Percorsi in Bicicletta a Ibiza Guida 2023 - Ibiza Villa,3,9,3,3,0,3,3,2024-03-26 14:00:34,2025-07-29 22:03:56
villas or apartments in Ibiza,3,38,3,6,6,0,6,2025-09-03 16:52:16,
Guide d'achat: bijouteries de luxe à Ibiza - Location de villas exclusives,3,1.7,3,6,0,6,6,2024-05-13 11:01:27,2025-09-16 05:23:12
Buenavista Ibiza,3,40,3,5,5,0,5,2025-09-24 16:00:04,
,3,72,14,43,1,16,42,2024-01-01 06:43:11,
villa mieten ibiza,3,36,3,6,6,0,6,2025-08-21 04:09:33,
villa cala jondal,3,35,3,5,5,0,5,2025-09-26 03:10:56,
last minute Ibiza,3,34,3,5,5,0,5,2025-09-08 10:44:02,
Guía de compras: joyerías de lujo en Ibiza – Alquiler de villas exclusivas,3,70,3,3,0,3,3,2023-06-07 07:13:31,2025-08-30 16:51:41
location villa Ibiza,3,35,3,5,5,0,5,2025-09-15 03:03:48,
"I migliori ristoranti di pesce a Ibiza – Ibizavilla, ville di lusso a Ibiza",3,16,3,3,0,3,3,2023-05-19 15:55:28,2025-07-22 23:12:41
ibiza villa location,3,37,3,5,5,0,5,2025-09-20 01:22:55,
cala jondal villa,3,34,3,6,6,0,6,2025-09-22 15:32:46,
last minute villa Ibiza,2,34,2,4,4,0,4,2025-09-29 15:34:29,
6 villas de dernière minute à Ibiza pour 2019 - Vacances de luxe à Ibiza,2,0.3,2,2,0,2,2,2024-04-27 05:03:07,2025-09-04 05:56:18
https://www.ibizavilla.com/,2,74,2,2,1,1,2,2024-01-25 06:44:30,
villa cala jondal ibiza,2,39,2,4,4,0,4,2025-09-14 18:46:14,
international villas Ibiza,2,36,2,4,4,2,4,2025-04-23 10:14:29,
Une Balade à Ibiza en Hiver - Villa Ibiza depuis 1989,2,0.4,2,2,0,2,2,2024-04-30 00:03:24,2025-05-12 17:56:14
villa blanca ibiza,2,40,2,3,3,0,3,2025-08-27 16:32:06,
Casa Blanca Ibiza,2,42,2,2,2,0,2,2025-09-29 13:48:22,
Casa Capricho Ibiza,2,32,2,3,3,0,3,2025-09-20 03:21:36,
Las Salinas est l'une des plages les plus belles de Ibiza - Ibiza villa,2,9,2,2,0,2,2,2024-04-02 20:01:27,2025-05-11 08:45:58
http://www.ibizavilla.com/,2,41,4,8,4,2,6,2024-09-14 13:06:49,
vakantievilla Ibiza,2,35,2,4,4,0,4,2025-08-27 22:46:53,
villa a louer ibiza,2,36,2,4,4,0,4,2025-09-04 05:20:51,
Sublimotion The Most Expensive Restaurant in the World is located in Ibiza,2,10,2,3,0,3,3,2023-05-27 06:19:09,2025-07-30 22:41:19
7 villas in Ibiza with sunset – Luxury rental agency in Ibiza since 1998,2,18,2,2,0,2,2,2024-02-05 02:52:51,2025-07-18 11:18:20
7 villas à Ibiza avec coucher de soleil - Vacances de luxe à Ibiza,2,10,2,3,0,3,3,2024-03-18 20:33:28,2025-07-12 09:39:09
Autista Privato direttamente nella tua villa | Ibiza Villa,2,24,2,2,0,2,2,2024-06-12 11:42:52,2025-08-25 09:59:12
Los mejores rooftops de Ibiza donde cenar o tomar una copa – Ibiza Villa,2,17,2,2,0,2,2,2024-06-07 14:11:31,2025-06-29 13:00:17
The best rooftops of Ibiza where to dine or to have a drink - Ibiza Villa,2,8,2,2,0,2,2,2024-05-17 02:51:04,2025-05-21 23:09:52
luxury villas in Ibiza San Antonio,2,36,2,3,3,0,3,2025-09-29 10:37:28,
Carpe Diem - Ibiza Villa,2,18,2,2,0,2,2,2024-07-25 19:47:01,2025-07-11 10:36:20
Stop wasting time; see what truly moves ibizavilla.com up on SeoFlox.com.,1,79,1,2,2,0,0,2025-02-03 07:20:00,
"Es Vedra Island Magical Properties, UFO and Mysterious - Ibiza Villa",1,0.2,1,2,0,2,2,2024-06-25 20:15:07,2025-06-01 04:24:37
centro storico fortificato di Dalt Vila,1,60,1,1,1,0,1,2024-10-26 20:27:40,
"5 ristoranti di alta cucina in Ibiza – Ibiza Villa, ville di lusso in Ibiza",1,1.4,1,1,0,1,1,2024-07-17 08:00:03,2025-07-18 11:05:22
Adlib Mode Histoire Cr ateurs et Collections 2023 Ibiza Villa,1,0.7,1,1,1,0,1,2025-04-25 06:04:33,
vieille ville fortifiée de Dalt Vila,1,60,1,1,0,0,1,2024-09-03 04:48:49,
Villas d'Ibiza - Location de vacances Espagne Ibiza - Location de villa Espagne Ibiza,1,44,1,2,0,0,2,2013-08-12 07:18:41,
Paddle a Sport for Everyone in Ibiza - Ibiza Villa since 1998ibizavilla.com About: The fondness in Ibiza for paddle has increased in the last years. The good weather on the island during almost all year long makes it easier to practice this sp,1,57,1,1,1,0,1,2024-12-06 00:53:16,
"https://ibizavilla.com – Increase your site’s backlinks and skyrocket your DA, DR, and TF with our expert SEO services—authentic dofollow backlinks, guest posts, and PBN links delivered by our team. Visit BuySeoLink.com to choose a plan, enjoy our pay-after-work model, and access 24/7 support!",1,14,1,2,2,0,0,2025-06-12 08:53:35,
Allez à Ibizavilla.com,1,73,1,2,0,0,0,2024-01-15 21:37:38,
Entra nel sito,1,31,1,2,0,0,0,2016-06-04 08:04:26,
Diez Platos Tipicos de Ibiza - Ibiza Villa desde 1998,1,4.3,1,1,0,1,1,2024-04-09 15:17:46,2025-03-19 19:56:11
"Niche backlinks helped https://ibizavilla.com get more traffic, and we boosted its DR, DA, and TF—Get the same results at Rankva.com",1,67,1,1,1,0,0,2025-03-27 11:41:53,
Meilleurs Endroits pour le Coucher du Soleil à Ibiza - Ibiza Villa Since 1998,1,5,1,1,0,1,1,2024-07-22 18:09:45,2025-05-12 03:38:23
San Juan Ibiza,1,32,1,1,1,0,1,2025-09-15 00:35:19,
cala vadella villa,1,33,1,1,1,0,1,2025-09-05 10:58:31,
Ibiza Villa Rental Villas and Cottages in Ibiza since 1998,1,59,1,1,0,1,0,2024-09-10 10:25:08,2024-11-14 21:07:42
Casa India - Ibiza Villa,1,0,1,1,0,1,1,2024-07-19 14:57:18,2025-06-02 03:47:06
Moda adlib mujer sales,1,11,1,1,1,0,1,2025-07-01 11:52:47,
casa del mar Ibiza,1,30,1,2,2,0,2,2025-09-27 19:11:11,
Sa Caleta,1,33,1,1,0,0,0,2023-04-04 04:20:02,
Adlib Fashion History Designers and Collections 2023 Ibiza Villa,1,0.5,1,1,1,0,1,2025-09-10 02:27:52,
Last Minutes - Ibiza Villa,1,59,1,1,0,1,0,2024-06-20 00:28:01,2024-11-16 15:59:47
SeoKuni.com insights that elevated ibizavilla.com!,1,0,1,1,1,0,0,2025-06-03 21:47:05,
"Adlib Moda, Storia, Designer e Collezioni 2023 - Ibiza Villa",1,26,1,1,0,1,1,2024-08-16 15:41:29,2025-05-13 11:17:45
book a villa in Ibiza,1,35,1,2,2,0,2,2025-08-15 00:24:42,
plages de l'ouest d'Ibiza,1,54,1,1,1,0,1,2025-07-29 08:28:09,
Las Salinas is one of the most beautiful beaches in Ibiza ...,1,19,2,2,0,0,2,2023-03-09 13:34:42,
den befästa gamla staden Dalt Vila,1,60,1,1,1,0,1,2025-01-19 07:52:51,
"Enhance Your Site’s https://ibizavilla.com for Ahrefs Domain Rating, Moz Domain Authority, & Majestic Trust Flow with High Quality Seo Dofollow Backlinks | See Results First Pay later at Shop.Skylinkseo.com",1,40,1,1,1,1,0,2024-11-24 22:05:10,2025-01-12 21:13:26
"Enhance Your Site’s https://ibizavilla.com for Ahrefs DR, Moz DA, & Majestic TF with High Quality Seo Dofollow Backlinks | See Results First Pay later at Shop.Skylinkseo.com",1,40,1,2,2,2,0,2024-10-23 09:37:13,2024-11-22 07:29:37
FlyBoard Emotion Extreme ā Ibiza - Ibiza Villa Depuis 1998,1,10,1,1,0,1,1,2024-01-09 20:30:55,2025-06-09 10:52:38
history of high strangeness,1,72,1,1,0,0,1,2024-08-05 13:07:04,
Balade en Scooter à Formentera - Ibiza Villa à Ibiza depuis 1998,1,0.1,1,1,0,1,1,2024-01-07 23:10:13,2024-10-10 14:36:47
Strände im Westen von Ibiza,1,54,1,1,1,0,1,2025-07-09 16:25:07,
Ses roques Ibiza,1,32,1,1,1,0,1,2025-08-17 22:46:45,
"Rentals Villas, Cottage and premium Home in Ibiza | Ibiza Villaibizavilla.com About: You want to rentals a premium villa in Ibiza? Ibiza Villa offers a selection of villas, cottages and premium houses in Ibiza, book now!",1,57,1,1,1,0,1,2025-08-05 11:32:38,
"Adlib Mode: Geschichte, Designer, Kollektion 2023 - Ibiza Villa",1,8,1,1,0,1,1,2024-07-30 01:49:31,2024-11-17 10:33:47
luxury villas to rent in Ibiza,1,34,1,2,2,0,2,2025-04-04 09:18:24,
Es Verger,1,35,1,2,2,0,2,2025-04-02 04:29:34,
mapa discotecas Ibiza,1,40,1,2,2,0,2,2025-09-11 13:05:59,
Moda online adlib mujer,1,0.6,1,1,1,1,1,2025-01-19 11:05:00,2025-04-29 15:08:00
Learn more about it,1,21,1,1,0,0,1,2024-04-19 07:33:09,
Casa de Cristal,1,32,1,1,1,0,1,2025-04-03 04:10:05,
Ibiza villa Villa ibiza rentals house sales vacation rentals holiday vacation rent home accommodation,1,71,11,40,0,14,0,2020-08-06 06:20:44,
Novias adlib on sale,1,0.2,1,1,1,0,1,2025-01-31 21:16:24,
Vêtement villa sales moda,1,9,1,1,1,0,1,2025-02-17 21:52:10,
Casa Blanca - Ibiza Villa,1,41,1,2,0,2,2,2024-02-16 11:47:53,2024-10-24 03:58:25
fortified old town of Dalt Vila,1,60,1,1,0,0,1,2024-09-23 07:37:16,
cheap luxury villas Ibiza,1,34,1,1,1,0,1,2025-09-17 14:58:19,
Villa Casa Tyane,1,0,2,4,0,2,4,2018-07-22 07:13:08,
den befestede gamlebyen Dalt Vila,1,60,1,1,1,0,1,2025-01-19 09:58:37,
Charming house in first line sea in Cala moli CASA MAR 4 ... - Ibiza Villahttps://www.ibizavilla.com/properties-rents-ibiza/villas-cal,1,69,1,1,0,0,0,2019-01-25 10:28:16,
www.ibizavilla.com/properties/can-hedone,1,12,1,2,2,0,2,2025-09-30 01:44:15,
playas del oeste de Ibiza,1,54,10,10,10,1,10,2025-01-11 09:35:24,
Zero to hero traffic for ibizavilla.com – ExLinko.com blueprint.,1,79,1,2,2,0,0,2025-02-12 04:37:34,
"Santa Eulalia des Riu Mare, Sole e Tranquillità a Ibiza - Ibiza Villa",1,37,1,2,0,2,2,2024-07-25 01:06:21,2025-07-22 12:25:09
ibiza location villa,1,33,1,2,2,0,2,2025-08-30 10:11:32,
befæstede gamle by Dalt Vila,1,60,1,1,1,0,1,2025-01-19 15:03:18,
Sublimotion il Ristorante più caro del mondo si trova a Ibiza,1,10,1,1,0,1,1,2023-09-07 03:27:18,2025-07-30 22:41:19
Thanks ibizavilla.com! Let’s refine your strategies and outrun the competition.,1,82,1,2,2,0,0,2025-03-04 02:34:23,
"Ibiza Villas - Location et vente de villas, location de voitures, guide",1,21,2,4,0,0,4,2023-12-31 23:40:55,
(source),1,15,1,1,1,0,1,2025-07-06 20:51:18,
"Le Parc Bibo Ibiza: Visite Guidée, Horaires et Tarifs - Ibiza Villa",1,0,1,1,0,1,1,2024-04-26 02:22:30,2025-05-23 19:59:57
5-Star results for ns2.ibizavilla.com on Fiverr ⭐ ⭐ ⭐ ⭐ ⭐,1,81,1,1,1,0,0,2025-05-06 12:24:18,
"Ibiza Villas - Location et vente de villas, location de voitures, guide pratique",1,21,2,4,0,0,4,2024-01-15 12:40:48,
https://www.ibizavilla.com/fr/,1,40,1,1,0,0,1,2023-05-27 04:07:55,
Ibiza Villa: home,1,69,2,2,0,0,0,2019-01-25 10:28:16,
Visit website,1,57,3,3,1,0,2,2021-12-04 09:38:43,
Los maravillosos faros de Ibiza - Ibiza villa desde 1998 en Ibiza,1,1.3,1,1,0,1,1,2024-02-15 11:05:09,2025-05-22 19:08:30
can skye ibiza,1,32,1,1,1,1,1,2025-08-15 06:15:02,2025-09-19 00:36:37
Los Mercadillos de Ibiza | Ibiza Villa desde 1998 alquiler villas en Ibiza,1,0,1,1,0,1,1,2024-07-01 17:10:56,2025-05-30 11:44:37
https://ibizavilla.com,1,15,1,1,1,0,0,2025-05-29 17:34:53,
Go to website,1,26,1,2,0,0,0,2016-10-13 20:49:47,
Quieres saber dónde hacer yoga en Ibiza | Ibiza Villa desde 1998,1,0,1,1,0,1,1,2024-08-15 16:17:44,2025-06-06 05:21:07
Can Bob - Ibiza Villa,1,0.4,1,2,0,2,2,2024-07-13 11:58:15,2024-10-27 10:13:07
Shopping guide: luxury jewelries in Ibiza - Exclusive Villa's rental,1,0,1,1,0,1,1,2024-08-16 21:18:45,2024-11-10 04:52:22
Visiter les pages du blog,1,73,1,1,0,0,0,2024-01-15 21:37:38,
Les meilleurs toits terrasses d'Ibiza où boire un verre - Ibiza Villa,1,0,1,1,0,1,1,2024-06-17 15:43:43,2025-05-31 23:18:32
Moda sales adlib mujer,1,0,1,1,1,0,1,2025-09-06 06:42:16,
Las Salinas la Playa más Bonitas de Ibiza - Ibiza Villa,1,0,1,1,0,1,1,2024-05-13 11:54:08,2025-08-24 13:19:42
Dieci Piatti Tipici di Ibiza - Ibiza Villa dal 1998,1,0.4,1,2,0,2,2,2024-09-02 04:17:27,2024-11-12 02:30:37
la location de villa à Ibiza,1,7,2,4,0,4,4,2018-02-14 04:22:39,2025-08-04 10:18:30
Can Matas - Ibiza Villa,1,0,1,1,0,1,1,2024-02-15 14:45:49,2025-06-13 16:07:59
Finca Can Basso - Ibiza Villa,1,0,1,1,0,1,1,2024-08-14 19:49:26,2025-08-02 22:52:21
beaches of the west of Ibiza,1,54,10,10,10,4,10,2024-12-24 15:28:13,
moda adlib mujer,1,26,1,1,1,0,1,2025-09-22 17:44:50,
Finca Ibiza,1,35,1,1,1,0,1,2025-04-16 20:06:59,
San Agustín archivos - Ibiza Villa,1,59,1,1,0,1,0,2023-03-26 11:27:14,2025-05-24 14:16:29
Paddle Tennis lo Sport per Tutti a Ibiza - Ibiza Villa dal 1998,1,0.4,1,1,0,1,1,2024-06-25 05:05:04,2024-10-24 08:50:44
Vous Voulez Savoir où Faire du Yoga à Ibiza | Ibiza Villa Depuis 1998,1,0.3,1,1,0,1,1,2024-03-19 10:15:50,2025-05-22 08:17:59
ibizavilla.com Visit Website,1,0.2,2,4,0,0,0,2022-03-14 08:31:20,
🏆 ns1.ibizavilla.com is winning with Fiverr!,1,81,1,1,1,0,0,2025-05-02 23:39:12,
「IBIZA VILLA」公式サイトによると,1,50,1,1,0,0,1,2024-08-03 07:33:46,
La Città di San Antonio a Ibiza - Ibiza Villa dal 1998,1,59,1,1,0,1,0,2024-09-07 18:41:27,2024-11-12 08:00:41
"Crush Competition with https://ibizavilla.com: Our Guest Posts & Dofollow Backlinks—Experts in Gambling & All Niches, Better Ahrefs DR, Moz DA & Majestic TF! | Shop.Skylinkseo.com",1,30,2,2,2,0,0,2025-03-18 20:41:45,
Rank ibizavilla.com across every niche: GP + backlinks; DR/DA/TF up — all languages. | Visit Skylinkseo.com for any Query,1,46,1,2,2,0,0,2025-10-04 14:20:19,
"Rentals Villas, Cottage and premium Home in Ibiza | Ibiza Villa",1,57,1,1,1,0,1,2025-08-15 00:39:12,
ville a ibiza,1,39,1,2,2,0,2,2025-08-22 05:47:46,
Private Villas in Ibiza,1,29,1,2,2,0,2,2025-04-03 10:34:23,
"Ibiza Villa Rental Villas and Cottages in Ibiza since 1998ibizavilla.com About: Ibiza Villa is authorized in the rental of premium villa in Ibiza since 1998, offers you a wide selection of cottages, houses, and villas with sea view.",1,57,1,1,0,0,1,2021-12-18 09:34:18,
Sublimotion The Most Expensive Restaurant in the …,1,10,1,1,1,0,0,2024-12-26 04:22:07,
The Beaches of Ibiza ... Sa Caleta - Ibiza Villa since 1998,1,0,1,1,0,1,1,2024-08-26 12:50:05,2024-10-16 12:58:04
casco antiguo amurallado de Dalt Vila,1,60,1,1,0,0,1,2024-09-23 07:37:52,
"Boost https://ibizavilla.com For Ahrefs DR, Moz DA, and Majestic TF with Quality Dofollow Backlinks and Guest Posts – See Results First, Pay Later! Click Here to Place an Order or Visit SkylinkSEO.com. Contact Us Anytime on Telegram at t.me/skylinkseo",1,40,1,1,1,0,0,2024-12-31 20:13:11,
