pagePath,screenPageViews,sessions,bounceRate,avgSessionDuration
/,2847,2156,0.42,00:03:24
/villas-for-rent/,1923,1456,0.38,00:04:12
/luxury-villas/,1654,1234,0.35,00:05:18
/villa-rental-ibiza/,1432,1087,0.41,00:03:45
/contact/,987,876,0.67,00:01:23
/about-us/,765,654,0.58,00:02:15
/villa-cala-jondal/,654,543,0.32,00:06:42
/villa-es-vedra/,598,487,0.29,00:07:15
/villa-talamanca/,543,432,0.34,00:05:56
/villa-santa-eulalia/,487,398,0.36,00:05:23
/services/,432,365,0.52,00:02:48
/blog/,398,321,0.48,00:03:12
/villa-playa-den-bossa/,365,298,0.31,00:06:18
/testimonials/,321,287,0.61,00:01:54
/gallery/,298,245,0.44,00:03:36
/villa-san-antonio/,276,234,0.33,00:05:47
/booking/,245,198,0.72,00:01:12
/faq/,234,201,0.55,00:02:31
/villa-ibiza-town/,198,167,0.37,00:04:58
/privacy-policy/,167,154,0.78,00:00:45