page,clicks,impressions,ctr,position
https://www.ibizavilla.com/it/il-meraviglioso-entroterra-di-ibiza-i-paesini-piu-belli/,37,283,0.13074204946996468,4.862190812720848
https://www.ibizavilla.com/,22,7760,0.0028350515463917525,32.465463917525774
https://www.ibizavilla.com/de/bibo-park-ibiza-besuch-mit-fuehrung-oeffnungszeiten-und-preise/,20,424,0.04716981132075472,4.528301886792453
https://www.ibizavilla.com/es/,18,2354,0.0076465590484282074,23.910790144435005
https://www.ibizavilla.com/fr/sublimotion/,16,666,0.024024024024024024,8.417417417417418
https://www.ibizavilla.com/fr/le-merveilleux-arriere-pays-dibiza-les-plus-beaux-villages/,14,643,0.02177293934681182,7.057542768273717
https://www.ibizavilla.com/fr/,13,3082,0.004218040233614536,23.72160934458144
https://www.ibizavilla.com/de/,12,2291,0.005237887385421213,30.759493670886076
https://www.ibizavilla.com/es/el-maravilloso-interior-de-ibiza-los-pueblos-mas-bonitos/,11,199,0.05527638190954774,19.819095477386934
https://www.ibizavilla.com/de/properties/casa-vella/,9,128,0.0703125,17.625
https://www.ibizavilla.com/fr/las-salinas/,9,651,0.013824884792626729,7.121351766513057
https://www.ibizavilla.com/fr/meilleures-plages-ouest-ibiza/,9,198,0.045454545454545456,20.636363636363637
https://www.ibizavilla.com/it/,7,1721,0.004067402672864613,19.610691458454387
https://www.ibizavilla.com/it/migliori-spiagge-ovest-ibiza/,7,127,0.05511811023622047,23.968503937007874
https://www.ibizavilla.com/es/mejores-playas-oeste-ibiza/,6,128,0.046875,36.34375
https://www.ibizavilla.com/properties/can-sort/,6,25,0.24,7.6
https://www.ibizavilla.com/es/properties/can-puig-de-mar/,5,116,0.04310344827586207,7.344827586206897
https://www.ibizavilla.com/properties/can-bambou/,5,40,0.125,8.65
https://www.ibizavilla.com/properties/can-chill/,5,44,0.11363636363636363,15.886363636363637
https://www.ibizavilla.com/best-beaches-west-ibiza/,4,162,0.024691358024691357,13.333333333333334
https://www.ibizavilla.com/chef-catering/,4,341,0.011730205278592375,29.809384164222873
https://www.ibizavilla.com/es/los-mejores-restaurante-vegetarianos-y-veganos-en-ibiza/,4,178,0.02247191011235955,12.089887640449438
https://www.ibizavilla.com/es/properties/can-jondal-2/,4,191,0.020942408376963352,13.769633507853403
https://www.ibizavilla.com/es/properties/casa-blanca/,4,261,0.01532567049808429,26.375478927203066
https://www.ibizavilla.com/fr/properties/buena-vista/,4,254,0.015748031496062992,20.366141732283463
https://www.ibizavilla.com/fr/properties/casa-nounoune/,4,7,0.5714285714285714,6
https://www.ibizavilla.com/fr/properties/casa-vella/,4,82,0.04878048780487805,14.670731707317072
https://www.ibizavilla.com/it/affitto-stagionale/,4,1121,0.003568242640499554,39.91436217662801
https://www.ibizavilla.com/it/migliori-spiagge-del-sud-d-ibiza/,4,102,0.0392156862745098,14.352941176470589
https://www.ibizavilla.com/properties/can-bob-2/,4,88,0.045454545454545456,28.318181818181817