query,device,clicks,impressions,ctr,position
bibo park ibiza,MOBILE,7,166,0.04216867469879518,2.9397590361445785
casa vella ibiza,MOBILE,7,18,0.3888888888888889,2.5555555555555554
botanischer garten ibiza,MOBILE,5,48,0.10416666666666667,3.9583333333333335
ibiza villa,MOBILE,5,289,0.01730103806228374,12.346020761245676
ibiza villa rental,MOBILE,4,123,0.032520325203252036,12.227642276422765
ibiza villas,DESKTOP,4,341,0.011730205278592375,13.595307917888563
villa ibiza,DESKTOP,4,488,0.00819672131147541,16.311475409836063
ibiza villa,DESKTOP,3,289,0.010380622837370242,12.698961937716263
ibiza villas,MOBILE,3,363,0.008264462809917356,17.512396694214875
ibizavilla,DESKTOP,3,7,0.42857142857142855,1
menu de sublimotion,MOBILE,3,22,0.13636363636363635,2.8181818181818183
villas ibiza,MOBILE,3,296,0.010135135135135136,19.222972972972972
casa vella ibiza,DESKTOP,2,3,0.6666666666666666,1.3333333333333333
ibiza app,MOBILE,2,12,0.16666666666666666,9.666666666666666
ibiza rent villa,MOBILE,2,5,0.4,5.8
ibiza villa rental,DESKTOP,2,232,0.008620689655172414,12.706896551724139
ibizavilla,MOBILE,2,6,0.3333333333333333,1
ibizavillas,MOBILE,2,3,0.6666666666666666,2
phare ibiza,MOBILE,2,7,0.2857142857142857,3.4285714285714284
plage des salines ibiza,MOBILE,2,79,0.02531645569620253,5.556962025316456