page,clicks,impressions,ctr,position
https://www.ibizavilla.com/it/il-meraviglioso-entroterra-di-ibiza-i-paesini-piu-belli/,58,429,13.52,4.867132867132867
https://www.ibizavilla.com/,31,11398,0.27,31.841375679943848
https://www.ibizavilla.com/de/bibo-park-ibiza-besuch-mit-fuehrung-oeffnungszeiten-und-preise/,30,661,4.54,4.512859304084721
https://www.ibizavilla.com/es/,25,3314,0.75,22.96318648159324
https://www.ibizavilla.com/fr/le-merveilleux-arriere-pays-dibiza-les-plus-beaux-villages/,21,925,2.27,7.222702702702703
https://www.ibizavilla.com/fr/sublimotion/,21,897,2.34,8.633221850613154
https://www.ibizavilla.com/fr/,19,4483,0.42,23.624581753290208
https://www.ibizavilla.com/es/el-maravilloso-interior-de-ibiza-los-pueblos-mas-bonitos/,18,313,5.75,18.466453674121407
https://www.ibizavilla.com/it/,14,2577,0.54,20.256111757857976
https://www.ibizavilla.com/de/,13,3323,0.39,33.893770689136325
https://www.ibizavilla.com/fr/las-salinas/,12,810,1.48,7.118518518518519
https://www.ibizavilla.com/fr/meilleures-plages-ouest-ibiza/,12,265,4.53,22.181132075471698
https://www.ibizavilla.com/de/properties/casa-vella/,10,166,6.02,14.801204819277109
https://www.ibizavilla.com/it/affitto-stagionale/,9,1734,0.52,39.616493656286046
https://www.ibizavilla.com/it/migliori-spiagge-ovest-ibiza/,9,237,3.80,31.39240506329114
https://www.ibizavilla.com/properties/can-sort/,9,35,25.71,7.485714285714286
https://www.ibizavilla.com/fr/properties/buena-vista/,8,371,2.16,19.59568733153639
https://www.ibizavilla.com/es/properties/can-jondal-2/,7,263,2.66,13.05703422053232
https://www.ibizavilla.com/es/alquiler/,6,2747,0.22,18.8511103021478
https://www.ibizavilla.com/es/mejores-playas-oeste-ibiza/,6,153,3.92,32.032679738562095
https://www.ibizavilla.com/it/migliori-rooftop-ibiza-notte/,6,472,1.27,11.552966101694915
https://www.ibizavilla.com/properties/can-chill/,6,66,9.09,15.621212121212121
https://www.ibizavilla.com/best-beaches-west-ibiza/,5,255,1.96,14.364705882352942
https://www.ibizavilla.com/chef-catering/,5,492,1.02,27.784552845528456
https://www.ibizavilla.com/es/los-mejores-restaurante-vegetarianos-y-veganos-en-ibiza/,5,245,2.04,10.8
https://www.ibizavilla.com/es/properties/can-puig-de-mar/,5,147,3.40,7.64625850340136
https://www.ibizavilla.com/es/properties/casa-blanca/,5,344,1.45,21.921511627906977
https://www.ibizavilla.com/fr/properties/casa-vella/,5,123,4.07,12.94308943089431
https://www.ibizavilla.com/it/le-grotte-di-ibiza/,5,170,2.94,6.841176470588235
https://www.ibizavilla.com/it/percorsi-in-bicicletta-ibiza-guida-2023/,5,85,5.88,9.976470588235294
https://www.ibizavilla.com/properties/can-bambou/,5,48,10.42,9.020833333333334
https://www.ibizavilla.com/properties/can-bob-2/,5,110,4.55,27.945454545454545
https://www.ibizavilla.com/properties/can-portas-2/,5,176,2.84,22.363636363636363
https://www.ibizavilla.com/the-marvelous-inland-of-ibiza-the-nicest-villages/,5,219,2.28,13.287671232876713
https://www.ibizavilla.com/de/die-besten-vegetarischen-und-veganen-restaurants-auf-ibiza/,4,137,2.92,9.16058394160584
https://www.ibizavilla.com/es/babysitter/,4,1355,0.30,10.281918819188192
https://www.ibizavilla.com/es/ong-ibiza-las-organizaciones-y-entidades-no-profit/,4,72,5.56,7.902777777777778
https://www.ibizavilla.com/es/properties/cana-lua/,4,36,11.11,6.638888888888889
https://www.ibizavilla.com/fr/adlib-moda-histoire-createur-collection-2023/,4,109,3.67,6.431192660550459
https://www.ibizavilla.com/fr/chef-cuisinier/,4,153,2.61,22.73202614379085
https://www.ibizavilla.com/fr/les-phares-d-ibiza/,4,48,8.33,7.5625
https://www.ibizavilla.com/fr/properties/casa-nounoune/,4,8,50.00,6.625
https://www.ibizavilla.com/fr/properties/solibuddha/,4,23,17.39,12.521739130434783
https://www.ibizavilla.com/ibiza-bike-trails-2023-guide/,4,133,3.01,6.12781954887218
https://www.ibizavilla.com/it/guida-2024-ai-piu-grandi-club-di-ibiza/,4,2533,0.16,11.386893012238453
https://www.ibizavilla.com/it/migliori-spiagge-del-sud-d-ibiza/,4,179,2.23,23.793296089385475
https://www.ibizavilla.com/de/chauffeur/,3,371,0.81,17.528301886792452
https://www.ibizavilla.com/de/ibiza-apps-here-the-best-of-2023-top5/,3,119,2.52,8.378151260504202
https://www.ibizavilla.com/de/properties/can-chill/,3,13,23.08,5.153846153846154
https://www.ibizavilla.com/de/properties/villa-es-bosc/,3,47,6.38,10.851063829787234
https://www.ibizavilla.com/es/chofer/,3,273,1.10,19.252747252747252
https://www.ibizavilla.com/es/las-areas-naturales-en-ibiza/,3,404,0.74,16.507425742574256
https://www.ibizavilla.com/es/properties/sa-cova/,3,131,2.29,16.610687022900763
https://www.ibizavilla.com/es/rutas-en-bicicleta-ibiza-guia-2023/,3,48,6.25,10.9375
https://www.ibizavilla.com/es/sant-joan-de-labritja/,3,325,0.92,13.326153846153845
https://www.ibizavilla.com/fr/babysitter/,3,56,5.36,14.75
https://www.ibizavilla.com/fr/chauffeur/,3,75,4.00,15.56
https://www.ibizavilla.com/fr/locations-saisonnieres-2/,3,1861,0.16,39.593229446534124
https://www.ibizavilla.com/fr/properties/can-elefant/,3,60,5.00,29.866666666666667
https://www.ibizavilla.com/fr/properties/casa-roan/,3,105,2.86,12.247619047619047
https://www.ibizavilla.com/fr/properties/sa-cova/,3,192,1.56,16.09375
https://www.ibizavilla.com/fr/properties/ses-roques/,3,175,1.71,15.148571428571428
https://www.ibizavilla.com/fr/ville-fortifiee-de-dalt-vila/,3,201,1.49,15.621890547263682
https://www.ibizavilla.com/it/app-ibiza-ecco-le-migliori-2023-top-5/,3,120,2.50,6.133333333333334
https://www.ibizavilla.com/it/chi-siamo/,3,335,0.90,63.37313432835821
https://www.ibizavilla.com/it/i-posti-migliori-per-il-tramonto-ibiza-guide-2023/,3,2131,0.14,8.086813702487095
https://www.ibizavilla.com/it/la-citta-fortificata-di-dalt-vila/,3,467,0.64,12.203426124197001
https://www.ibizavilla.com/it/properties/casa-roan/,3,170,1.76,25.51764705882353
https://www.ibizavilla.com/massages/,3,233,1.29,39.472103004291846
https://www.ibizavilla.com/properties/buena-vista/,3,144,2.08,20.208333333333332
https://www.ibizavilla.com/properties/can-elefant/,3,48,6.25,26.8125
https://www.ibizavilla.com/properties/can-jondal-2/,3,413,0.73,18.278450363196125
https://www.ibizavilla.com/properties/cana-lua/,3,112,2.68,8.535714285714285
https://www.ibizavilla.com/properties/casa-blanca/,3,307,0.98,14.50814332247557
https://www.ibizavilla.com/properties/casa-cristal/,3,31,9.68,4.806451612903226
https://www.ibizavilla.com/properties/ses-roques/,3,239,1.26,8.410041841004183
https://www.ibizavilla.com/de/adlib-mode-geschichte-designer-kollektion-2023/,2,203,0.99,9.25615763546798
https://www.ibizavilla.com/de/properties/buena-vista/,2,99,2.02,35.93939393939394
https://www.ibizavilla.com/de/properties/can-elefant/,2,66,3.03,34.803030303030305
https://www.ibizavilla.com/de/properties/can-jondal-2/,2,167,1.20,36.868263473053894
https://www.ibizavilla.com/de/properties/can-marina/,2,12,16.67,5
https://www.ibizavilla.com/de/properties/casa-blanca/,2,162,1.23,16.462962962962962
https://www.ibizavilla.com/de/properties/casa-renata/,2,9,22.22,7
https://www.ibizavilla.com/es/bibo-park-ibiza-visita-con-guia-horarios-y-tarifas/,2,90,2.22,10.933333333333334
https://www.ibizavilla.com/es/properties/bella-mar/,2,32,6.25,22.71875
https://www.ibizavilla.com/es/properties/can-bob-4/,2,11,18.18,4.545454545454545
https://www.ibizavilla.com/es/properties/can-elefant/,2,63,3.17,16.88888888888889
https://www.ibizavilla.com/es/properties/can-guerxonet-5/,2,11,18.18,9.363636363636363
https://www.ibizavilla.com/es/properties/can-sort/,2,72,2.78,31.72222222222222
https://www.ibizavilla.com/es/properties/casa-tania/,2,46,4.35,5.326086956521739
https://www.ibizavilla.com/es/properties/ojos-de-mar/,2,12,16.67,20
https://www.ibizavilla.com/es/properties/villa-es-bosc/,2,52,3.85,9.076923076923077
https://www.ibizavilla.com/es/sublimotion/,2,146,1.37,20.972602739726028
https://www.ibizavilla.com/es/villas-ibiza-puesta-de-sol-atardecer/,2,31,6.45,18.516129032258064
https://www.ibizavilla.com/fr/dix-plats-ibiza-typiques/,2,371,0.54,9.671159029649596
https://www.ibizavilla.com/fr/itineraires-cyclables-ibiza-guide-2023/,2,36,5.56,12.805555555555555
https://www.ibizavilla.com/fr/la-posidonie-et-ses-effets-benefiques/,2,27,7.41,7.481481481481482
https://www.ibizavilla.com/fr/properties/can-bob-2/,2,8,25.00,7.5
https://www.ibizavilla.com/fr/properties/can-jondal-2/,2,104,1.92,24.951923076923077
https://www.ibizavilla.com/fr/properties/cana-lua/,2,23,8.70,4.6521739130434785
https://www.ibizavilla.com/fr/sant-joan-de-labritja/,2,89,2.25,12.235955056179776
https://www.ibizavilla.com/it/babysitter/,2,37,5.41,6.513513513513513
https://www.ibizavilla.com/it/bibo-park-orto-botanico-visita-guidata-orari-e-prezzi/,2,70,2.86,8.985714285714286
https://www.ibizavilla.com/it/chef-catering/,2,64,3.13,14.5
https://www.ibizavilla.com/it/dieci-piatti-tipici-di-ibiza/,2,345,0.58,9.620289855072464
https://www.ibizavilla.com/it/gioiellerie-lusso-ibiza-acquisti/,2,114,1.75,8.31578947368421
https://www.ibizavilla.com/it/i-migliori-ristoranti-vegetariani-e-vegani-di-ibiza/,2,100,2.00,10.26
https://www.ibizavilla.com/it/l-isola-di-es-vedra/,2,139,1.44,11.244604316546763
https://www.ibizavilla.com/it/massaggi/,2,182,1.10,11.340659340659341
https://www.ibizavilla.com/it/necropoli-punica-di-puig-des-molins/,2,201,1.00,6.870646766169155
https://www.ibizavilla.com/it/properties/buena-vista/,2,11,18.18,6.363636363636363
https://www.ibizavilla.com/it/properties/can-matas/,2,26,7.69,8.076923076923077
https://www.ibizavilla.com/it/ville-isolate-ibiza/,2,43,4.65,25.930232558139537
https://www.ibizavilla.com/properties/can-puig-de-mar/,2,270,0.74,11.922222222222222
https://www.ibizavilla.com/properties/can-uno/,2,42,4.76,7.142857142857143
https://www.ibizavilla.com/properties/canisara/,2,71,2.82,24.211267605633804
https://www.ibizavilla.com/properties/fiframar/,2,39,5.13,9.58974358974359
https://www.ibizavilla.com/properties/fuente-de-ibiza/,2,18,11.11,8.5
https://www.ibizavilla.com/properties/la-gaviota/,2,56,3.57,8.678571428571429
https://www.ibizavilla.com/properties/the-pearl/,2,45,4.44,9.577777777777778
https://www.ibizavilla.com/properties/villa-es-bosc/,2,56,3.57,7.732142857142857
https://www.ibizavilla.com/properties/villa-vadella/,2,386,0.52,25.873056994818654
https://www.ibizavilla.com/suggestions-ibiza-villa-marie-helene/,2,15,13.33,27.733333333333334
https://www.ibizavilla.com/area/cala-jondal-en/,1,17,5.88,71.82352941176471
https://www.ibizavilla.com/area/ibiza-san-jose-road-en/,1,5,20.00,32.4
https://www.ibizavilla.com/babysitter/,1,87,1.15,14.666666666666666
https://www.ibizavilla.com/best-restaurants-seafood-ibiza/,1,50,2.00,19.44
https://www.ibizavilla.com/de/area/cala-conta-de/,1,1,100.00,28
https://www.ibizavilla.com/de/babysitter/,1,24,4.17,16.375
https://www.ibizavilla.com/de/kontakt/,1,87,1.15,37.298850574712645
https://www.ibizavilla.com/de/properties/can-andreu-3/,1,32,3.13,15.625
https://www.ibizavilla.com/de/properties/can-guerxonet-5/,1,10,10.00,46.6
https://www.ibizavilla.com/de/properties/can-puig-de-mar/,1,75,1.33,16.493333333333332
https://www.ibizavilla.com/de/properties/casa-capricho/,1,24,4.17,35.75
https://www.ibizavilla.com/de/properties/casa-mar/,1,55,1.82,25.98181818181818
https://www.ibizavilla.com/de/properties/casa-roan/,1,154,0.65,37.33766233766234
https://www.ibizavilla.com/de/properties/sa-claror/,1,8,12.50,4.5
https://www.ibizavilla.com/de/verkauf/,1,616,0.16,48.34577922077922
https://www.ibizavilla.com/driver/,1,100,1.00,22.41
https://www.ibizavilla.com/es/alquiler-de-temporada/,1,334,0.30,47.395209580838326
https://www.ibizavilla.com/es/apps-ibiza-aqui-las-mejores-de-2023-top-5/,1,61,1.64,9.688524590163935
https://www.ibizavilla.com/es/area/cala-moli/,1,54,1.85,17.87037037037037
https://www.ibizavilla.com/es/area/es-cubells/,1,57,1.75,73.40350877192982
https://www.ibizavilla.com/es/blog/,1,30,3.33,35.6
https://www.ibizavilla.com/es/city/san-jose/,1,46,2.17,37.891304347826086
https://www.ibizavilla.com/es/illa-des-vedra/,1,177,0.56,29.47457627118644
https://www.ibizavilla.com/es/joyerias-lujo-ibiza-compras/,1,201,0.50,33.09950248756219
https://www.ibizavilla.com/es/la-posidonia-y-sus-efectos-beneficiosos/,1,340,0.29,8.091176470588234
https://www.ibizavilla.com/es/masajes/,1,706,0.14,35.89518413597734
https://www.ibizavilla.com/es/mejores-playas-del-sur-de-ibiza/,1,56,1.79,9.339285714285714
https://www.ibizavilla.com/es/mejores-restaurantes-pescado-ibiza/,1,19,5.26,12.789473684210526
https://www.ibizavilla.com/es/owners/ibizavilla-2/,1,19,5.26,4.842105263157895
https://www.ibizavilla.com/es/owners/ibizavilla/,1,13,7.69,4.3076923076923075
https://www.ibizavilla.com/es/properties/buena-vista/,1,39,2.56,19.307692307692307
https://www.ibizavilla.com/es/properties/can-andreu-3/,1,154,0.65,8.90909090909091
https://www.ibizavilla.com/es/properties/can-bambou/,1,21,4.76,8.523809523809524
https://www.ibizavilla.com/es/properties/can-bartomeu/,1,75,1.33,5.8933333333333335
https://www.ibizavilla.com/es/properties/can-chill/,1,71,1.41,11.394366197183098
https://www.ibizavilla.com/es/properties/can-marina/,1,42,2.38,6.428571428571429
https://www.ibizavilla.com/es/properties/can-portas-2/,1,32,3.13,8.875
https://www.ibizavilla.com/es/properties/can-raja/,1,8,12.50,3.375
https://www.ibizavilla.com/es/properties/can-skye/,1,183,0.55,25.40983606557377
https://www.ibizavilla.com/es/properties/can-toni-den-benissait/,1,31,3.23,6.870967741935484
https://www.ibizavilla.com/es/properties/can-tyane/,1,22,4.55,5.636363636363637
https://www.ibizavilla.com/es/properties/canisara/,1,13,7.69,5.6923076923076925
https://www.ibizavilla.com/es/properties/casa-cristal/,1,40,2.50,5.375
https://www.ibizavilla.com/es/properties/casa-petita/,1,19,5.26,24.210526315789473
https://www.ibizavilla.com/es/properties/casa-renata/,1,17,5.88,28.470588235294116
https://www.ibizavilla.com/es/properties/es-verger/,1,70,1.43,8.271428571428572
https://www.ibizavilla.com/es/properties/fiframar/,1,5,20.00,5.2
https://www.ibizavilla.com/es/properties/finca-can-basso/,1,184,0.54,35.233695652173914
https://www.ibizavilla.com/es/properties/fuente-de-ibiza/,1,45,2.22,7.866666666666666
https://www.ibizavilla.com/es/properties/misada/,1,11,9.09,7.818181818181818
https://www.ibizavilla.com/es/properties/sa-claror/,1,33,3.03,6.090909090909091
https://www.ibizavilla.com/es/properties/the-pearl/,1,32,3.13,5.71875
https://www.ibizavilla.com/es/properties/villa-blanca/,1,82,1.22,21.5609756097561
https://www.ibizavilla.com/es/properties/villa-tula/,1,40,2.50,2.675
https://www.ibizavilla.com/es/recomendaciones-ibiza-villa-marie-helene/,1,2,50.00,3
https://www.ibizavilla.com/es/reservas/,1,119,0.84,25.974789915966387
https://www.ibizavilla.com/es/restaurantes-alta-cocina-ibiza/,1,9,11.11,41.55555555555556
https://www.ibizavilla.com/es/villa-lujo-ibiza-10-personas-ses-roques/,1,7,14.29,8
https://www.ibizavilla.com/es/villas-ibiza-piscina-infinita/,1,272,0.37,44.720588235294116
https://www.ibizavilla.com/fr/area/can-pep-simo-fr/,1,7,14.29,7.285714285714286
https://www.ibizavilla.com/fr/area/sa-carroca-fr/,1,10,10.00,9.9
https://www.ibizavilla.com/fr/area/san-rafael-fr/,1,23,4.35,16.47826086956522
https://www.ibizavilla.com/fr/ibiza-et-leco-durabilite-lile-la-plus-verte-au-monde/,1,34,2.94,15.382352941176471
https://www.ibizavilla.com/fr/ibiza-vista-por-famosos/,1,73,1.37,8.684931506849315
https://www.ibizavilla.com/fr/ibizas-beaches-sa-caleta/,1,497,0.20,15.008048289738431
https://www.ibizavilla.com/fr/ilot-d-es-vedra/,1,138,0.72,16.514492753623188
https://www.ibizavilla.com/fr/le-parc-bibo-ibiza-visite-guidee-horaires-et-tarifs/,1,71,1.41,6.661971830985915
https://www.ibizavilla.com/fr/les-grottes-ibiza/,1,125,0.80,10.112
https://www.ibizavilla.com/fr/les-meilleures-apps-sur-ibiza-de-2023-top-5/,1,62,1.61,5.354838709677419
https://www.ibizavilla.com/fr/les-meilleurs-endroits-pour-le-coucher-de-soleil-guide-ibiza-2023/,1,282,0.35,11.117021276595745
https://www.ibizavilla.com/fr/location-villa-confiance-ibiza/,1,7,14.29,4.714285714285714
https://www.ibizavilla.com/fr/massage/,1,135,0.74,10.777777777777779
https://www.ibizavilla.com/fr/meilleurs-toits-terrasses-ibiza-nuit/,1,183,0.55,10.650273224043715
https://www.ibizavilla.com/fr/necropole-punique-de-puig-des-molins/,1,34,2.94,9.029411764705882
https://www.ibizavilla.com/fr/properties/can-andreu-3/,1,26,3.85,13
https://www.ibizavilla.com/fr/properties/can-bambou/,1,31,3.23,12.258064516129032
https://www.ibizavilla.com/fr/properties/can-puig-de-mar/,1,52,1.92,6.134615384615385
https://www.ibizavilla.com/fr/properties/carpe-diem-2/,1,11,9.09,10.636363636363637
https://www.ibizavilla.com/fr/properties/casa-capricho/,1,26,3.85,19.153846153846153
https://www.ibizavilla.com/fr/properties/casa-domingo/,1,118,0.85,18.11864406779661
https://www.ibizavilla.com/fr/properties/casa-mar/,1,39,2.56,6.435897435897436
https://www.ibizavilla.com/fr/recommendations-ibiza-villa-marie-helene/,1,26,3.85,9.692307692307692
https://www.ibizavilla.com/fr/talamanca/,1,96,1.04,33.0625
https://www.ibizavilla.com/ibiza-apps-here-the-best-of-2023-top5/,1,141,0.71,8.127659574468085
https://www.ibizavilla.com/ibizas-lighthouses/,1,153,0.65,9.588235294117647
https://www.ibizavilla.com/it/blog/,1,16,6.25,27.3125
https://www.ibizavilla.com/it/cala-llonga/,1,24,4.17,53.375
https://www.ibizavilla.com/it/i-fari-di-ibiza/,1,91,1.10,6.021978021978022
https://www.ibizavilla.com/it/ibiza-con-bambini/,1,27,3.70,26.51851851851852
https://www.ibizavilla.com/it/la-storia-di-ibiza/,1,559,0.18,13.29695885509839
https://www.ibizavilla.com/it/le-aree-naturali-di-ibiza/,1,154,0.65,7.3896103896103895
https://www.ibizavilla.com/it/migliori-ristoranti-pesce-ibiza/,1,250,0.40,14.76
https://www.ibizavilla.com/it/paddle-tennis/,1,48,2.08,10.125
https://www.ibizavilla.com/it/properties/can-bartomeu/,1,22,4.55,2.3181818181818183
https://www.ibizavilla.com/it/properties/can-jondal-2/,1,84,1.19,11.154761904761905
https://www.ibizavilla.com/it/properties/can-uno/,1,7,14.29,4.857142857142858
https://www.ibizavilla.com/it/properties/canisara/,1,1,100.00,1
https://www.ibizavilla.com/it/properties/cas-llop/,1,5,20.00,4.8
https://www.ibizavilla.com/it/properties/casa-cristal/,1,7,14.29,7.571428571428571
https://www.ibizavilla.com/it/properties/casa-domingo/,1,32,3.13,13.125
https://www.ibizavilla.com/it/properties/casa-mar/,1,113,0.88,23.07079646017699
https://www.ibizavilla.com/it/properties/finca-can-basso/,1,114,0.88,12.429824561403509
https://www.ibizavilla.com/it/properties/la-gaviota/,1,34,2.94,9.029411764705882
https://www.ibizavilla.com/it/properties/misada/,1,14,7.14,27.214285714285715
https://www.ibizavilla.com/it/properties/ojos-de-mar/,1,7,14.29,6.428571428571429
https://www.ibizavilla.com/it/properties/sa-cova/,1,119,0.84,9.739495798319327
https://www.ibizavilla.com/it/properties/villa-tula/,1,16,6.25,7.5
https://www.ibizavilla.com/it/quattordici-curiosita-di-ibiza/,1,28,3.57,5.928571428571429
https://www.ibizavilla.com/it/sant-joan-de-labritja/,1,68,1.47,10.823529411764707
https://www.ibizavilla.com/last-minutes/,1,329,0.30,40.045592705167174
https://www.ibizavilla.com/luxury-jewelries-ibiza-shopping/,1,61,1.64,9.524590163934427
https://www.ibizavilla.com/properties/can-raja/,1,23,4.35,14.304347826086957
https://www.ibizavilla.com/properties/can-romero/,1,29,3.45,17.517241379310345
https://www.ibizavilla.com/properties/can-skye/,1,320,0.31,11.771875
https://www.ibizavilla.com/properties/can-toni-den-benissait/,1,6,16.67,3.1666666666666665
https://www.ibizavilla.com/properties/casa-tania/,1,49,2.04,7.387755102040816
https://www.ibizavilla.com/properties/es-verger/,1,17,5.88,6.352941176470588
https://www.ibizavilla.com/properties/finca-can-basso/,1,465,0.22,39.83010752688172
https://www.ibizavilla.com/properties/page/6/,1,30,3.33,31.966666666666665
https://www.ibizavilla.com/properties/sa-bassa-roixa-2/,1,36,2.78,6.75
https://www.ibizavilla.com/properties/sa-cova/,1,50,2.00,23.28
https://www.ibizavilla.com/properties/villa-blanca/,1,128,0.78,11.9765625
https://www.ibizavilla.com/properties/villa-tula/,1,25,4.00,5.96
https://www.ibizavilla.com/punic-necropolis-of-puig-des-molins/,1,49,2.04,10.346938775510203
https://www.ibizavilla.com/rutas-gratuitas-en-ibiza-aqui-estan-los-mejores-guia-2024/,1,16,6.25,13.4375
https://www.ibizavilla.com/shopping/,1,119,0.84,23.58823529411765
https://www.ibizavilla.com/sublimotion/,1,591,0.17,15.018612521150592
https://www.ibizavilla.com/tag/adlib-moda-ibiza-2/,1,5,20.00,7.6
https://www.ibizavilla.com/the-caves-in-ibiza/,1,137,0.73,10.102189781021897
https://www.ibizavilla.com/2024-guide-to-the-biggest-clubs-in-ibiza/,0,139,0.00,35.2589928057554
https://www.ibizavilla.com/a-ride-around-ibiza-during-winter/,0,2,0.00,25.5
https://www.ibizavilla.com/about-us/,0,150,0.00,53.60666666666667
https://www.ibizavilla.com/action/villa-en/,0,1,0.00,59
https://www.ibizavilla.com/adlib-fashion-history-designers-2023-collections/,0,100,0.00,8.11
https://www.ibizavilla.com/advanced-search/,0,2,0.00,6.5
https://www.ibizavilla.com/area/cala-carbo-en-2/,0,2,0.00,66
https://www.ibizavilla.com/area/cala-moli-en/,0,53,0.00,50.283018867924525
https://www.ibizavilla.com/area/cala-salada-en/,0,7,0.00,36.142857142857146
https://www.ibizavilla.com/area/cala-tarida-en/,0,107,0.00,71.21495327102804
https://www.ibizavilla.com/area/can-negret-en/,0,26,0.00,11.884615384615385
https://www.ibizavilla.com/area/es-cubells-en/,0,59,0.00,55.152542372881356
https://www.ibizavilla.com/area/puig-den-valls-en/,0,2,0.00,7
https://www.ibizavilla.com/area/sa-carroca-en/,0,1,0.00,11
https://www.ibizavilla.com/area/san-carlos-en/,0,1,0.00,10
https://www.ibizavilla.com/best-beaches-in-the-south-of-ibiza/,0,16,0.00,9.25
https://www.ibizavilla.com/best-rooftops-of-ibiza-night/,0,60,0.00,42.6
https://www.ibizavilla.com/bibo-park-ibiza-guided-tour-hours-and-prices/,0,95,0.00,6.221052631578948
https://www.ibizavilla.com/blog/,0,309,0.00,27.676375404530745
https://www.ibizavilla.com/boat-rentals/,0,1212,0.00,63.33085808580858
https://www.ibizavilla.com/booking-conditions/,0,46,0.00,27.934782608695652
https://www.ibizavilla.com/booking/,0,44,0.00,22.931818181818183
https://www.ibizavilla.com/cala-llonga/,0,81,0.00,84.4320987654321
https://www.ibizavilla.com/car-rentals/,0,25,0.00,11.24
https://www.ibizavilla.com/catamaran-charter-formentera/,0,1,0.00,11
https://www.ibizavilla.com/category/sa-caleta/,0,11,0.00,65
https://www.ibizavilla.com/category/services/page/2/,0,2,0.00,11
https://www.ibizavilla.com/city/ibiza/,0,138,0.00,31.108695652173914
https://www.ibizavilla.com/city/san-antonio/,0,562,0.00,37.49110320284697
https://www.ibizavilla.com/city/san-jose/,0,108,0.00,43.379629629629626
https://www.ibizavilla.com/city/san-juan/,0,47,0.00,35.4468085106383
https://www.ibizavilla.com/city/santa-eularia/,0,101,0.00,67.70297029702971
https://www.ibizavilla.com/contact/,0,419,0.00,24.369928400954652
https://www.ibizavilla.com/de/2024-guide-to-the-biggest-clubs-in-ibiza/,0,26,0.00,6.615384615384615
https://www.ibizavilla.com/de/abholung-am-flughafen/,0,3,0.00,6.333333333333333
https://www.ibizavilla.com/de/action/villa-de/,0,16,0.00,49.375
https://www.ibizavilla.com/de/area/cala-jondal-de/,0,27,0.00,59.111111111111114
https://www.ibizavilla.com/de/area/cala-moli-de/,0,54,0.00,35.2962962962963
https://www.ibizavilla.com/de/area/cala-salada-de/,0,2,0.00,28.5
https://www.ibizavilla.com/de/area/cala-tarida-de/,0,18,0.00,43.94444444444444
https://www.ibizavilla.com/de/area/es-cubells-de/,0,32,0.00,22.25
https://www.ibizavilla.com/de/area/jesus-de/,0,2,0.00,36.5
https://www.ibizavilla.com/de/area/san-carlos-de/,0,2,0.00,32
https://www.ibizavilla.com/de/area/san-mateo-de/,0,1,0.00,4
https://www.ibizavilla.com/de/area/san-miguel-de/,0,13,0.00,48.76923076923077
https://www.ibizavilla.com/de/area/san-rafael-de/,0,1,0.00,4
https://www.ibizavilla.com/de/autovermietung/,0,9,0.00,16.666666666666664
https://www.ibizavilla.com/de/blog/,0,38,0.00,20.68421052631579
https://www.ibizavilla.com/de/bootsverleih/,0,130,0.00,37.61538461538461
https://www.ibizavilla.com/de/buchungsbedingungen/,0,22,0.00,59.22727272727273
https://www.ibizavilla.com/de/city/ibiza-de/,0,6,0.00,43.833333333333336
https://www.ibizavilla.com/de/city/san-antonio-de/,0,44,0.00,33.29545454545455
https://www.ibizavilla.com/de/city/san-jose-de/,0,41,0.00,51.31707317073171
https://www.ibizavilla.com/de/city/san-juan-de/,0,28,0.00,25.857142857142858
https://www.ibizavilla.com/de/city/santa-eularia-de/,0,3,0.00,12
https://www.ibizavilla.com/de/dienstleistungen/,0,9,0.00,34.77777777777778
https://www.ibizavilla.com/de/einkaufen/,0,10,0.00,12.7
https://www.ibizavilla.com/de/erweiterte-suche/,0,4,0.00,36.5
https://www.ibizavilla.com/de/free-tours-in-ibiza-here-are-the-best-2024-guide/,0,1,0.00,5
https://www.ibizavilla.com/de/ibiza-and-eco-sustainability-the-greenest-island-of-the-world/,0,25,0.00,8
https://www.ibizavilla.com/de/ibiza-bike-trails-2023-guide/,0,1,0.00,11
https://www.ibizavilla.com/de/kuechenchef-catering/,0,144,0.00,23.805555555555557
https://www.ibizavilla.com/de/last-minute-gelegenheiten/,0,54,0.00,29.203703703703702
https://www.ibizavilla.com/de/listings/vermietung/,0,17,0.00,68.88235294117646
https://www.ibizavilla.com/de/massagen/,0,191,0.00,33.246073298429316
https://www.ibizavilla.com/de/ngos-ibiza-non-profit-organizations-and-entities/,0,19,0.00,7.105263157894737
https://www.ibizavilla.com/de/properties/bella-mar/,0,44,0.00,28.25
https://www.ibizavilla.com/de/properties/can-bambou/,0,25,0.00,45.52
https://www.ibizavilla.com/de/properties/can-bartomeu/,0,2,0.00,7.5
https://www.ibizavilla.com/de/properties/can-bob-2/,0,37,0.00,46.62162162162162
https://www.ibizavilla.com/de/properties/can-portas-2/,0,32,0.00,68.625
https://www.ibizavilla.com/de/properties/can-raja/,0,18,0.00,83.16666666666667
https://www.ibizavilla.com/de/properties/can-ramon-palau/,0,198,0.00,34.964646464646464
https://www.ibizavilla.com/de/properties/can-romero/,0,14,0.00,24.428571428571427
https://www.ibizavilla.com/de/properties/can-sort/,0,16,0.00,9.75
https://www.ibizavilla.com/de/properties/can-toni-den-benissait/,0,1,0.00,9
https://www.ibizavilla.com/de/properties/can-tyane/,0,12,0.00,53.75
https://www.ibizavilla.com/de/properties/can-vicent-miguel/,0,13,0.00,7.769230769230769
https://www.ibizavilla.com/de/properties/cana-lua/,0,14,0.00,9
https://www.ibizavilla.com/de/properties/carpe-diem/,0,20,0.00,16.55
https://www.ibizavilla.com/de/properties/cas-llop/,0,2,0.00,27
https://www.ibizavilla.com/de/properties/casa-coqueta/,0,11,0.00,6.636363636363637
https://www.ibizavilla.com/de/properties/casa-cristal/,0,8,0.00,12.375
https://www.ibizavilla.com/de/properties/casa-domingo/,0,23,0.00,14.304347826086957
https://www.ibizavilla.com/de/properties/casa-petita/,0,7,0.00,5.285714285714286
https://www.ibizavilla.com/de/properties/casa-tania/,0,19,0.00,6.315789473684211
https://www.ibizavilla.com/de/properties/es-verger/,0,20,0.00,13.9
https://www.ibizavilla.com/de/properties/finca-can-basso/,0,160,0.00,67.68125
https://www.ibizavilla.com/de/properties/fuente-de-ibiza/,0,2,0.00,11
https://www.ibizavilla.com/de/properties/la-jecinda/,0,2,0.00,9.5
https://www.ibizavilla.com/de/properties/ojos-de-mar/,0,12,0.00,6.5
https://www.ibizavilla.com/de/properties/sa-bassa-roixa-2/,0,2,0.00,7
https://www.ibizavilla.com/de/properties/sa-cova/,0,30,0.00,22.133333333333333
https://www.ibizavilla.com/de/properties/sa-paissa-des-fondal/,0,7,0.00,7.285714285714286
https://www.ibizavilla.com/de/properties/ses-roques/,0,72,0.00,8.902777777777779
https://www.ibizavilla.com/de/properties/solhibudda/,0,6,0.00,7.166666666666667
https://www.ibizavilla.com/de/properties/the-pearl/,0,13,0.00,6
https://www.ibizavilla.com/de/properties/trinivel/,0,1,0.00,8
https://www.ibizavilla.com/de/properties/villa-blanca/,0,76,0.00,35.6578947368421
https://www.ibizavilla.com/de/properties/villa-tula/,0,4,0.00,3.75
https://www.ibizavilla.com/de/reservierungen/,0,7,0.00,10.857142857142858
https://www.ibizavilla.com/de/saisonale-vermietung/,0,1204,0.00,76.42774086378738
https://www.ibizavilla.com/de/the-best-places-for-sunset-ibiza-guide-2023/,0,24,0.00,20.208333333333332
https://www.ibizavilla.com/de/the-best-tours-of-ibiza-island-2023-to-not-miss/,0,2,0.00,7
https://www.ibizavilla.com/de/the-marvelous-inland-of-ibiza-the-nicest-villages/,0,23,0.00,5.826086956521739
https://www.ibizavilla.com/de/ueber-uns/,0,10,0.00,26.2
https://www.ibizavilla.com/de/vermietung/,0,25,0.00,45.32
https://www.ibizavilla.com/easy-ryder-in-formentera/,0,5,0.00,5.4
https://www.ibizavilla.com/es-vedra-island/,0,129,0.00,37.57364341085271
https://www.ibizavilla.com/es/action/villa/,0,2,0.00,8
https://www.ibizavilla.com/es/adlib-moda-historia-disenador-coleccion-2023/,0,424,0.00,14.372641509433961
https://www.ibizavilla.com/es/alquilar-villa-ibiza-septiembre-octubre/,0,4,0.00,30.25
https://www.ibizavilla.com/es/alquiler-2/,0,39,0.00,40.282051282051285
https://www.ibizavilla.com/es/alquiler-de-barco/,0,54,0.00,64.88888888888889
https://www.ibizavilla.com/es/alquiler-de-coche/,0,5,0.00,5.8
https://www.ibizavilla.com/es/alquiler-villa-ibiza-confianza-loriane/,0,1,0.00,6
https://www.ibizavilla.com/es/area/benimussa/,0,4,0.00,19
https://www.ibizavilla.com/es/area/cala-carbo/,0,1,0.00,52
https://www.ibizavilla.com/es/area/cala-conta/,0,3,0.00,12.333333333333334
https://www.ibizavilla.com/es/area/cala-jondal/,0,25,0.00,53.2
https://www.ibizavilla.com/es/area/cala-salada/,0,1,0.00,9
https://www.ibizavilla.com/es/area/cala-tarida/,0,20,0.00,50.5
https://www.ibizavilla.com/es/area/cala-vedella/,0,17,0.00,37.294117647058826
https://www.ibizavilla.com/es/area/can-furnet/,0,20,0.00,15.7
https://www.ibizavilla.com/es/area/can-pep-simo/,0,30,0.00,9.766666666666667
https://www.ibizavilla.com/es/area/cap-negret/,0,18,0.00,11.61111111111111
https://www.ibizavilla.com/es/area/san-agustin/,0,30,0.00,14.966666666666667
https://www.ibizavilla.com/es/area/san-carlos/,0,2,0.00,96
https://www.ibizavilla.com/es/aviso-legal/,0,4,0.00,10
https://www.ibizavilla.com/es/cala-llonga/,0,8,0.00,60
https://www.ibizavilla.com/es/category/app-ibiza/,0,10,0.00,10.5
https://www.ibizavilla.com/es/category/ibiza-es/,0,1,0.00,8
https://www.ibizavilla.com/es/category/santa-eulalia-3/,0,6,0.00,78.33333333333333
https://www.ibizavilla.com/es/catorce-curiosidades-de-ibiza/,0,34,0.00,49.529411764705884
https://www.ibizavilla.com/es/chef-catering/,0,802,0.00,30.673316708229425
https://www.ibizavilla.com/es/city/ibiza/,0,12,0.00,81.5
https://www.ibizavilla.com/es/city/san-antonio/,0,7,0.00,15.857142857142858
https://www.ibizavilla.com/es/city/san-juan/,0,11,0.00,41
https://www.ibizavilla.com/es/city/santa-eularia/,0,5,0.00,26
https://www.ibizavilla.com/es/ciudad-amurallada-de-dalt-vila/,0,188,0.00,17.18617021276596
https://www.ibizavilla.com/es/condiciones-de-reserva/,0,4,0.00,18
https://www.ibizavilla.com/es/consejos-alquiler-propietarios-villas-ibiza/,0,4,0.00,43.75
https://www.ibizavilla.com/es/consejos-alquiler-seguro-villa-ibiza/,0,11,0.00,22.545454545454547
https://www.ibizavilla.com/es/contacto/,0,47,0.00,5.25531914893617
https://www.ibizavilla.com/es/diez-platos-tipicos-de-ibiza/,0,139,0.00,13.884892086330936
https://www.ibizavilla.com/es/easy-ryder-en-formentera/,0,2,0.00,45
https://www.ibizavilla.com/es/encuentro-al-aeropuerto/,0,2,0.00,6.5
https://www.ibizavilla.com/es/faros-de-ibiza/,0,26,0.00,19.653846153846153
https://www.ibizavilla.com/es/flyboard-emotion-extreme-a-ibiza/,0,16,0.00,20.875
https://www.ibizavilla.com/es/guia-2024-de-las-discotecas-mas-grandes-de-ibiza/,0,1053,0.00,19.738841405508072
https://www.ibizavilla.com/es/ibiza-con-ninos/,0,1,0.00,91
https://www.ibizavilla.com/es/ibiza-ed-eco-sostenibilita-lisola-piu-green-al-mondo/,0,27,0.00,51.407407407407405
https://www.ibizavilla.com/es/ibiza-en-invierno/,0,64,0.00,78.640625
https://www.ibizavilla.com/es/ibiza-villa-mas-que-una-agencia-inmobiliaria/,0,1,0.00,9
https://www.ibizavilla.com/es/ibiza-villa/,0,33,0.00,50.60606060606061
https://www.ibizavilla.com/es/ibiza-vista-por-famosos/,0,1,0.00,4
https://www.ibizavilla.com/es/la-historia-de-ibiza/,0,284,0.00,10.75
https://www.ibizavilla.com/es/la-primera-estrella-michelin-para-ibiza/,0,105,0.00,51.97142857142857
https://www.ibizavilla.com/es/las-cuevas-de-ibiza/,0,91,0.00,28.98901098901099
https://www.ibizavilla.com/es/las-mejores-excursiones-en-ibiza-2023-que-no-puedes-perderte/,0,2,0.00,67
https://www.ibizavilla.com/es/las-playas-de-ibiza-sa-caleta/,0,84,0.00,9.333333333333334
https://www.ibizavilla.com/es/las-salinas/,0,302,0.00,28.79801324503311
https://www.ibizavilla.com/es/last-minutes/,0,13,0.00,10.076923076923077
https://www.ibizavilla.com/es/listings/alquiler/,0,17,0.00,30.41176470588235
https://www.ibizavilla.com/es/los-mejores-lugares-para-la-puesta-del-sol-guia-ibiza-2023/,0,5,0.00,8.6
https://www.ibizavilla.com/es/los-mercadillos-de-ibiza/,0,60,0.00,17.183333333333334
https://www.ibizavilla.com/es/mejores-rooftops-ibiza-noche/,0,80,0.00,12.1875
https://www.ibizavilla.com/es/natural-yoga-ibiza/,0,95,0.00,72.83157894736843
https://www.ibizavilla.com/es/necropolis-punica-de-puig-des-molins/,0,100,0.00,21.85
https://www.ibizavilla.com/es/padel/,0,30,0.00,17.433333333333334
https://www.ibizavilla.com/es/politica-de-privacidad/,0,2,0.00,24.5
https://www.ibizavilla.com/es/properties/,0,5,0.00,4
https://www.ibizavilla.com/es/properties/can-hermanos/,0,2,0.00,3
https://www.ibizavilla.com/es/properties/can-romero/,0,16,0.00,11.8125
https://www.ibizavilla.com/es/properties/can-uno/,0,10,0.00,3.5
https://www.ibizavilla.com/es/properties/can-vicent-miquel/,0,12,0.00,9.25
https://www.ibizavilla.com/es/properties/carpe-diem/,0,29,0.00,19.103448275862068
https://www.ibizavilla.com/es/properties/cas-llop-6/,0,10,0.00,5.8
https://www.ibizavilla.com/es/properties/casa-capricho/,0,25,0.00,9.08
https://www.ibizavilla.com/es/properties/casa-coqueta/,0,149,0.00,7.1610738255033555
https://www.ibizavilla.com/es/properties/casa-domingo/,0,19,0.00,7.578947368421052
https://www.ibizavilla.com/es/properties/casa-india/,0,26,0.00,5.923076923076923
https://www.ibizavilla.com/es/properties/casa-mar/,0,218,0.00,10.555045871559633
https://www.ibizavilla.com/es/properties/casa-nounoune/,0,2,0.00,10.5
https://www.ibizavilla.com/es/properties/casa-roan/,0,57,0.00,9.473684210526315
https://www.ibizavilla.com/es/properties/la-gaviota/,0,27,0.00,8.814814814814815
https://www.ibizavilla.com/es/properties/page/2/,0,2,0.00,52.5
https://www.ibizavilla.com/es/properties/page/5/,0,3,0.00,20.333333333333332
https://www.ibizavilla.com/es/properties/sa-bassa-roixa-can-luc/,0,44,0.00,3.909090909090909
https://www.ibizavilla.com/es/properties/sa-paissa-des-fondal/,0,54,0.00,10.722222222222221
https://www.ibizavilla.com/es/properties/ses-roques/,0,186,0.00,10.424731182795698
https://www.ibizavilla.com/es/properties/solibuddha/,0,4,0.00,5
https://www.ibizavilla.com/es/properties/villa-ibiga/,0,3,0.00,6.333333333333333
https://www.ibizavilla.com/es/properties/villa-kalongo/,0,6,0.00,7.833333333333333
https://www.ibizavilla.com/es/properties/villa-marlis/,0,35,0.00,6.771428571428571
https://www.ibizavilla.com/es/properties/villa-moro/,0,24,0.00,12.458333333333334
https://www.ibizavilla.com/es/properties/villa-vadella/,0,82,0.00,26.804878048780488
https://www.ibizavilla.com/es/properties/villa-valltorta/,0,2,0.00,80.5
https://www.ibizavilla.com/es/quienes-somos/,0,42,0.00,47.476190476190474
https://www.ibizavilla.com/es/rutas-gratuitas-en-ibiza-aqui-estan-los-mejores-guia-2024/,0,66,0.00,33.60606060606061
https://www.ibizavilla.com/es/san-antonio/,0,106,0.00,22.433962264150942
https://www.ibizavilla.com/es/sant-carles-de-peralta-desde-ibiza-villa/,0,106,0.00,11.858490566037736
https://www.ibizavilla.com/es/santa-eulalia-des-riu/,0,142,0.00,30.281690140845072
https://www.ibizavilla.com/es/servicio/,0,212,0.00,49.00471698113208
https://www.ibizavilla.com/es/servicios/,0,65,0.00,42.90769230769231
https://www.ibizavilla.com/es/servicios/alquiler-de-barcos/,0,424,0.00,53.08254716981132
https://www.ibizavilla.com/es/servicios/alquiler-de-coches/,0,1,0.00,2
https://www.ibizavilla.com/es/shopping/,0,16,0.00,25
https://www.ibizavilla.com/es/showcooking-sant-antoni-to-eat-ibiza/,0,12,0.00,44.916666666666664
https://www.ibizavilla.com/es/tag/amnesia-ibiza-es/,0,2,0.00,33.5
https://www.ibizavilla.com/es/tag/bibo-park-es/,0,1,0.00,14
https://www.ibizavilla.com/es/tag/dalt-vila-ibiza-es/,0,3,0.00,27.333333333333332
https://www.ibizavilla.com/es/tag/flyboard-ibiza/,0,6,0.00,41.333333333333336
https://www.ibizavilla.com/es/tag/hi-ibiza-es/,0,3,0.00,36
https://www.ibizavilla.com/es/tag/vegan-restaurant-es/,0,2,0.00,64.5
https://www.ibizavilla.com/es/talamanca/,0,99,0.00,26.383838383838384
https://www.ibizavilla.com/es/una-ruta-por-ibiza-en-invierno/,0,3,0.00,42.333333333333336
https://www.ibizavilla.com/es/venta/,0,826,0.00,68.36682808716706
https://www.ibizavilla.com/es/villa-lujo-ibiza-cerca-playa-cala-tarida/,0,6,0.00,33.333333333333336
https://www.ibizavilla.com/es/villas-aisladas-ibiza/,0,38,0.00,60
https://www.ibizavilla.com/es/villas-en-ibiza-para-familias/,0,27,0.00,33.74074074074074
https://www.ibizavilla.com/es/villas-ibiza-verano-2020/,0,8,0.00,54.25
https://www.ibizavilla.com/es/villas-last-minute-en-ibiza/,0,3,0.00,78
https://www.ibizavilla.com/es/villas-lujo-ibiza-12-personas-can-puig-mar/,0,12,0.00,18.583333333333332
https://www.ibizavilla.com/family-friendly-villas-in-ibiza/,0,831,0.00,63.127557160048134
https://www.ibizavilla.com/flyboard-extreme-emotion-in-ibiza/,0,52,0.00,14.73076923076923
https://www.ibizavilla.com/fourteen-curiousities-about-ibiza/,0,2,0.00,5
https://www.ibizavilla.com/fr/action/villa-fr/,0,3,0.00,4.333333333333334
https://www.ibizavilla.com/fr/area/benimussa-fr/,0,3,0.00,10.666666666666666
https://www.ibizavilla.com/fr/area/cala-carbo-fr/,0,11,0.00,43.09090909090909
https://www.ibizavilla.com/fr/area/cala-jondal-fr/,0,15,0.00,40.13333333333333
https://www.ibizavilla.com/fr/area/cala-moli-fr/,0,26,0.00,23.5
https://www.ibizavilla.com/fr/area/cala-tarida-fr/,0,58,0.00,27.310344827586206
https://www.ibizavilla.com/fr/area/cala-vedella-fr/,0,50,0.00,47.74
https://www.ibizavilla.com/fr/area/can-furnet-fr/,0,15,0.00,35.53333333333333
https://www.ibizavilla.com/fr/area/can-negret-fr/,0,32,0.00,7.3125
https://www.ibizavilla.com/fr/area/es-cubells-fr-2/,0,33,0.00,27.606060606060606
https://www.ibizavilla.com/fr/area/puig-den-valls-fr/,0,1,0.00,4
https://www.ibizavilla.com/fr/area/san-agustin-fr/,0,3,0.00,17
https://www.ibizavilla.com/fr/balade-en-scooter-a-formentera/,0,29,0.00,21.862068965517242
https://www.ibizavilla.com/fr/bijouteries-luxe-ibiza-shopping/,0,76,0.00,7.9868421052631575
https://www.ibizavilla.com/fr/blog/,0,77,0.00,38.883116883116884
https://www.ibizavilla.com/fr/cala-llonga/,0,28,0.00,53.82142857142857
https://www.ibizavilla.com/fr/city/ibiza/,0,23,0.00,20.52173913043478
https://www.ibizavilla.com/fr/city/san-antonio/,0,122,0.00,20.65573770491803
https://www.ibizavilla.com/fr/city/san-jose/,0,106,0.00,16.254716981132077
https://www.ibizavilla.com/fr/city/san-juan/,0,37,0.00,11.297297297297296
https://www.ibizavilla.com/fr/city/santa-eularia/,0,59,0.00,57.6271186440678
https://www.ibizavilla.com/fr/conditions-de-location/,0,14,0.00,16.42857142857143
https://www.ibizavilla.com/fr/conseils-location-securisee-villas-ibiza/,0,6,0.00,9
https://www.ibizavilla.com/fr/contact/,0,14,0.00,22.928571428571427
https://www.ibizavilla.com/fr/excursion-formentera-catamaran/,0,6,0.00,52.666666666666664
https://www.ibizavilla.com/fr/flyboard-extreme-emotion-in-ibiza/,0,16,0.00,25.1875
https://www.ibizavilla.com/fr/home/,0,32,0.00,64.09375
https://www.ibizavilla.com/fr/ibiza-avec-des-enfants/,0,8,0.00,9.375
https://www.ibizavilla.com/fr/ibiza-in-winter/,0,17,0.00,39.94117647058823
https://www.ibizavilla.com/fr/ibiza-villa-plus-quune-agence-immobiliere/,0,61,0.00,41.78688524590164
https://www.ibizavilla.com/fr/last-minute/,0,77,0.00,29.428571428571427
https://www.ibizavilla.com/fr/les-marches-dibiza/,0,163,0.00,13.914110429447852
https://www.ibizavilla.com/fr/les-meillurs-restaurants-vegetarienes-et-vegetaliens-ibiza/,0,6,0.00,9.333333333333334
https://www.ibizavilla.com/fr/les-zones-naturelle-dibiza/,0,60,0.00,8.35
https://www.ibizavilla.com/fr/listings/rentals/,0,67,0.00,68.85074626865672
https://www.ibizavilla.com/fr/listings/seasonal-rentals/,0,1,0.00,6
https://www.ibizavilla.com/fr/location-de-bateaux/,0,66,0.00,73.34848484848484
https://www.ibizavilla.com/fr/location-de-voitures/,0,15,0.00,61.46666666666667
https://www.ibizavilla.com/fr/location-villa-ibiza-septembre-octobre/,0,6,0.00,26.5
https://www.ibizavilla.com/fr/locations/,0,321,0.00,55.62305295950156
https://www.ibizavilla.com/fr/meilleures-plages-du-sud-d-ibiza/,0,71,0.00,18.366197183098592
https://www.ibizavilla.com/fr/meilleurs-restaurants-poisson-ibiza/,0,59,0.00,12.423728813559322
https://www.ibizavilla.com/fr/naturel-yoga-ibiza/,0,1,0.00,22
https://www.ibizavilla.com/fr/ngos-ibiza-non-profit-organizations-and-entities/,0,42,0.00,29.023809523809526
https://www.ibizavilla.com/fr/nouveautes-saison-ibiza-2019/,0,3,0.00,13.666666666666666
https://www.ibizavilla.com/fr/paddle-a-ibiza/,0,37,0.00,36.054054054054056
https://www.ibizavilla.com/fr/paddle-tennis/,0,56,0.00,13.928571428571429
https://www.ibizavilla.com/fr/privacy-policy/,0,3,0.00,5.666666666666667
https://www.ibizavilla.com/fr/properties/,0,5,0.00,4.6
https://www.ibizavilla.com/fr/properties/bella-mar/,0,32,0.00,34.625
https://www.ibizavilla.com/fr/properties/can-chill/,0,3,0.00,14.333333333333334
https://www.ibizavilla.com/fr/properties/can-guerxonet-5/,0,1,0.00,1
https://www.ibizavilla.com/fr/properties/can-hermanos/,0,1,0.00,12
https://www.ibizavilla.com/fr/properties/can-portas-2/,0,59,0.00,24.423728813559322
https://www.ibizavilla.com/fr/properties/can-raja/,0,8,0.00,6.5
https://www.ibizavilla.com/fr/properties/can-ramon-palau/,0,32,0.00,7.78125
https://www.ibizavilla.com/fr/properties/can-romero/,0,14,0.00,11.071428571428571
https://www.ibizavilla.com/fr/properties/can-sort/,0,9,0.00,6
https://www.ibizavilla.com/fr/properties/can-toni-den-benissait/,0,30,0.00,15.066666666666666
https://www.ibizavilla.com/fr/properties/canisara/,0,5,0.00,8.4
https://www.ibizavilla.com/fr/properties/cas-llop/,0,5,0.00,11
https://www.ibizavilla.com/fr/properties/casa-be/,0,2,0.00,10
https://www.ibizavilla.com/fr/properties/casa-blanca/,0,63,0.00,14.015873015873016
https://www.ibizavilla.com/fr/properties/casa-cristal/,0,48,0.00,6.125
https://www.ibizavilla.com/fr/properties/casa-india/,0,21,0.00,19.857142857142858
https://www.ibizavilla.com/fr/properties/casa-petita/,0,4,0.00,6.25
https://www.ibizavilla.com/fr/properties/casa-renata/,0,5,0.00,24.8
https://www.ibizavilla.com/fr/properties/casa-tania/,0,19,0.00,5.631578947368421
https://www.ibizavilla.com/fr/properties/es-verger/,0,5,0.00,9
https://www.ibizavilla.com/fr/properties/fiframar/,0,6,0.00,7
https://www.ibizavilla.com/fr/properties/finca-can-basso/,0,100,0.00,25.87
https://www.ibizavilla.com/fr/properties/fuente-de-ibiza/,0,3,0.00,9
https://www.ibizavilla.com/fr/properties/misada/,0,52,0.00,6.846153846153846
https://www.ibizavilla.com/fr/properties/ojos-de-mar/,0,5,0.00,5.2
https://www.ibizavilla.com/fr/properties/sa-bassa-roixa-2/,0,4,0.00,47.75
https://www.ibizavilla.com/fr/properties/sa-claror/,0,17,0.00,9.882352941176471
https://www.ibizavilla.com/fr/properties/sa-paissa-del-fondal/,0,19,0.00,5.2105263157894735
https://www.ibizavilla.com/fr/properties/the-pearl/,0,8,0.00,6.125
https://www.ibizavilla.com/fr/properties/trinivel/,0,4,0.00,4.75
https://www.ibizavilla.com/fr/properties/villa-blanca/,0,78,0.00,21.987179487179485
https://www.ibizavilla.com/fr/properties/villa-ibiga/,0,74,0.00,50.527027027027025
https://www.ibizavilla.com/fr/properties/villa-kalango/,0,38,0.00,5.684210526315789
https://www.ibizavilla.com/fr/properties/villa-moro/,0,2,0.00,6
https://www.ibizavilla.com/fr/qui-sommes-nous/,0,38,0.00,39.473684210526315
https://www.ibizavilla.com/fr/rendez-vous-a-l-aeroport/,0,11,0.00,18.363636363636363
https://www.ibizavilla.com/fr/reservations/,0,12,0.00,23.416666666666668
https://www.ibizavilla.com/fr/restaurants-haute-gastronomie-ibiza/,0,3,0.00,47
https://www.ibizavilla.com/fr/san-antonio/,0,206,0.00,42.79126213592233
https://www.ibizavilla.com/fr/sant-carles-de-peralta-de-ibiza-villa/,0,89,0.00,25.921348314606742
https://www.ibizavilla.com/fr/santa-eulalia-des-riu/,0,153,0.00,42.72549019607843
https://www.ibizavilla.com/fr/shopping/,0,29,0.00,12.89655172413793
https://www.ibizavilla.com/fr/showcooking-sant-antoni-a-croquer-ibiza/,0,1,0.00,12
https://www.ibizavilla.com/fr/tout-voir/,0,45,0.00,39.86666666666667
https://www.ibizavilla.com/fr/une-balade-a-ibiza-en-hiver/,0,3,0.00,55
https://www.ibizavilla.com/fr/ventes/,0,10,0.00,57
https://www.ibizavilla.com/fr/villa-ibiza-ete-2020/,0,1,0.00,87
https://www.ibizavilla.com/fr/villa-luxe-ibiza-10-personnes-ses-roques/,0,18,0.00,11.166666666666666
https://www.ibizavilla.com/fr/villa-luxe-ibiza-pres-plage-cala-tarida/,0,21,0.00,41.61904761904762
https://www.ibizavilla.com/fr/villas-a-ibiza-pour-les-familles/,0,71,0.00,81.45070422535211
https://www.ibizavilla.com/fr/villas-derniere-minute-ibiza/,0,36,0.00,60.138888888888886
https://www.ibizavilla.com/fr/villas-ibiza-coucher-de-soleil/,0,45,0.00,24.444444444444443
https://www.ibizavilla.com/fr/villas-ibiza-piscine-debordement/,0,234,0.00,47.12820512820513
https://www.ibizavilla.com/fr/villas-isolees-ibiza/,0,183,0.00,62.797814207650276
https://www.ibizavilla.com/fr/villas-luxe-ibiza-12-personnes-can-puig-mar/,0,43,0.00,18.046511627906977
https://www.ibizavilla.com/i-posti-migliori-per-il-tramonto-ibiza-guide-2023/,0,5,0.00,19
https://www.ibizavilla.com/ibiza-in-winter/,0,29,0.00,62.206896551724135
https://www.ibizavilla.com/ibiza-markets/,0,87,0.00,46.12643678160919
https://www.ibizavilla.com/ibiza-seen-by-celebrities/,0,63,0.00,9.555555555555555
https://www.ibizavilla.com/ibiza-villa-more-than-just-a-real-estate-agency/,0,16,0.00,15.5
https://www.ibizavilla.com/ibiza-with-children/,0,2,0.00,10.5
https://www.ibizavilla.com/ibiza-y-eco-sostenibilidad-la-isla-mas-green-del-mundo/,0,29,0.00,8.413793103448276
https://www.ibizavilla.com/ibizas-beaches-sa-caleta/,0,138,0.00,11.007246376811594
https://www.ibizavilla.com/it/action/villa-it/,0,5,0.00,15
https://www.ibizavilla.com/it/adlib-moda-storia-designer-collezioni-2023/,0,112,0.00,7.482142857142857
https://www.ibizavilla.com/it/affittare-villa-ibiza-settembre-ottobre/,0,7,0.00,36.142857142857146
https://www.ibizavilla.com/it/affitto/,0,249,0.00,32.24497991967871
https://www.ibizavilla.com/it/area/cala-carbo-it/,0,1,0.00,5
https://www.ibizavilla.com/it/area/cala-jondal-it/,0,30,0.00,42.53333333333333
https://www.ibizavilla.com/it/area/cala-moli-it/,0,28,0.00,31.464285714285715
https://www.ibizavilla.com/it/area/cala-salada-it/,0,11,0.00,16.727272727272727
https://www.ibizavilla.com/it/area/cala-tarida-it/,0,9,0.00,41.333333333333336
https://www.ibizavilla.com/it/area/can-negret-it/,0,17,0.00,11.058823529411764
https://www.ibizavilla.com/it/area/can-pep-simo-it/,0,62,0.00,31.983870967741936
https://www.ibizavilla.com/it/area/es-cubells-it/,0,8,0.00,21
https://www.ibizavilla.com/it/area/roca-llisa-it/,0,25,0.00,12.8
https://www.ibizavilla.com/it/area/sa-carroca-it/,0,28,0.00,9.678571428571429
https://www.ibizavilla.com/it/area/san-rafael-it/,0,1,0.00,12
https://www.ibizavilla.com/it/autista/,0,66,0.00,9.984848484848484
https://www.ibizavilla.com/it/category/sa-caleta-2/,0,21,0.00,30.19047619047619
https://www.ibizavilla.com/it/category/tempo-libero/,0,41,0.00,31.634146341463413
https://www.ibizavilla.com/it/category/villas-it/,0,24,0.00,29.833333333333332
https://www.ibizavilla.com/it/category/villas-it/page/2/,0,57,0.00,31.649122807017545
https://www.ibizavilla.com/it/city/ibiza/,0,6,0.00,52.666666666666664
https://www.ibizavilla.com/it/city/san-antonio/,0,126,0.00,35.992063492063494
https://www.ibizavilla.com/it/city/san-jose/,0,35,0.00,11.742857142857142
https://www.ibizavilla.com/it/city/san-juan/,0,23,0.00,12.695652173913043
https://www.ibizavilla.com/it/city/santa-eularia/,0,22,0.00,67.04545454545455
https://www.ibizavilla.com/it/condizioni-di-prenotazione/,0,3,0.00,8
https://www.ibizavilla.com/it/consigli-affitto-proprietari-ville-ibiza/,0,7,0.00,38.714285714285715
https://www.ibizavilla.com/it/consigli-affitto-sicuro-ville-ibiza/,0,31,0.00,34.645161290322584
https://www.ibizavilla.com/it/consigli-ibiza-villa-marie-helene/,0,7,0.00,35
https://www.ibizavilla.com/it/contatti/,0,12,0.00,33.916666666666664
https://www.ibizavilla.com/it/easy-ryder-a-formentera/,0,6,0.00,36
https://www.ibizavilla.com/it/escursione-formentera-catamarano/,0,22,0.00,65.13636363636364
https://www.ibizavilla.com/it/flyboard-emozione-estrema-a-ibiza/,0,23,0.00,15.391304347826088
https://www.ibizavilla.com/it/i-mercatini-di-ibiza/,0,87,0.00,16.03448275862069
https://www.ibizavilla.com/it/ibiza-ed-eco-sostenibilita-lisola-piu-green-al-mondo/,0,13,0.00,7.615384615384615
https://www.ibizavilla.com/it/ibiza-in-inverno/,0,19,0.00,21.736842105263158
https://www.ibizavilla.com/it/ibiza-villa-piu-che-una-agenzia-immobiliare/,0,12,0.00,41.25
https://www.ibizavilla.com/it/ibiza-villa/,0,305,0.00,40.04262295081967
https://www.ibizavilla.com/it/ibiza-vista-dalle-celebrita/,0,43,0.00,8.883720930232558
https://www.ibizavilla.com/it/la-poseidonia-e-i-suoi-effetti-benefici/,0,552,0.00,3.9583333333333335
https://www.ibizavilla.com/it/la-prima-stella-michelin-per-ibiza/,0,4,0.00,14.5
https://www.ibizavilla.com/it/las-salinas/,0,304,0.00,22.407894736842106
https://www.ibizavilla.com/it/last-minutes/,0,20,0.00,53.2
https://www.ibizavilla.com/it/le-spiagge-di-ibiza-sa-caleta/,0,396,0.00,14.58838383838384
https://www.ibizavilla.com/it/listings/rentals/,0,35,0.00,27.34285714285714
https://www.ibizavilla.com/it/natural-yoga-ibiza/,0,10,0.00,26.9
https://www.ibizavilla.com/it/noleggio-auto-2/,0,159,0.00,49.874213836477985
https://www.ibizavilla.com/it/noleggio-auto/,0,25,0.00,62.32
https://www.ibizavilla.com/it/noleggio-barche/,0,30,0.00,49.6
https://www.ibizavilla.com/it/noleggio-imbarcazioni/,0,87,0.00,24.54022988505747
https://www.ibizavilla.com/it/novita-stagione-estiva-ibiza-2019/,0,1,0.00,26
https://www.ibizavilla.com/it/ong-ibiza-organizzazioni-ed-enti-no-profit/,0,3,0.00,7.333333333333333
https://www.ibizavilla.com/it/prenotazione/,0,148,0.00,29.37837837837838
https://www.ibizavilla.com/it/privacy-policy/,0,2,0.00,6
https://www.ibizavilla.com/it/properties/bella-mar/,0,13,0.00,9.076923076923077
https://www.ibizavilla.com/it/properties/can-andreu-3/,0,27,0.00,27.444444444444443
https://www.ibizavilla.com/it/properties/can-bambou/,0,5,0.00,21.2
https://www.ibizavilla.com/it/properties/can-bob-2/,0,4,0.00,10
https://www.ibizavilla.com/it/properties/can-chill-2/,0,15,0.00,8.8
https://www.ibizavilla.com/it/properties/can-chill/,0,8,0.00,7.25
https://www.ibizavilla.com/it/properties/can-elefant/,0,5,0.00,4.4
https://www.ibizavilla.com/it/properties/can-hermanos-2/,0,5,0.00,4.6
https://www.ibizavilla.com/it/properties/can-marina/,0,6,0.00,10.666666666666666
https://www.ibizavilla.com/it/properties/can-puig-de-mar/,0,34,0.00,9.911764705882353
https://www.ibizavilla.com/it/properties/can-raja/,0,3,0.00,7
https://www.ibizavilla.com/it/properties/can-ramon-palau/,0,154,0.00,16.07792207792208
https://www.ibizavilla.com/it/properties/can-skye/,0,8,0.00,6.875
https://www.ibizavilla.com/it/properties/can-toni-den-benissait/,0,18,0.00,10.88888888888889
https://www.ibizavilla.com/it/properties/cana-lua/,0,1,0.00,4
https://www.ibizavilla.com/it/properties/carpe-diem-2/,0,25,0.00,13.04
https://www.ibizavilla.com/it/properties/casa-blanca/,0,54,0.00,29.037037037037038
https://www.ibizavilla.com/it/properties/casa-capricho/,0,12,0.00,13
https://www.ibizavilla.com/it/properties/casa-coqueta/,0,127,0.00,24.37795275590551
https://www.ibizavilla.com/it/properties/casa-india/,0,39,0.00,6.6923076923076925
https://www.ibizavilla.com/it/properties/casa-nounoune/,0,6,0.00,39.5
https://www.ibizavilla.com/it/properties/casa-petita/,0,6,0.00,7.166666666666667
https://www.ibizavilla.com/it/properties/casa-renata/,0,3,0.00,15.666666666666666
https://www.ibizavilla.com/it/properties/casa-tania/,0,4,0.00,6.75
https://www.ibizavilla.com/it/properties/es-verger/,0,1,0.00,38
https://www.ibizavilla.com/it/properties/fiframar/,0,8,0.00,5.625
https://www.ibizavilla.com/it/properties/sa-bassa-roixa-2/,0,49,0.00,22.102040816326532
https://www.ibizavilla.com/it/properties/sa-paissa-des-fondal/,0,2,0.00,7.5
https://www.ibizavilla.com/it/properties/ses-roques/,0,50,0.00,9.2
https://www.ibizavilla.com/it/properties/solibuddha/,0,9,0.00,9
https://www.ibizavilla.com/it/properties/the-pearl/,0,22,0.00,17.09090909090909
https://www.ibizavilla.com/it/properties/trinivel/,0,2,0.00,20.5
https://www.ibizavilla.com/it/properties/villa-blanca/,0,29,0.00,10.379310344827585
https://www.ibizavilla.com/it/properties/villa-es-bosc/,0,10,0.00,8.9
https://www.ibizavilla.com/it/properties/villa-ibiga/,0,7,0.00,14.142857142857142
https://www.ibizavilla.com/it/properties/villa-kalongo/,0,5,0.00,14.6
https://www.ibizavilla.com/it/properties/villa-moro/,0,3,0.00,4
https://www.ibizavilla.com/it/properties/villa-vadella/,0,10,0.00,7.9
https://www.ibizavilla.com/it/properties/villa-valltorta/,0,7,0.00,8.142857142857142
https://www.ibizavilla.com/it/ristoranti-alta-cucina-ibiza-2/,0,32,0.00,44.65625
https://www.ibizavilla.com/it/san-antonio/,0,332,0.00,23.34036144578313
https://www.ibizavilla.com/it/sant-carles-de-peralta-by-ibiza-villa/,0,50,0.00,10.9
https://www.ibizavilla.com/it/santa-eulalia-des-riu/,0,101,0.00,33.554455445544555
https://www.ibizavilla.com/it/servizi/,0,19,0.00,37.8421052631579
https://www.ibizavilla.com/it/servizio-aeroportuale/,0,1,0.00,6
https://www.ibizavilla.com/it/shopping/,0,42,0.00,19.714285714285715
https://www.ibizavilla.com/it/showcooking-sant-antoni-da-mangiare-ibiza/,0,1,0.00,14
https://www.ibizavilla.com/it/sublimotion/,0,198,0.00,7.691919191919192
https://www.ibizavilla.com/it/talamanca/,0,128,0.00,20.0703125
https://www.ibizavilla.com/it/tour-gratuiti-ibiza-ecco-i-migliori-guida-2024/,0,7,0.00,27.428571428571427
https://www.ibizavilla.com/it/un-giro-per-ibiza-in-inverno/,0,4,0.00,24.75
https://www.ibizavilla.com/it/vendita/,0,175,0.00,46.222857142857144
https://www.ibizavilla.com/it/villa-lusso-ibiza-vicino-spiaggia-cala-tarida/,0,62,0.00,31.983870967741936
https://www.ibizavilla.com/it/ville-ibiza-piscina-a-sfioro/,0,928,0.00,26.401939655172413
https://www.ibizavilla.com/it/ville-ibiza-tramonto/,0,114,0.00,25.964912280701753
https://www.ibizavilla.com/it/ville-in-ibiza-per-famiglie/,0,78,0.00,68.46153846153847
https://www.ibizavilla.com/it/ville-last-minute-in-ibiza/,0,104,0.00,56.82692307692308
https://www.ibizavilla.com/it/ville-lusso-ibiza-10-persone-ses-roques/,0,61,0.00,49.57377049180328
https://www.ibizavilla.com/it/ville-lusso-ibiza-12-persone-can-puig-mar/,0,7,0.00,5.428571428571429
https://www.ibizavilla.com/las-salinas/,0,144,0.00,32.548611111111114
https://www.ibizavilla.com/last-minute-villas-in-ibiza/,0,97,0.00,51.7319587628866
https://www.ibizavilla.com/legal-notice/,0,1,0.00,2
https://www.ibizavilla.com/listings/flash-offer/,0,2,0.00,11
https://www.ibizavilla.com/listings/rentals/,0,11,0.00,63.18181818181818
https://www.ibizavilla.com/listings/seasonal-rentals/,0,1,0.00,6
https://www.ibizavilla.com/luxury-villa-ibiza-10-people-ses-roques/,0,59,0.00,50.779661016949156
https://www.ibizavilla.com/luxury-villa-ibiza-close-beach-cala-tarida/,0,61,0.00,39.967213114754095
https://www.ibizavilla.com/luxury-villas-ibiza-12-people-can-puig-mar/,0,232,0.00,55.26724137931034
https://www.ibizavilla.com/meeting-at-the-airport/,0,2,0.00,1
https://www.ibizavilla.com/most-isolated-villas-ibiza/,0,5,0.00,20.6
https://www.ibizavilla.com/natural-yoga-ibiza/,0,4,0.00,6
https://www.ibizavilla.com/new-web-ibiza-villa-rental/,0,14,0.00,8
https://www.ibizavilla.com/news-summer-season-ibiza-2019/,0,9,0.00,20.77777777777778
https://www.ibizavilla.com/ngos-ibiza-non-profit-organizations-and-entities/,0,54,0.00,6.537037037037037
https://www.ibizavilla.com/paddle-in-ibiza/,0,2,0.00,11.5
https://www.ibizavilla.com/paddle/,0,235,0.00,11.502127659574468
https://www.ibizavilla.com/page/2/?option=com_content&view=article&id=15&Itemid=122&lang=ru,0,2,0.00,5.5
https://www.ibizavilla.com/page/7/?lang=fr,0,1,0.00,1
https://www.ibizavilla.com/page/7/?lang=it,0,13,0.00,44.07692307692308
https://www.ibizavilla.com/page/7/?lang=ru,0,1,0.00,5
https://www.ibizavilla.com/poseidonia-and-its-benefit/,0,5,0.00,19.8
https://www.ibizavilla.com/privacy-policy/,0,5,0.00,2
https://www.ibizavilla.com/properties/,0,22,0.00,37.27272727272727
https://www.ibizavilla.com/properties/bella-mar/,0,62,0.00,26.532258064516128
https://www.ibizavilla.com/properties/can-andreu-3/,0,71,0.00,18.338028169014084
https://www.ibizavilla.com/properties/can-bartomeu/,0,8,0.00,6.75
https://www.ibizavilla.com/properties/can-guerxonet-5/,0,27,0.00,6.925925925925926
https://www.ibizavilla.com/properties/can-hermanos/,0,6,0.00,6.666666666666667
https://www.ibizavilla.com/properties/can-marina/,0,84,0.00,9.202380952380953
https://www.ibizavilla.com/properties/can-ramon-palau/,0,120,0.00,10.758333333333333
https://www.ibizavilla.com/properties/can-tyane/,0,9,0.00,12.11111111111111
https://www.ibizavilla.com/properties/carpe-diem/,0,28,0.00,7.964285714285714
https://www.ibizavilla.com/properties/cas-llop/,0,8,0.00,5
https://www.ibizavilla.com/properties/casa-be/,0,22,0.00,7.863636363636363
https://www.ibizavilla.com/properties/casa-capricho/,0,47,0.00,8.808510638297872
https://www.ibizavilla.com/properties/casa-coqueta/,0,54,0.00,8.648148148148149
https://www.ibizavilla.com/properties/casa-domingo/,0,209,0.00,38.83253588516747
https://www.ibizavilla.com/properties/casa-india/,0,96,0.00,8.0625
https://www.ibizavilla.com/properties/casa-mar/,0,72,0.00,28.09722222222222
https://www.ibizavilla.com/properties/casa-nounoune/,0,13,0.00,13
https://www.ibizavilla.com/properties/casa-petita/,0,8,0.00,6
https://www.ibizavilla.com/properties/casa-renata/,0,15,0.00,6.866666666666666
https://www.ibizavilla.com/properties/casa-roan/,0,107,0.00,9.794392523364486
https://www.ibizavilla.com/properties/misada/,0,26,0.00,10.76923076923077
https://www.ibizavilla.com/properties/ojos-de-mar/,0,19,0.00,6.052631578947368
https://www.ibizavilla.com/properties/sa-claror/,0,34,0.00,8.117647058823529
https://www.ibizavilla.com/properties/sa-paissa-des-fondal/,0,54,0.00,8.74074074074074
https://www.ibizavilla.com/properties/solhibudda/,0,82,0.00,12.573170731707316
https://www.ibizavilla.com/properties/trinivel/,0,33,0.00,8.93939393939394
https://www.ibizavilla.com/properties/villa-ibiga/,0,202,0.00,10.678217821782178
https://www.ibizavilla.com/properties/villa-kalongo/,0,17,0.00,5.9411764705882355
https://www.ibizavilla.com/properties/villa-moro/,0,32,0.00,7.625
https://www.ibizavilla.com/rent-villa-ibiza-september-october/,0,4,0.00,24.25
https://www.ibizavilla.com/rentals/,0,56,0.00,35.625
https://www.ibizavilla.com/restaurants-fine-dining-ibiza/,0,37,0.00,70.89189189189189
https://www.ibizavilla.com/sales/,0,544,0.00,63.411764705882355
https://www.ibizavilla.com/san-antonio/,0,177,0.00,64.40677966101694
https://www.ibizavilla.com/sant-carles-de-peralta/,0,80,0.00,20.9625
https://www.ibizavilla.com/sant-joan-de-labritja/,0,73,0.00,34.821917808219176
https://www.ibizavilla.com/santa-eulalia/,0,279,0.00,59.19713261648746
https://www.ibizavilla.com/seasonal-rentals/,0,183,0.00,44.67213114754098
https://www.ibizavilla.com/services/,0,619,0.00,40.97092084006462
https://www.ibizavilla.com/showcooking-sant-antoni-to-eat-ibiza/,0,6,0.00,12.5
https://www.ibizavilla.com/suggestions-rental-owners-villas-ibiza/,0,123,0.00,49.926829268292686
https://www.ibizavilla.com/talamanca/,0,100,0.00,34.11
https://www.ibizavilla.com/ten-typical-dishes-from-ibiza/,0,53,0.00,23.09433962264151
https://www.ibizavilla.com/the-best-tours-of-ibiza-island-2023-to-not-miss/,0,8,0.00,44.875
https://www.ibizavilla.com/the-best-vegetarian-y-vegan-restaurants-in-ibiza/,0,27,0.00,14.037037037037036
https://www.ibizavilla.com/the-first-michelin-star-for-ibiza/,0,34,0.00,50.6764705882353
https://www.ibizavilla.com/the-fortified-city-of-dalt-vila/,0,155,0.00,9.303225806451612
https://www.ibizavilla.com/the-history-of-ibiza/,0,904,0.00,10.271017699115044
https://www.ibizavilla.com/the-natural-areas-in-ibiza/,0,195,0.00,17.943589743589744
https://www.ibizavilla.com/tips-safe-rental-villas-ibiza/,0,29,0.00,28.93103448275862
https://www.ibizavilla.com/villa-ibiza-summer-2020/,0,81,0.00,42.098765432098766
https://www.ibizavilla.com/villas-ibiza-infinity-pool/,0,269,0.00,57.24907063197026
https://www.ibizavilla.com/villas-ibiza-sunset/,0,48,0.00,13.208333333333334
https://www.ibizavilla.com/wp-content/uploads/2020/01/menu-sublimotion-ibiza-villa.jpg,0,1,0.00,12