country,screenPageViews
Spain,990
France,538
Italy,361
Netherlands,162
United Kingdom,152
Germany,146
Switzerland,78
Belgium,63
United States,58
China,49
Ireland,32
Austria,21
Portugal,21
Australia,17
Sweden,16
Denmark,13
Romania,13
Canada,11
United Arab Emirates,11
Argentina,10
Tunisia,10
Türkiye,8
Colombia,7
India,7
Luxembourg,6
Poland,5
Brazil,4
Mexico,4
Greece,3
Indonesia,3
Mauritius,3
Monaco,3
Morocco,3
Norway,3
Singapore,3
South Africa,3
Venezuela,3
(not set),2
Andorra,2
Cuba,2
Hungary,2
Russia,2
Réunion,2
Slovenia,2
,1
Algeria,1
Congo - Brazzaville,1
Croatia,1
Cyprus,1
Czechia,1
Ecuador,1
Finland,1
Isle of Man,1
Israel,1
Japan,1
Jersey,1
Malta,1
Saudi Arabia,1
Slovakia,1
Ukraine,1
Vietnam,1