﻿pagePath,screenPageViews
/,289
/it/il-meraviglioso-entroterra-di-ibiza-i-paesini-piu-belli/,84
/properties/can-puig-de-mar/,69
/advanced-search/,54
/fr/sublimotion/,53
/fr/,50
/rentals/,48
/es/,39
/de/bibo-park-ibiza-besuch-mit-fuehrung-oeffnungszeiten-und-preise/,32
/it/ricerca-avanzata/,30
/fr/le-merveilleux-arriere-pays-dibiza-les-plus-beaux-villages/,28
/fr/meilleures-plages-ouest-ibiza/,26
/properties/can-bambou/,26
/it/,25
/fr/properties/casa-vella/,24
/it/i-posti-migliori-per-il-tramonto-ibiza-guide-2023/,24
/properties/can-chill/,24
/it/affitto/,23
/properties/fiframar/,23
/es/el-maravilloso-interior-de-ibiza-los-pueblos-mas-bonitos/,22