{
  "titulo": "Análisis de Competencia en Keywords",
  "subtitulo": "Estudio comparativo del posicionamiento vs. competidores principales",
  "periodo": "Últimos 12 meses (Oct 2024 - Sep 2025)",
  "herramientas": ["Ahrefs"],
  "competidores_analizados": [
    {
      "nombre": "Ibiza Luxury Villas",
      "url": "ibizaluxuryvillas.com",
      "autoridad_dominio": 68,
      "keywords_organicas": 3421,
      "trafico_estimado": 24580,
      "posicion": "Líder de mercado"
    },
    {
      "nombre": "Elite Ibiza Properties",
      "url": "eliteibizaproperties.com",
      "autoridad_dominio": 62,
      "keywords_organicas": 2156,
      "trafico_estimado": 18920,
      "posicion": "Competidor fuerte"
    },
    {
      "nombre": "Ibiza Villa Group",
      "url": "ibizavillagroup.com",
      "autoridad_dominio": 58,
      "keywords_organicas": 1847,
      "trafico_estimado": 14230,
      "posicion": "Competidor directo"
    },
    {
      "nombre": "Nuestro Sitio",
      "url": "ibizavilla.com",
      "autoridad_dominio": 54,
      "keywords_organicas": 1247,
      "trafico_estimado": 8420,
      "posicion": "Posición 4"
    },
    {
      "nombre": "Villa Select Ibiza",
      "url": "villaselectibiza.com",
      "autoridad_dominio": 49,
      "keywords_organicas": 892,
      "trafico_estimado": 6350,
      "posicion": "Competidor menor"
    }
  ],
  "comparativa_metricas": {
    "titulo": "Comparativa de Métricas Clave",
    "columnas": ["Competidor", "DA", "Keywords", "Tráfico", "Top 3", "Top 10"],
    "datos": [
      ["Ibiza Luxury Villas", 68, "3,421", "24,580", 156, 487],
      ["Elite Ibiza Properties", 62, "2,156", "18,920", 98, 324],
      ["Ibiza Villa Group", 58, "1,847", "14,230", 76, 289],
      ["Nuestro Sitio", 54, "1,247", "8,420", 45, 168],
      ["Villa Select Ibiza", 49, "892", "6,350", 28, 134]
    ]
  },
  "keyword_gap_analysis": {
    "titulo": "Análisis de Keyword Gap",
    "subtitulo": "Keywords en las que competidores superan al sitio",
    "resumen": {
      "total_gap_keywords": 2174,
      "oportunidades_rapidas": 234,
      "oportunidades_medias": 567,
      "oportunidades_dificiles": 1373
    },
    "top_gap_keywords": [
      {
        "keyword": "luxury villa rental ibiza",
        "posicion_nuestra": null,
        "posicion_competencia": {
          "Ibiza Luxury Villas": 1,
          "Elite Ibiza Properties": 3
        },
        "volumen": 1200,
        "dificultad": 68,
        "oportunidad": "Alta"
      },
      {
        "keyword": "ibiza beach villas",
        "posicion_nuestra": null,
        "posicion_competencia": {
          "Ibiza Luxury Villas": 2,
          "Ibiza Villa Group": 4
        },
        "volumen": 890,
        "dificultad": 64,
        "oportunidad": "Alta"
      },
      {
        "keyword": "exclusive villas ibiza town",
        "posicion_nuestra": null,
        "posicion_competencia": {
          "Elite Ibiza Properties": 1,
          "Ibiza Villa Group": 5
        },
        "volumen": 720,
        "dificultad": 62,
        "oportunidad": "Media"
      },
      {
        "keyword": "villa with pool ibiza",
        "posicion_nuestra": 18,
        "posicion_competencia": {
          "Ibiza Luxury Villas": 2,
          "Elite Ibiza Properties": 4
        },
        "volumen": 980,
        "dificultad": 59,
        "oportunidad": "Alta"
      },
      {
        "keyword": "ibiza villa holidays",
        "posicion_nuestra": 22,
        "posicion_competencia": {
          "Ibiza Luxury Villas": 3,
          "Villa Select Ibiza": 7
        },
        "volumen": 650,
        "dificultad": 56,
        "oportunidad": "Media"
      },
      {
        "keyword": "sea view villas ibiza",
        "posicion_nuestra": null,
        "posicion_competencia": {
          "Ibiza Villa Group": 2,
          "Elite Ibiza Properties": 5
        },
        "volumen": 540,
        "dificultad": 61,
        "oportunidad": "Media"
      },
      {
        "keyword": "ibiza private villa",
        "posicion_nuestra": 15,
        "posicion_competencia": {
          "Ibiza Luxury Villas": 1,
          "Ibiza Villa Group": 3
        },
        "volumen": 780,
        "dificultad": 65,
        "oportunidad": "Alta"
      },
      {
        "keyword": "luxury accommodation ibiza",
        "posicion_nuestra": 24,
        "posicion_competencia": {
          "Elite Ibiza Properties": 2,
          "Ibiza Luxury Villas": 4
        },
        "volumen": 430,
        "dificultad": 58,
        "oportunidad": "Media"
      },
      {
        "keyword": "ibiza villa booking",
        "posicion_nuestra": null,
        "posicion_competencia": {
          "Ibiza Villa Group": 1,
          "Villa Select Ibiza": 6
        },
        "volumen": 820,
        "dificultad": 63,
        "oportunidad": "Alta"
      },
      {
        "keyword": "vip villas ibiza",
        "posicion_nuestra": null,
        "posicion_competencia": {
          "Ibiza Luxury Villas": 3,
          "Elite Ibiza Properties": 6
        },
        "volumen": 390,
        "dificultad": 69,
        "oportunidad": "Media"
      }
    ]
  },
  "keywords_compartidas": {
    "titulo": "Keywords Compartidas con Competencia",
    "subtitulo": "Keywords donde todos compiten",
    "total": 456,
    "datos": [
      {
        "keyword": "alquiler villas ibiza",
        "posiciones": {
          "Nuestro Sitio": 3,
          "Ibiza Luxury Villas": 1,
          "Elite Ibiza Properties": 2,
          "Ibiza Villa Group": 4,
          "Villa Select Ibiza": 7
        },
        "volumen": 2900,
        "distancia_al_lider": 2
      },
      {
        "keyword": "villas lujo ibiza",
        "posiciones": {
          "Nuestro Sitio": 2,
          "Ibiza Luxury Villas": 3,
          "Elite Ibiza Properties": 1,
          "Ibiza Villa Group": 5,
          "Villa Select Ibiza": 8
        },
        "volumen": 1800,
        "distancia_al_lider": -1
      },
      {
        "keyword": "villa ibiza alquiler",
        "posiciones": {
          "Nuestro Sitio": 4,
          "Ibiza Luxury Villas": 2,
          "Elite Ibiza Properties": 3,
          "Ibiza Villa Group": 1,
          "Villa Select Ibiza": 9
        },
        "volumen": 1600,
        "distancia_al_lider": 3
      },
      {
        "keyword": "casas alquiler ibiza",
        "posiciones": {
          "Nuestro Sitio": 7,
          "Ibiza Luxury Villas": 1,
          "Elite Ibiza Properties": 4,
          "Ibiza Villa Group": 3,
          "Villa Select Ibiza": 11
        },
        "volumen": 2800,
        "distancia_al_lider": 6
      },
      {
        "keyword": "ibiza villa rental",
        "posiciones": {
          "Nuestro Sitio": 6,
          "Ibiza Luxury Villas": 2,
          "Elite Ibiza Properties": 1,
          "Ibiza Villa Group": 5,
          "Villa Select Ibiza": 10
        },
        "volumen": 1200,
        "distancia_al_lider": 5
      }
    ]
  },
  "ventajas_competitivas": {
    "titulo": "Ventajas Competitivas Identificadas",
    "nuestras_fortalezas": [
      {
        "area": "Keywords Long Tail",
        "descripcion": "Mejor posicionamiento que competencia en búsquedas específicas (+50 keywords exclusivas)",
        "ejemplo": "alquiler villa 10 personas ibiza piscina playa"
      },
      {
        "area": "Contenido Local",
        "descripcion": "Cobertura superior de zonas específicas (Playa d'en Bossa, Talamanca)",
        "ejemplo": "villas playa d'en bossa"
      },
      {
        "area": "Tasa de Conversión",
        "descripcion": "3.2% vs 2.1% promedio industria (dato interno)",
        "ejemplo": "Mejor calidad de tráfico"
      }
    ],
    "debilidades_detectadas": [
      {
        "area": "Keywords Genéricas",
        "descripcion": "Competencia domina términos de alto volumen",
        "impacto": "Alto"
      },
      {
        "area": "Autoridad de Dominio",
        "descripcion": "DA 54 vs líder DA 68 (-14 puntos)",
        "impacto": "Medio"
      },
      {
        "area": "Contenido Informacional",
        "descripcion": "Blog/guías limitadas vs competencia",
        "impacto": "Medio"
      }
    ]
  },
  "estrategia_diferenciacion": {
    "titulo": "Estrategias de Diferenciación",
    "recomendaciones": [
      {
        "estrategia": "Enfoque en Long Tail Premium",
        "descripcion": "Crear contenido ultra-específico para búsquedas de alto valor",
        "keywords_objetivo": [
          "luxury 5 bedroom villa ibiza private chef",
          "beachfront villa ibiza 12 guests pool",
          "exclusive villa ibiza sunset views talamanca"
        ],
        "esfuerzo": "Medio",
        "impacto_esperado": "Alto ROI",
        "tiempo": "3-4 meses"
      },
      {
        "estrategia": "Contenido por Zonas Geográficas",
        "descripcion": "Crear landing pages por cada zona de Ibiza",
        "keywords_objetivo": [
          "villas [zona] ibiza",
          "alquiler [zona] lujo",
          "casas [zona] playa"
        ],
        "esfuerzo": "Alto",
        "impacto_esperado": "Medio-Alto",
        "tiempo": "2-3 meses"
      },
      {
        "estrategia": "Blog de Experiencias Premium",
        "descripcion": "Contenido informacional de alta calidad (guías, eventos, lifestyle)",
        "keywords_objetivo": [
          "mejores playas ibiza",
          "eventos exclusivos ibiza 2025",
          "restaurantes lujo ibiza"
        ],
        "esfuerzo": "Alto",
        "impacto_esperado": "Medio (largo plazo)",
        "tiempo": "6-12 meses"
      }
    ]
  },
  "conclusiones": [
    "El sitio ocupa la 4ª posición en el mercado de villas de lujo en Ibiza, con margen de crecimiento",
    "Gap de 2,174 keywords vs competencia, de las cuales 234 son oportunidades de rápida implementación",
    "Fortaleza en long tail y contenido local específico puede ser ventaja competitiva diferenciadora",
    "Necesidad urgente de mejorar en keywords genéricas de alto volumen (mayor impacto en tráfico)",
    "La diferencia de DA (-14 puntos vs líder) requiere estrategia de link building paralela"
  ],
  "proximos_pasos": [
    {
      "prioridad": "Crítica",
      "accion": "Atacar las 234 oportunidades rápidas identificadas en keyword gap",
      "plazo": "1-2 meses"
    },
    {
      "prioridad": "Alta",
      "accion": "Implementar estrategia de contenido por zonas geográficas",
      "plazo": "2-3 meses"
    },
    {
      "prioridad": "Alta",
      "accion": "Mejorar posiciones en 5 keywords compartidas principales (distancia al líder < 5)",
      "plazo": "3-4 meses"
    },
    {
      "prioridad": "Media",
      "accion": "Lanzar blog de experiencias premium para keywords informacionales",
      "plazo": "6 meses"
    }
  ]
}
