{
  "titulo": "Keyword Mapping Estratégico",
  "subtitulo": "Asignación de keywords a URLs y estrategia de contenido",
  "periodo": "Plan Q4 2025 - Q1 2026",
  "herramientas": ["Ahrefs", "Google Search Console", "Screaming Frog"],
  "resumen_ejecutivo": {
    "total_urls_mapeadas": 127,
    "keywords_asignadas": 1247,
    "urls_nuevas_propuestas": 45,
    "urls_optimizar": 82,
    "keywords_huerfanas": 156
  },
  "metricas_mapping": [
    {
      "label": "URLs Mapeadas",
      "valor": "127",
      "icono": "fa-link",
      "descripcion": "Páginas con keywords asignadas"
    },
    {
      "label": "Keywords Asignadas",
      "valor": "1,247",
      "icono": "fa-key",
      "descripcion": "Keywords distribuidas en el sitio"
    },
    {
      "label": "Nuevas URLs",
      "valor": "45",
      "icono": "fa-plus-circle",
      "descripcion": "Landing pages a crear"
    },
    {
      "label": "Keywords Huérfanas",
      "valor": "156",
      "icono": "fa-exclamation-triangle",
      "descripcion": "Sin página específica asignada"
    }
  ],
  "estructura_sitio": {
    "titulo": "Estructura de Contenido por Tipo de Página",
    "categorias": [
      {
        "tipo": "Homepage",
        "total_urls": 1,
        "keywords_asignadas": 8,
        "intención": "Navegacional/Marca",
        "ejemplo_url": "/",
        "keywords_principales": [
          "ibiza villa",
          "alquiler villas lujo ibiza",
          "luxury villa rental ibiza"
        ],
        "prioridad": "Crítica",
        "estado": "Optimizar"
      },
      {
        "tipo": "Categorías Principales",
        "total_urls": 6,
        "keywords_asignadas": 78,
        "intención": "Transaccional Alta",
        "ejemplo_url": "/villas-lujo-ibiza",
        "keywords_principales": [
          "villas lujo ibiza",
          "casas alquiler ibiza",
          "luxury villas ibiza"
        ],
        "prioridad": "Crítica",
        "estado": "Optimizar"
      },
      {
        "tipo": "Landing Pages Zonales",
        "total_urls": 18,
        "keywords_asignadas": 234,
        "intención": "Transaccional Media",
        "ejemplo_url": "/villas-playa-den-bossa",
        "keywords_principales": [
          "villas [zona] ibiza",
          "alquiler [zona]",
          "casas lujo [zona]"
        ],
        "prioridad": "Alta",
        "estado": "Crear 8 nuevas"
      },
      {
        "tipo": "Fichas de Villas",
        "total_urls": 45,
        "keywords_asignadas": 312,
        "intención": "Transaccional Alta",
        "ejemplo_url": "/villas/villa-sunset-sea-view",
        "keywords_principales": [
          "villa [nombre] ibiza",
          "alquiler villa [características]"
        ],
        "prioridad": "Media",
        "estado": "Optimizar fichas existentes"
      },
      {
        "tipo": "Landing Pages Servicios",
        "total_urls": 8,
        "keywords_asignadas": 89,
        "intención": "Transaccional Media",
        "ejemplo_url": "/servicios/chef-privado",
        "keywords_principales": [
          "villa ibiza chef privado",
          "alquiler villa servicios incluidos"
        ],
        "prioridad": "Media",
        "estado": "Crear 5 nuevas"
      },
      {
        "tipo": "Blog/Contenido Informacional",
        "total_urls": 24,
        "keywords_asignadas": 178,
        "intención": "Informacional",
        "ejemplo_url": "/blog/mejores-playas-ibiza",
        "keywords_principales": [
          "mejores playas ibiza",
          "qué hacer en ibiza",
          "guía ibiza 2025"
        ],
        "prioridad": "Alta",
        "estado": "Crear 30 artículos nuevos"
      },
      {
        "tipo": "Landing Pages Eventos",
        "total_urls": 4,
        "keywords_asignadas": 45,
        "intención": "Transaccional Estacional",
        "ejemplo_url": "/eventos/closing-parties-ibiza",
        "keywords_principales": [
          "villa ibiza closing parties",
          "alquiler nochevieja ibiza"
        ],
        "prioridad": "Media",
        "estado": "Crear 3 nuevas"
      },
      {
        "tipo": "Landing Pages Especializadas",
        "total_urls": 12,
        "keywords_asignadas": 156,
        "intención": "Long Tail Premium",
        "ejemplo_url": "/villas-eco-friendly",
        "keywords_principales": [
          "villa eco friendly ibiza",
          "villa yoga retreat ibiza",
          "workation villa ibiza"
        ],
        "prioridad": "Alta",
        "estado": "Crear 8 nuevas"
      }
    ]
  },
  "mapping_detallado": {
    "titulo": "Mapping Detallado Top URLs",
    "urls": [
      {
        "url": "/villas-lujo-ibiza",
        "tipo": "Categoría Principal",
        "estado": "Activa - Optimizar",
        "keyword_principal": "villas lujo ibiza",
        "keywords_secundarias": [
          "luxury villas ibiza",
          "alquiler villas exclusivas ibiza",
          "casas lujo ibiza"
        ],
        "keywords_long_tail": [
          "villas lujo ibiza piscina privada",
          "alquiler villas lujo ibiza semana"
        ],
        "posicion_actual": 2,
        "objetivo_posicion": 1,
        "trafico_actual": 756,
        "trafico_potencial": 1200,
        "acciones": [
          "Expandir contenido a 2500+ palabras",
          "Añadir sección comparativa de villas",
          "Mejorar estructura H2/H3",
          "Actualizar meta description",
          "Añadir schema markup"
        ]
      },
      {
        "url": "/villas-playa-den-bossa",
        "tipo": "Landing Zonal",
        "estado": "Activa - Optimizar",
        "keyword_principal": "villas playa d'en bossa",
        "keywords_secundarias": [
          "alquiler playa d'en bossa",
          "casas playa d'en bossa",
          "villa primera linea playa d'en bossa"
        ],
        "keywords_long_tail": [
          "villa lujo playa d'en bossa 10 personas",
          "alquiler vacaciones playa d'en bossa"
        ],
        "posicion_actual": 6,
        "objetivo_posicion": 3,
        "trafico_actual": 167,
        "trafico_potencial": 420,
        "acciones": [
          "Crear contenido único sobre la zona",
          "Añadir mapa interactivo",
          "Galería de fotos de la zona",
          "Sección 'Por qué Playa d'en Bossa'",
          "Testimonios específicos de la zona"
        ]
      },
      {
        "url": "/servicios/chef-privado",
        "tipo": "Landing Servicio",
        "estado": "Activa - Optimizar",
        "keyword_principal": "villa ibiza chef privado",
        "keywords_secundarias": [
          "alquiler villa chef incluido ibiza",
          "villa lujo chef privado",
          "servicio chef privado ibiza"
        ],
        "keywords_long_tail": [
          "villa ibiza chef michelin privado",
          "alquiler villa catering chef ibiza"
        ],
        "posicion_actual": 8,
        "objetivo_posicion": 3,
        "trafico_actual": 89,
        "trafico_potencial": 280,
        "acciones": [
          "Añadir perfiles de chefs disponibles",
          "Menús de ejemplo con fotos",
          "Precios y paquetes detallados",
          "Galería de experiencias culinarias",
          "Testimonios de clientes"
        ]
      },
      {
        "url": "/villas-eco-friendly",
        "tipo": "Landing Especializada",
        "estado": "Nueva - Crear",
        "keyword_principal": "villa eco friendly ibiza",
        "keywords_secundarias": [
          "villa sustentable ibiza",
          "alquiler villa ecológica ibiza",
          "eco villa ibiza"
        ],
        "keywords_long_tail": [
          "villa solar panels ibiza",
          "sustainable luxury villa ibiza"
        ],
        "posicion_actual": null,
        "objetivo_posicion": 3,
        "trafico_actual": 0,
        "trafico_potencial": 380,
        "acciones": [
          "Crear contenido completo sobre sostenibilidad",
          "Certificaciones y prácticas eco",
          "Catálogo de villas eco-friendly",
          "Guía de turismo responsable",
          "Blog sobre sostenibilidad en Ibiza"
        ]
      },
      {
        "url": "/blog/mejores-playas-ibiza-2025",
        "tipo": "Blog Informacional",
        "estado": "Nueva - Crear",
        "keyword_principal": "mejores playas ibiza",
        "keywords_secundarias": [
          "playas secretas ibiza",
          "calas escondidas ibiza",
          "mejores calas ibiza"
        ],
        "keywords_long_tail": [
          "playas familiares ibiza niños",
          "calas tranquilas ibiza sin gente"
        ],
        "posicion_actual": null,
        "objetivo_posicion": 5,
        "trafico_actual": 0,
        "trafico_potencial": 890,
        "acciones": [
          "Artículo 3000+ palabras",
          "Mapa interactivo de playas",
          "Fotos de alta calidad",
          "Consejos prácticos por playa",
          "CTA hacia villas cercanas"
        ]
      }
    ]
  },
  "clusters_tematicos": {
    "titulo": "Clusters Temáticos de Contenido",
    "descripcion": "Agrupación de keywords por temas para crear hubs de contenido",
    "clusters": [
      {
        "tema": "Villas por Zona Geográfica",
        "pillar_page": "/villas-por-zona-ibiza",
        "total_keywords": 234,
        "estado": "Crear hub",
        "sub_topicos": [
          {
            "nombre": "Playa d'en Bossa",
            "url": "/villas-playa-den-bossa",
            "keywords": 28,
            "estado": "Optimizar"
          },
          {
            "nombre": "Talamanca",
            "url": "/villas-talamanca",
            "keywords": 22,
            "estado": "Crear"
          },
          {
            "nombre": "Santa Eulalia",
            "url": "/villas-santa-eulalia",
            "keywords": 31,
            "estado": "Crear"
          },
          {
            "nombre": "San Antonio",
            "url": "/villas-san-antonio",
            "keywords": 19,
            "estado": "Crear"
          },
          {
            "nombre": "Ibiza Town",
            "url": "/villas-ibiza-town",
            "keywords": 24,
            "estado": "Crear"
          },
          {
            "nombre": "Cala Jondal",
            "url": "/villas-cala-jondal",
            "keywords": 18,
            "estado": "Crear"
          }
        ],
        "prioridad": "Crítica"
      },
      {
        "tema": "Villas por Características",
        "pillar_page": "/villas-caracteristicas-especiales",
        "total_keywords": 178,
        "estado": "Crear hub",
        "sub_topicos": [
          {
            "nombre": "Piscina Infinita",
            "url": "/villas-piscina-infinita",
            "keywords": 34,
            "estado": "Crear"
          },
          {
            "nombre": "Primera Línea de Playa",
            "url": "/villas-primera-linea",
            "keywords": 42,
            "estado": "Crear"
          },
          {
            "nombre": "Con Spa Privado",
            "url": "/villas-spa-privado",
            "keywords": 28,
            "estado": "Crear"
          },
          {
            "nombre": "Grandes Grupos (10+ personas)",
            "url": "/villas-grandes-grupos",
            "keywords": 39,
            "estado": "Crear"
          },
          {
            "nombre": "Pet-Friendly",
            "url": "/villas-mascotas",
            "keywords": 19,
            "estado": "Crear"
          }
        ],
        "prioridad": "Alta"
      },
      {
        "tema": "Experiencias Premium",
        "pillar_page": "/experiencias-lujo-ibiza",
        "total_keywords": 156,
        "estado": "Crear hub",
        "sub_topicos": [
          {
            "nombre": "Chef Privado",
            "url": "/servicios/chef-privado",
            "keywords": 32,
            "estado": "Optimizar"
          },
          {
            "nombre": "Yoga & Wellness Retreats",
            "url": "/experiencias/yoga-wellness",
            "keywords": 38,
            "estado": "Crear"
          },
          {
            "nombre": "Workation & Digital Nomads",
            "url": "/experiencias/workation",
            "keywords": 29,
            "estado": "Crear"
          },
          {
            "nombre": "Eventos Privados",
            "url": "/experiencias/eventos-privados",
            "keywords": 31,
            "estado": "Crear"
          },
          {
            "nombre": "Concierge Services",
            "url": "/servicios/concierge",
            "keywords": 26,
            "estado": "Crear"
          }
        ],
        "prioridad": "Alta"
      },
      {
        "tema": "Guías y Contenido Informacional",
        "pillar_page": "/guia-completa-ibiza",
        "total_keywords": 289,
        "estado": "Crear hub",
        "sub_topicos": [
          {
            "nombre": "Mejores Playas",
            "url": "/blog/mejores-playas-ibiza",
            "keywords": 67,
            "estado": "Crear"
          },
          {
            "nombre": "Restaurantes y Beach Clubs",
            "url": "/blog/mejores-restaurantes-ibiza",
            "keywords": 52,
            "estado": "Crear"
          },
          {
            "nombre": "Vida Nocturna",
            "url": "/blog/clubbing-ibiza-guia",
            "keywords": 48,
            "estado": "Crear"
          },
          {
            "nombre": "Actividades Familiares",
            "url": "/blog/ibiza-con-ninos",
            "keywords": 39,
            "estado": "Crear"
          },
          {
            "nombre": "Calendario de Eventos",
            "url": "/blog/eventos-ibiza-2025",
            "keywords": 43,
            "estado": "Crear"
          },
          {
            "nombre": "Consejos de Viaje",
            "url": "/blog/consejos-viajar-ibiza",
            "keywords": 40,
            "estado": "Crear"
          }
        ],
        "prioridad": "Media"
      }
    ]
  },
  "keywords_huerfanas": {
    "titulo": "Keywords sin URL Asignada",
    "descripcion": "Keywords de valor que requieren creación de contenido nuevo",
    "total": 156,
    "categorias": [
      {
        "categoria": "Alta Prioridad - Crear Urgente",
        "keywords": [
          {
            "keyword": "villa ibiza nochevieja 2025",
            "volumen": 820,
            "dificultad": 42,
            "url_propuesta": "/eventos/nochevieja-ibiza-2025",
            "tipo_contenido": "Landing Event Estacional"
          },
          {
            "keyword": "luxury villa rental ibiza",
            "volumen": 1200,
            "dificultad": 68,
            "url_propuesta": "/luxury-villa-rental",
            "tipo_contenido": "Landing Principal EN"
          },
          {
            "keyword": "villa ibiza booking last minute",
            "volumen": 650,
            "dificultad": 56,
            "url_propuesta": "/ofertas-ultima-hora",
            "tipo_contenido": "Landing Ofertas"
          }
        ]
      },
      {
        "categoria": "Media Prioridad - Planificar",
        "keywords": [
          {
            "keyword": "comparar villas ibiza precios",
            "volumen": 430,
            "dificultad": 48,
            "url_propuesta": "/comparador-villas",
            "tipo_contenido": "Herramienta Comparativa"
          },
          {
            "keyword": "villa ibiza opiniones clientes",
            "volumen": 380,
            "dificultad": 44,
            "url_propuesta": "/opiniones-clientes",
            "tipo_contenido": "Página Reviews"
          }
        ]
      }
    ]
  },
  "estrategia_internal_linking": {
    "titulo": "Estrategia de Enlazado Interno",
    "descripcion": "Distribución de autoridad y mejora de crawlability",
    "pilares": [
      {
        "tipo": "Homepage",
        "prioridad": "Máxima",
        "enlaces_salida": 12,
        "destinos": ["Categorías principales", "Top villas", "Blog destacado"],
        "estrategia": "Distribuir autoridad hacia categorías transaccionales principales"
      },
      {
        "tipo": "Categorías Principales",
        "prioridad": "Alta",
        "enlaces_salida": 20,
        "destinos": ["Subcategorías zonales", "Fichas de villas", "Servicios relacionados"],
        "estrategia": "Hub de distribución hacia contenido específico"
      },
      {
        "tipo": "Landing Pages Zonales",
        "prioridad": "Alta",
        "enlaces_salida": 15,
        "destinos": ["Fichas villas de la zona", "Contenido informacional zona", "Zonas cercanas"],
        "estrategia": "Crear silo geográfico coherente"
      },
      {
        "tipo": "Blog/Contenido Informacional",
        "prioridad": "Media",
        "enlaces_salida": 8,
        "destinos": ["Landing pages transaccionales", "Otros artículos relacionados", "Fichas villas"],
        "estrategia": "Captura informacional → conversión transaccional"
      }
    ],
    "reglas_enlazado": [
      "Máximo 3-4 enlaces contextuales por artículo de blog hacia landing pages transaccionales",
      "Enlaces desde homepage solo a páginas críticas (máximo 12 enlaces totales)",
      "Implementar breadcrumbs en todas las páginas para mejorar estructura",
      "Crear enlaces relacionados automáticos entre villas de misma zona",
      "Sección 'Artículos relacionados' en cada página de blog (4-6 enlaces)"
    ]
  },
  "calendario_implementacion": {
    "titulo": "Calendario de Implementación por Trimestres",
    "q4_2025": {
      "periodo": "Oct-Dic 2025",
      "prioridad": "Crítica",
      "acciones": [
        "Optimizar 25 URLs existentes con mayor potencial",
        "Crear 12 landing pages zonales nuevas",
        "Lanzar hub de 'Villas por Zona Geográfica'",
        "Implementar estrategia de internal linking",
        "Crear 15 artículos de blog informativos"
      ],
      "urls_nuevas": 27,
      "keywords_objetivo": 456
    },
    "q1_2026": {
      "periodo": "Ene-Mar 2026",
      "prioridad": "Alta",
      "acciones": [
        "Crear landing pages de características especiales",
        "Lanzar hub de 'Experiencias Premium'",
        "Desarrollar contenido estacional pre-temporada",
        "Crear 20 artículos de blog adicionales",
        "Implementar versiones EN de páginas principales"
      ],
      "urls_nuevas": 18,
      "keywords_objetivo": 378
    }
  },
  "conclusiones": [
    "127 URLs actualmente mapeadas con 1,247 keywords asignadas, estructura sólida pero con margen de crecimiento",
    "156 keywords huérfanas de alta valor requieren creación de 45 nuevas landing pages en próximos 6 meses",
    "Estrategia de clusters temáticos permitirá crear 4 hubs de contenido que distribuirán autoridad eficientemente",
    "Landing pages zonales son la oportunidad #1: solo 18 activas de 30+ zonas potenciales en Ibiza",
    "Internal linking strategy implementada correctamente puede aumentar posiciones promedio en 2-3 posiciones"
  ],
  "recomendaciones": [
    {
      "prioridad": "Crítica",
      "titulo": "Crear 12 landing pages zonales en Q4 2025",
      "descripcion": "Talamanca, Santa Eulalia, San Antonio, etc. tienen alta demanda y baja competencia. ROI estimado +280% en 4 meses.",
      "plazo": "Oct-Dic 2025"
    },
    {
      "prioridad": "Crítica",
      "titulo": "Implementar internal linking strategy",
      "descripcion": "Redistribuir autoridad desde homepage y categorías principales hacia páginas específicas. Impacto en 2-3 semanas.",
      "plazo": "Octubre 2025"
    },
    {
      "prioridad": "Alta",
      "titulo": "Optimizar las 25 URLs de mayor potencial",
      "descripcion": "Expandir contenido, mejorar estructura, actualizar meta tags en URLs que están en posiciones 4-10.",
      "plazo": "Oct-Nov 2025"
    },
    {
      "prioridad": "Alta",
      "titulo": "Lanzar hub de contenido 'Guía Completa Ibiza'",
      "descripcion": "Crear pillar page + 20 artículos de blog para capturar tráfico informacional y nutrir embudo de conversión.",
      "plazo": "Nov 2025 - Ene 2026"
    }
  ]
}
