{
  "titulo": "Análisis de Keywords Actuales",
  "subtitulo": "Estado actual del posicionamiento orgánico del sitio",
  "periodo": "Últimos 12 meses (Oct 2024 - Sep 2025)",
  "herramientas": ["Google Search Console", "Ahrefs"],
  "resumen_ejecutivo": {
    "total_keywords": 1247,
    "keywords_top3": 45,
    "keywords_top10": 168,
    "keywords_top100": 892,
    "variacion_mensual": "+8.3%",
    "trafico_estimado_mensual": 8420
  },
  "metricas_principales": [
    {
      "label": "Total Keywords",
      "valor": "1,247",
      "icono": "fa-key",
      "variacion": 8.3,
      "tendencia": "positiva"
    },
    {
      "label": "Keywords Top 3",
      "valor": "45",
      "icono": "fa-trophy",
      "variacion": 15.4,
      "tendencia": "positiva"
    },
    {
      "label": "Keywords Top 10",
      "valor": "168",
      "icono": "fa-star",
      "variacion": 12.1,
      "tendencia": "positiva"
    },
    {
      "label": "Tráfico Estimado",
      "valor": "8,420",
      "icono": "fa-users",
      "variacion": 11.8,
      "tendencia": "positiva",
      "unidad": "visitas/mes"
    }
  ],
  "evolucion_temporal": {
    "titulo": "Evolución de Keywords por Posición",
    "tipo": "line",
    "labels": ["Oct 24", "Nov 24", "Dic 24", "Ene 25", "Feb 25", "Mar 25", "Abr 25", "May 25", "Jun 25", "Jul 25", "Ago 25", "Sep 25"],
    "datasets": [
      {
        "label": "Top 3",
        "data": [38, 39, 41, 42, 44, 43, 44, 46, 45, 47, 46, 45],
        "borderColor": "#28a745",
        "backgroundColor": "rgba(40, 167, 69, 0.1)",
        "tension": 0.4
      },
      {
        "label": "Top 10",
        "data": [142, 145, 148, 152, 155, 158, 162, 165, 168, 170, 169, 168],
        "borderColor": "#54a34a",
        "backgroundColor": "rgba(84, 163, 74, 0.1)",
        "tension": 0.4
      },
      {
        "label": "Top 100",
        "data": [812, 823, 835, 848, 856, 863, 871, 878, 885, 890, 891, 892],
        "borderColor": "#6c757d",
        "backgroundColor": "rgba(108, 117, 125, 0.1)",
        "tension": 0.4
      }
    ]
  },
  "top_keywords": {
    "titulo": "Top 20 Keywords por Tráfico",
    "columnas": ["#", "Keyword", "Posición", "Volumen", "Tráfico", "Variación"],
    "datos": [
      [1, "alquiler villas ibiza", 3, "2,900", "812", "+2"],
      [2, "villas lujo ibiza", 2, "1,800", "756", "="],
      [3, "alquiler casa ibiza", 5, "3,400", "645", "-1"],
      [4, "villa ibiza alquiler", 4, "1,600", "534", "+1"],
      [5, "casas alquiler ibiza", 7, "2,800", "478", "+3"],
      [6, "alquiler villas lujo ibiza", 1, "890", "445", "="],
      [7, "ibiza villa rental", 6, "1,200", "389", "-2"],
      [8, "luxury villas ibiza", 4, "980", "367", "+1"],
      [9, "ibiza house rental", 8, "1,500", "312", "+2"],
      [10, "villas ibiza playa", 9, "890", "278", "="],
      [11, "alquiler villa ibiza piscina", 5, "780", "245", "+4"],
      [12, "ibiza vacation rentals", 7, "720", "234", "-1"],
      [13, "casa lujo ibiza", 11, "650", "189", "+2"],
      [14, "alquiler vacacional ibiza", 12, "890", "178", "+1"],
      [15, "villas ibiza playa d'en bossa", 6, "450", "167", "="],
      [16, "ibiza luxury accommodation", 10, "520", "156", "+3"],
      [17, "alquiler villa ibiza semana", 8, "430", "145", "-2"],
      [18, "ibiza beachfront villas", 13, "380", "134", "+1"],
      [19, "villa con piscina ibiza", 9, "490", "128", "="],
      [20, "exclusive villas ibiza", 14, "340", "112", "+2"]
    ]
  },
  "distribucion_posiciones": {
    "titulo": "Distribución de Keywords por Rango de Posición",
    "tipo": "bar",
    "labels": ["Top 3", "4-10", "11-20", "21-50", "51-100", "100+"],
    "valores": [45, 123, 187, 345, 192, 355],
    "colores": ["#28a745", "#54a34a", "#6ab85e", "#ffc107", "#fd7e14", "#dc3545"]
  },
  "keywords_por_categoria": {
    "titulo": "Keywords por Categoría de Intención",
    "datos": [
      {
        "categoria": "Transaccionales",
        "total": 456,
        "top10": 78,
        "porcentaje": 36.6,
        "ejemplos": ["alquiler villas ibiza", "villa ibiza alquiler", "ibiza villa rental"]
      },
      {
        "categoria": "Informacionales",
        "total": 387,
        "top10": 45,
        "porcentaje": 31.0,
        "ejemplos": ["mejores playas ibiza", "qué ver en ibiza", "guía ibiza"]
      },
      {
        "categoria": "Navegacionales",
        "total": 234,
        "top10": 32,
        "porcentaje": 18.8,
        "ejemplos": ["ibiza villa real estate", "ibizavilla.com", "contacto ibiza villa"]
      },
      {
        "categoria": "Long Tail",
        "total": 170,
        "top10": 13,
        "porcentaje": 13.6,
        "ejemplos": ["alquiler villa 10 personas ibiza con piscina", "casa lujo ibiza playa talamanca agosto"]
      }
    ]
  },
  "analisis_competitividad": {
    "titulo": "Nivel de Competitividad de Keywords",
    "datos": [
      {"nivel": "Baja", "cantidad": 245, "porcentaje": 19.6, "color": "#28a745"},
      {"nivel": "Media", "cantidad": 567, "porcentaje": 45.5, "color": "#ffc107"},
      {"nivel": "Alta", "cantidad": 435, "porcentaje": 34.9, "color": "#dc3545"}
    ]
  },
  "conclusiones": [
    "El sitio tiene una buena base de keywords posicionadas (1,247 total) con tendencia creciente del 8.3% mensual",
    "45 keywords en Top 3 generan el 35% del tráfico orgánico total del sitio",
    "Las keywords transaccionales (36.6%) son las mejor posicionadas, indicando buen enfoque comercial",
    "Existe oportunidad de mejorar 123 keywords que están en posiciones 4-10 para llevarlas a Top 3",
    "El 34.9% de keywords tienen alta competitividad, requiriendo estrategia de contenidos y enlaces"
  ],
  "recomendaciones": [
    {
      "prioridad": "Alta",
      "titulo": "Optimizar keywords en posiciones 4-10",
      "descripcion": "Enfocarse en las 123 keywords que están cerca del Top 3. Con optimizaciones on-page pueden generar +40% de tráfico.",
      "esfuerzo": "Medio",
      "impacto": "Alto"
    },
    {
      "prioridad": "Alta",
      "titulo": "Crear contenido para long tail",
      "descripcion": "Las 170 keywords long tail tienen baja competencia pero generan conversiones de calidad.",
      "esfuerzo": "Bajo",
      "impacto": "Medio"
    },
    {
      "prioridad": "Media",
      "titulo": "Ampliar cobertura informacional",
      "descripcion": "Solo 387 keywords informacionales. Crear blog/guías puede triplicar este número.",
      "esfuerzo": "Alto",
      "impacto": "Alto"
    },
    {
      "prioridad": "Media",
      "titulo": "Defender posiciones Top 3",
      "descripcion": "Monitorizar las 45 keywords en Top 3 para mantener su posición ante competencia.",
      "esfuerzo": "Bajo",
      "impacto": "Crítico"
    }
  ]
}
