{
  "titulo": "Oportunidades de Keywords",
  "subtitulo": "Keywords estratégicas para crecimiento orgánico",
  "periodo": "Análisis Octubre 2025",
  "herramientas": ["Ahrefs", "Google Keyword Planner"],
  "resumen_ejecutivo": {
    "total_oportunidades": 487,
    "oportunidades_alta_prioridad": 89,
    "trafico_potencial_mensual": 15680,
    "valor_estimado_mensual": "€18,450"
  },
  "metricas_oportunidades": [
    {
      "label": "Total Oportunidades",
      "valor": "487",
      "icono": "fa-lightbulb",
      "descripcion": "Keywords identificadas con potencial"
    },
    {
      "label": "Alta Prioridad",
      "valor": "89",
      "icono": "fa-star",
      "descripcion": "Máxima rentabilidad esfuerzo/resultado"
    },
    {
      "label": "Tráfico Potencial",
      "valor": "15,680",
      "icono": "fa-users",
      "descripcion": "Visitas adicionales estimadas/mes"
    },
    {
      "label": "Valor Estimado",
      "valor": "€18,450",
      "icono": "fa-euro-sign",
      "descripcion": "Valor en tráfico orgánico/mes"
    }
  ],
  "categorias_oportunidades": [
    {
      "categoria": "Quick Wins",
      "descripcion": "Bajo esfuerzo, alto impacto. Resultados en 1-2 meses",
      "total_keywords": 89,
      "trafico_potencial": 4280,
      "dificultad_promedio": 42,
      "esfuerzo": "Bajo",
      "prioridad": "Crítica",
      "color": "#28a745",
      "ejemplos": [
        {
          "keyword": "villa lujo santa eulalia",
          "posicion_actual": 12,
          "posicion_objetivo": 3,
          "volumen": 320,
          "dificultad": 38,
          "cpc": "€4.20",
          "accion": "Optimizar on-page + 2-3 backlinks"
        },
        {
          "keyword": "alquiler casa ibiza semana",
          "posicion_actual": 11,
          "posicion_objetivo": 5,
          "volumen": 540,
          "dificultad": 41,
          "cpc": "€3.80",
          "accion": "Mejorar contenido + internal linking"
        },
        {
          "keyword": "villa piscina privada ibiza",
          "posicion_actual": 14,
          "posicion_objetivo": 6,
          "volumen": 450,
          "dificultad": 44,
          "cpc": "€4.50",
          "accion": "Crear landing específica"
        }
      ]
    },
    {
      "categoria": "Crecimiento Sostenido",
      "descripcion": "Esfuerzo moderado, impacto medio-alto. Resultados en 3-4 meses",
      "total_keywords": 178,
      "trafico_potencial": 6890,
      "dificultad_promedio": 56,
      "esfuerzo": "Medio",
      "prioridad": "Alta",
      "color": "#ffc107",
      "ejemplos": [
        {
          "keyword": "luxury villa ibiza sea view",
          "posicion_actual": null,
          "posicion_objetivo": 8,
          "volumen": 720,
          "dificultad": 58,
          "cpc": "€5.60",
          "accion": "Crear contenido nuevo + link building"
        },
        {
          "keyword": "ibiza villa 10 personas",
          "posicion_actual": 18,
          "posicion_objetivo": 7,
          "volumen": 890,
          "dificultad": 52,
          "cpc": "€4.10",
          "accion": "Expandir contenido + optimización técnica"
        },
        {
          "keyword": "casas vacaciones ibiza playa",
          "posicion_actual": 22,
          "posicion_objetivo": 10,
          "volumen": 650,
          "dificultad": 59,
          "cpc": "€3.90",
          "accion": "Reforzar autoridad temática"
        }
      ]
    },
    {
      "categoria": "Long Tail Premium",
      "descripcion": "Bajo volumen, alta conversión. Nichos específicos",
      "total_keywords": 156,
      "trafico_potencial": 2340,
      "dificultad_promedio": 34,
      "esfuerzo": "Bajo",
      "prioridad": "Media",
      "color": "#17a2b8",
      "ejemplos": [
        {
          "keyword": "villa lujo 12 personas piscina infinita ibiza",
          "posicion_actual": null,
          "posicion_objetivo": 3,
          "volumen": 90,
          "dificultad": 28,
          "cpc": "€6.80",
          "accion": "Crear página ultra-específica"
        },
        {
          "keyword": "alquiler villa ibiza agosto familia chef privado",
          "posicion_actual": null,
          "posicion_objetivo": 2,
          "volumen": 70,
          "dificultad": 32,
          "cpc": "€7.20",
          "accion": "Contenido detallado + servicios"
        },
        {
          "keyword": "casa lujo primera linea playa talamanca",
          "posicion_actual": 24,
          "posicion_objetivo": 5,
          "volumen": 110,
          "dificultad": 36,
          "cpc": "€5.90",
          "accion": "Optimizar geolocalización"
        }
      ]
    },
    {
      "categoria": "Inversión Estratégica",
      "descripcion": "Alto esfuerzo, alto impacto a largo plazo. Resultados en 6-12 meses",
      "total_keywords": 64,
      "trafico_potencial": 2170,
      "dificultad_promedio": 68,
      "esfuerzo": "Alto",
      "prioridad": "Media",
      "color": "#6c757d",
      "ejemplos": [
        {
          "keyword": "luxury villa rental ibiza",
          "posicion_actual": null,
          "posicion_objetivo": 5,
          "volumen": 1200,
          "dificultad": 68,
          "cpc": "€6.20",
          "accion": "Campaña link building + contenido excepcional"
        },
        {
          "keyword": "ibiza beach villas",
          "posicion_actual": null,
          "posicion_objetivo": 7,
          "volumen": 890,
          "dificultad": 64,
          "cpc": "€5.40",
          "accion": "Hub de contenido + autoridad"
        },
        {
          "keyword": "exclusive villas ibiza",
          "posicion_actual": 28,
          "posicion_objetivo": 8,
          "volumen": 780,
          "dificultad": 71,
          "cpc": "€7.80",
          "accion": "Estrategia integral 360°"
        }
      ]
    }
  ],
  "analisis_estacional": {
    "titulo": "Análisis de Estacionalidad",
    "descripcion": "Oportunidades según temporada turística",
    "temporadas": [
      {
        "nombre": "Temporada Alta",
        "meses": "Jun - Sep",
        "keywords_objetivo": 145,
        "pico_busquedas": "+340%",
        "prioridad": "Crítica",
        "ejemplos": ["villa ibiza agosto", "alquiler vacaciones verano ibiza", "casa playa ibiza julio"]
      },
      {
        "nombre": "Temporada Media",
        "meses": "Abr-May, Oct",
        "keywords_objetivo": 98,
        "pico_busquedas": "+120%",
        "prioridad": "Alta",
        "ejemplos": ["villa ibiza primavera", "alquiler ibiza mayo", "weekend ibiza octubre"]
      },
      {
        "nombre": "Temporada Baja",
        "meses": "Nov - Mar",
        "keywords_objetivo": 67,
        "pico_busquedas": "-40%",
        "prioridad": "Media",
        "ejemplos": ["villa ibiza invierno", "long stay ibiza", "retiro ibiza winter"]
      }
    ],
    "eventos_especiales": [
      {
        "evento": "Closing Parties (Sep-Oct)",
        "keywords": ["villa ibiza closing", "alquiler ibiza septiembre fiestas"],
        "volumen_pico": "2,400/mes"
      },
      {
        "evento": "Año Nuevo",
        "keywords": ["villa ibiza nochevieja", "alquiler ibiza fin de año"],
        "volumen_pico": "1,800/mes"
      },
      {
        "evento": "Semana Santa",
        "keywords": ["villa ibiza semana santa", "easter villa ibiza"],
        "volumen_pico": "1,200/mes"
      }
    ]
  },
  "analisis_intencion": {
    "titulo": "Análisis por Intención de Búsqueda",
    "distribución": [
      {
        "tipo": "Transaccional Alta",
        "descripcion": "Usuario listo para reservar",
        "total": 234,
        "conversion_esperada": "4.5%",
        "ejemplos": ["reservar villa ibiza", "booking villa ibiza", "alquilar ahora ibiza"],
        "valor_promedio": "€850"
      },
      {
        "tipo": "Transaccional Media",
        "descripcion": "Usuario comparando opciones",
        "total": 178,
        "conversion_esperada": "2.8%",
        "ejemplos": ["precio alquiler villa ibiza", "villas ibiza ofertas", "mejor precio villa lujo"],
        "valor_promedio": "€650"
      },
      {
        "tipo": "Informacional Cualificado",
        "descripcion": "Usuario investigando, alta calificación",
        "total": 75,
        "conversion_esperada": "1.2%",
        "ejemplos": ["mejores zonas alquilar villa ibiza", "guía alquiler villas lujo", "consejos alquilar ibiza"],
        "valor_promedio": "€420"
      }
    ]
  },
  "keywords_tendencia": {
    "titulo": "Keywords en Tendencia Ascendente",
    "descripcion": "Keywords con crecimiento de búsquedas últimos 12 meses",
    "datos": [
      {
        "keyword": "villa eco friendly ibiza",
        "crecimiento": "+180%",
        "volumen_actual": 240,
        "volumen_hace_12m": 85,
        "oportunidad": "Alta"
      },
      {
        "keyword": "villa sustentable ibiza",
        "crecimiento": "+165%",
        "volumen_actual": 180,
        "volumen_hace_12m": 68,
        "oportunidad": "Alta"
      },
      {
        "keyword": "workation villa ibiza",
        "crecimiento": "+145%",
        "volumen_actual": 320,
        "volumen_hace_12m": 130,
        "oportunidad": "Media"
      },
      {
        "keyword": "villa digital nomad ibiza",
        "crecimiento": "+132%",
        "volumen_actual": 210,
        "volumen_hace_12m": 90,
        "oportunidad": "Media"
      },
      {
        "keyword": "villa ibiza yoga retreat",
        "crecimiento": "+118%",
        "volumen_actual": 290,
        "volumen_hace_12m": 133,
        "oportunidad": "Alta"
      }
    ]
  },
  "plan_implementacion": {
    "titulo": "Plan de Implementación por Fases",
    "fases": [
      {
        "fase": "Fase 1: Quick Wins",
        "duracion": "Mes 1-2",
        "keywords_objetivo": 89,
        "acciones": [
          "Optimización on-page de 45 páginas existentes",
          "Mejora de contenido en 32 landing pages",
          "Internal linking estratégico (120 enlaces)",
          "Actualización de meta tags y títulos"
        ],
        "recursos_necesarios": ["1 SEO Specialist", "1 Content Writer"],
        "coste_estimado": "€2,800 - €3,500",
        "roi_esperado": "+180% en 2 meses"
      },
      {
        "fase": "Fase 2: Crecimiento Sostenido",
        "duracion": "Mes 2-4",
        "keywords_objetivo": 178,
        "acciones": [
          "Creación de 25 nuevas landing pages",
          "Link building (35 backlinks de calidad)",
          "Expansión de contenido existente",
          "Optimización técnica avanzada"
        ],
        "recursos_necesarios": ["1 SEO Specialist", "1 Content Writer", "1 Link Builder"],
        "coste_estimado": "€5,600 - €7,200",
        "roi_esperado": "+250% en 4 meses"
      },
      {
        "fase": "Fase 3: Long Tail + Tendencias",
        "duracion": "Mes 3-5",
        "keywords_objetivo": 156,
        "acciones": [
          "Creación de contenido ultra-específico",
          "Landing pages para keywords emergentes",
          "Contenido para eventos estacionales",
          "Optimización de conversión"
        ],
        "recursos_necesarios": ["1 Content Specialist", "1 UX Designer"],
        "coste_estimado": "€4,200 - €5,800",
        "roi_esperado": "+320% en 6 meses"
      },
      {
        "fase": "Fase 4: Inversión Estratégica",
        "duracion": "Mes 6-12",
        "keywords_objetivo": 64,
        "acciones": [
          "Campaña de link building intensiva",
          "Contenido premium y guías completas",
          "Hub de contenido por temáticas",
          "Relaciones públicas digitales"
        ],
        "recursos_necesarios": ["Equipo completo SEO", "PR Specialist"],
        "coste_estimado": "€12,000 - €18,000",
        "roi_esperado": "+420% en 12 meses"
      }
    ]
  },
  "matriz_priorizacion": {
    "titulo": "Matriz de Priorización de Keywords",
    "criterios": [
      "Dificultad SEO (peso: 30%)",
      "Volumen de búsqueda (peso: 25%)",
      "Intención comercial (peso: 25%)",
      "Relevancia negocio (peso: 20%)"
    ],
    "top_25_priorizadas": [
      {"rank": 1, "keyword": "villa lujo santa eulalia", "score": 92, "categoria": "Quick Win"},
      {"rank": 2, "keyword": "alquiler casa ibiza semana", "score": 89, "categoria": "Quick Win"},
      {"rank": 3, "keyword": "villa piscina privada ibiza", "score": 87, "categoria": "Quick Win"},
      {"rank": 4, "keyword": "casa vacaciones playa ibiza", "score": 85, "categoria": "Quick Win"},
      {"rank": 5, "keyword": "villa ibiza 10 personas", "score": 83, "categoria": "Crecimiento"},
      {"rank": 6, "keyword": "luxury villa sea view ibiza", "score": 81, "categoria": "Crecimiento"},
      {"rank": 7, "keyword": "villa eco friendly ibiza", "score": 79, "categoria": "Tendencia"},
      {"rank": 8, "keyword": "alquiler villa agosto familia", "score": 78, "categoria": "Estacional"},
      {"rank": 9, "keyword": "villa lujo talamanca playa", "score": 76, "categoria": "Quick Win"},
      {"rank": 10, "keyword": "workation villa ibiza", "score": 74, "categoria": "Tendencia"},
      {"rank": 11, "keyword": "ibiza villa private pool 8 guests", "score": 73, "categoria": "Long Tail"},
      {"rank": 12, "keyword": "casa alquiler semana santa ibiza", "score": 72, "categoria": "Estacional"},
      {"rank": 13, "keyword": "villa ibiza yoga retreat", "score": 71, "categoria": "Tendencia"},
      {"rank": 14, "keyword": "exclusive villa ibiza town", "score": 70, "categoria": "Crecimiento"},
      {"rank": 15, "keyword": "villa moderna ibiza piscina", "score": 69, "categoria": "Quick Win"},
      {"rank": 16, "keyword": "luxury accommodation ibiza beach", "score": 68, "categoria": "Crecimiento"},
      {"rank": 17, "keyword": "villa 12 personas piscina infinita", "score": 67, "categoria": "Long Tail"},
      {"rank": 18, "keyword": "alquiler villa ibiza closing parties", "score": 66, "categoria": "Estacional"},
      {"rank": 19, "keyword": "casa lujo primera linea playa", "score": 65, "categoria": "Quick Win"},
      {"rank": 20, "keyword": "villa digital nomad ibiza", "score": 64, "categoria": "Tendencia"},
      {"rank": 21, "keyword": "ibiza villa booking last minute", "score": 63, "categoria": "Transaccional"},
      {"rank": 22, "keyword": "villa sustentable ecológica ibiza", "score": 62, "categoria": "Tendencia"},
      {"rank": 23, "keyword": "casa vacaciones ibiza septiembre", "score": 61, "categoria": "Estacional"},
      {"rank": 24, "keyword": "luxury villa rental ibiza", "score": 60, "categoria": "Estratégica"},
      {"rank": 25, "keyword": "villa ibiza nochevieja grupo", "score": 59, "categoria": "Estacional"}
    ]
  },
  "conclusiones": [
    "487 oportunidades identificadas con potencial de generar 15,680 visitas adicionales/mes (valor estimado €18,450)",
    "89 'Quick Wins' permiten resultados rápidos en 1-2 meses con inversión mínima",
    "Keywords en tendencia (eco-friendly, workation, yoga retreats) muestran +180% crecimiento y baja competencia",
    "Análisis estacional revela oportunidad de capturar tráfico pre-temporada alta (Marzo-Abril) con ROI 340%",
    "156 keywords long tail premium ofrecen conversiones de alta calidad con dificultad SEO baja (promedio 34)"
  ],
  "recomendaciones": [
    {
      "prioridad": "Crítica",
      "titulo": "Ejecutar Fase 1 Quick Wins inmediatamente",
      "descripcion": "Implementar optimizaciones en 89 keywords priorizadas. ROI esperado +180% en 2 meses con inversión €2,800-€3,500.",
      "plazo": "Iniciar en próximos 7 días"
    },
    {
      "prioridad": "Alta",
      "titulo": "Capitalizar keywords en tendencia emergente",
      "descripcion": "Crear contenido específico para 'villa eco friendly', 'workation', 'yoga retreat' antes que competencia (+180% crecimiento).",
      "plazo": "Mes 1-2"
    },
    {
      "prioridad": "Alta",
      "titulo": "Preparar contenido estacional Q2 2026",
      "descripcion": "Desarrollar landing pages para temporada alta 2026 (Jun-Sep) con 3 meses de anticipación para indexación.",
      "plazo": "Febrero-Marzo 2026"
    },
    {
      "prioridad": "Media",
      "titulo": "Estrategia long tail premium",
      "descripcion": "Crear 50 páginas ultra-específicas para keywords long tail (baja competencia, alta conversión).",
      "plazo": "Mes 3-5"
    }
  ]
}
