Mejora,Categoria_EEAT,Descripcion,Impacto_Score,Esfuerzo,Timeline,ROI_Estimado,Pasos_Implementacion,Metricas_Exito
Ampliar página Sobre Nosotros con equipo,Expertise,Transformar página 'Sobre Nosotros' en página de equipo completa con fotos profesionales + biografías + años experiencia + roles,+15 puntos,Bajo,1 semana,9:1,"1. Sesión fotos profesionales equipo (medio día)
2. Redactar biografías 200 palabras c/u (fundador + 4 miembros)
3. Destacar: años experiencia + conocimiento Ibiza + idiomas
4. Diseño layout moderno con cards individuales
5. Añadir sección: Nuestros valores y filosofía",Bounce rate página -20% + Tiempo en página +45%
Crear 10 guías locales de Ibiza,Experience,"Publicar 10 guías escritas por el equipo basadas en experiencia local: Mejores playas/Restaurantes/Beach clubs/Eventos/Rutas/Sunset spots/Vida nocturna/Familia/Wellness/Compras",+20 puntos,Alto,4-6 semanas,12:1,"1. Asignar 2 guías por miembro del equipo
2. Template: 1500 palabras + 10 fotos + mapa
3. Estructura: Intro personal + Top 10 recomendaciones + Tips insider
4. Incluir anécdotas personales de clientes
5. SEO: Keywords locales + Schema markup
6. Promocionar en newsletter + redes sociales",Tráfico orgánico +25-35% + Engagement +40% + Señal expertise local
Conseguir 5 menciones en medios autoridad,Authoritativeness,"Estrategia PR para conseguir menciones en: Timeout Ibiza, Forbes Travel, Condé Nast Traveler, Luxury Travel Magazine, The Guardian Travel",+25 puntos,Muy Alto,3-6 meses,8:1,"1. Crear press kit: Historia empresa + Datos mercado + Fotos alta resolución
2. Identificar 15 periodistas nicho lujo/travel
3. Pitch: Tendencias villas Ibiza 2024 / Mercado post-COVID
4. Ofrecer entrevista fundador como experto
5. Facilitar press trip: Visita villas + Experiencia Ibiza
6. Seguimiento personalizado c/ 2 semanas",Backlinks DR 75+ + Brand searches +30% + Autoridad dominio +8 puntos
Aumentar reviews verificadas a 50+,Trustworthiness,Estrategia sistemática de adquisición reviews en Google y TripAdvisor: de 12 actuales a 50+ en 6 meses,+18 puntos,Medio,6 meses,15:1,"1. Email automatizado post-estancia (día 3 tras checkout)
2. Incentivo: Descuento 5% próxima reserva por review
3. Facilitar proceso: Link directo + Instrucciones claras
4. Responder 100% reviews en <24h con plantillas
5. Destacar mejores reviews en homepage
6. Monitorear semanalmente + ajustar estrategia",Reviews: 12 → 50+ | Rating: 4.2★ → 4.7★ | Conversión +25-35%
Crear contenido educativo especializado,Expertise,"Publicar 15 artículos educativos: Cómo elegir villa / Qué preguntar antes de reservar / Guía tamaños villas / Zonas Ibiza explicadas / Temporadas y precios / etc.",+16 puntos,Alto,8 semanas,10:1,"1. Investigar keywords: 'cómo elegir villa ibiza' etc (15 topics)
2. Outline 2000 palabras c/u con estructura FAQ
3. Incluir infografías (5) y comparativas (3)
4. Aportar datos propios: '80% nuestros clientes prefieren...'
5. CTAs estratégicos: Descarga guía PDF vs Consulta gratis
6. Promoción: Guest posts + Redes + Newsletter",Tráfico educativo +40% + Leads cualificados +30% + Autoridad temática
Establecer 3 colaboraciones marca lujo,Authoritativeness,"Partnerships estratégicos: Concierge de lujo local + Chef Michelin + Spa premium para ofrecer servicios exclusivos en villas",+14 puntos,Alto,2-3 meses,6:1,"1. Identificar 10 partners potenciales (concierge/chefs/spas)
2. Propuesta valor: Promoción cruzada + Comisión 10%
3. Acuerdos escritos con branding conjunto
4. Crear landing pages: 'Servicios exclusivos partners'
5. Casos de uso: Chef privado en Villa Sunset
6. Logos partners en homepage + Menciones recíprocas",CTR servicios premium +45% + Ticket medio +€800/reserva + Autoridad asociación
Implementar sellos confianza visibles,Trustworthiness,"Añadir sellos de confianza en homepage y checkout: SSL/Pago seguro + TripAdvisor + Google Partner + Asociación turística + Garantía satisfacción",+10 puntos,Bajo,1 semana,20:1,"1. Solicitar certificación Google Partner (si aplica)
2. Diseñar sello 'Garantía satisfacción o devolución'
3. Integrar badges TripAdvisor y Google Reviews
4. Widget pago seguro Stripe/PayPal visible
5. Footer: Logos asociaciones turísticas
6. A/B test ubicación sellos (above fold vs checkout)",Conversión checkout +15-20% + Abandono carrito -12% + Confianza percibida +35%
Publicar 3 casos de estudio detallados,Experience,"Casos de estudio: Boda 50 personas Villa Panorama + Retiro corporativo 20 ejecutivos + Cumpleaños celebridad (anonimizado). Con fotos + testimonios + resultados",+12 puntos,Medio,3-4 semanas,11:1,"1. Identificar 3 clientes dispuestos a compartir historia
2. Entrevista estructurada: Necesidad + Proceso + Resultado
3. Fotógrafo profesional evento (si posible) o fotos archivo
4. Redacción formato: Desafío → Solución → Resultado
5. Testimonial cliente en video (30 seg)
6. Landing pages individuales + Promoción redes",Social proof +40% + Conversión eventos corporativos +50% + Credibilidad
Escribir 5 guest posts en blogs autoridad,Authoritativeness,"Publicar artículos como experto en: Ibiza Spotlight / Luxury Travel Blog / Conde Nast Traveler (comunidad) / Travel + Leisure / The Points Guy",+13 puntos,Medio,2-3 meses,7:1,"1. Pitch personalizado a cada editor con 3 ideas artículo
2. Temas: Tendencias villas lujo / Ibiza off-season / Villas familias
3. Contenido 1200-1800 palabras + 5 fotos exclusivas
4. Bio autor: Fundador Ibiza Villa + Link a web
5. Compartir en redes al publicar
6. Recopilar en página 'Prensa y publicaciones'",Backlinks autoridad +5 (DR 60-85) + Tráfico referral +200 sesiones/mes + Posicionamiento experto
Crear proceso de inspección villas transparente,Expertise,"Publicar página: 'Cómo seleccionamos nuestras villas' con 20 criterios de calidad + Proceso inspección in-situ + Checklist descargable",+11 puntos,Medio,2 semanas,13:1,"1. Documentar proceso actual de selección villas
2. Crear checklist 20 criterios: Ubicación/Calidad/Limpieza/Amenidades/Seguridad/etc
3. Fotografiar proceso de inspección (equipo in-situ)
4. Video 2 min: Behind the scenes inspección villa
5. Infografía: De 100 villas evaluadas → 30 seleccionadas
6. CTA: Ver villas que pasaron nuestro estándar",Diferenciación competencia + Confianza proceso +30% + Autoridad curación
Ampliar FAQs a 30+ preguntas específicas,Expertise,"Expandir sección FAQs de 8 preguntas genéricas a 30+ preguntas ultra-específicas organizadas por categorías: Reserva/Pago/Villas/Servicios/Ibiza/Políticas",+9 puntos,Bajo,1 semana,18:1,"1. Analizar emails clientes últimos 6 meses (20 preguntas comunes)
2. Benchmarking competencia (10 preguntas adicionales)
3. Categorizar: 6 categorías con 5 preguntas c/u
4. Respuestas 100-150 palabras con ejemplos concretos
5. Schema markup FAQPage para rich snippets
6. Link desde chatbot a FAQs específicas",Contacto soporte -25% + Featured snippets +8 queries + Experticia percibida
Declaración transparencia de precios,Trustworthiness,"Crear página 'Precios transparentes': Desglose completo tarifas (limpieza/tasas/extras) + Sin costes ocultos + Comparativa temporadas + Calculadora precio estimado",+10 puntos,Medio,2 semanas,12:1,"1. Recopilar todos los componentes de precio
2. Diseño tabla comparativa: Temp Baja/Media/Alta
3. Calculadora interactiva: Selecciona villa + Fechas → Precio
4. Sección: 'Lo que incluye / Lo que NO incluye'
5. Política cancelación clara con ejemplos
6. Video explicativo 90 segundos",Objeciones precio -40% + Transparencia percibida +50% + Conversión +12%
Videos tour profesionales de 5 villas TOP,Experience,"Producir 5 videos profesionales (2-3 min) de las villas más exclusivas: Tour completo + Detalles lujo + Vistas + Amenidades. Con drone exterior + Gimbal interior",+17 puntos,Muy Alto,4-6 semanas,9:1,"1. Seleccionar 5 villas TOP por categoría: Familiar/Pareja/Grupo/Playa/Montaña
2. Contratar videógrafo profesional + Drone
3. Guión: 10 seg intro → 2 min tour → 20 seg CTA
4. Música licenciada + Subtítulos inglés/español
5. Publicar: YouTube + Vimeo + Embed en cada villa
6. Promoción: Anuncios FB/IG video views",Engagement +60% + Tiempo en página +120% + Solicitudes info +35%
Optimizar LinkedIn empresa como autoridad,Authoritativeness,"Transformar perfil LinkedIn de básico a autoridad: 1-2 posts semanales sobre mercado villas/turismo lujo + 500+ seguidores + Engagement activo",+8 puntos,Bajo,3 meses (continuado),10:1,"1. Optimizar perfil: Descripción completa + Banner profesional
2. Contenido semanal: Insights mercado / Tendencias / Tips
3. Conectar con: Agencias lujo / Medios / Influencers travel
4. Comentar en posts de autoridades del sector
5. Compartir menciones de prensa propias
6. Invitar equipo a compartir contenido empresa",Conexiones B2B +200 | Autoridad LinkedIn | Leads corporativos +15%
