{
  "titulo": "Brief del Cliente",
  "subtitulo": "Información fundamental del proyecto",
  "tipo_pagina": "informacion",
  "proyecto": {
    "nombre": "Ibiza Villa",
    "url": "https://ibizavilla.com",
    "sector": "Alquiler de villas de lujo",
    "ubicacion": "Ibiza, España",
    "idiomas": ["Español", "Inglés", "Alemán"],
    "publico_objetivo": "Clientes de alto poder adquisitivo buscando alquiler de villas exclusivas en Ibiza"
  },
  "contacto": {
    "empresa": "Ibiza Villa Real Estate",
    "contacto_principal": "Director de Marketing",
    "email": "contacto@ibizavilla.com",
    "telefono": "+34 971 XXX XXX"
  },
  "situacion_actual": {
    "antiguedad_web": "5 años",
    "cms": "WordPress + WooCommerce",
    "hosting": "Servidor dedicado",
    "trafico_mensual": "~8,000 sesiones orgánicas",
    "problemas_principales": [
      "Bajo posicionamiento para keywords principales",
      "Competencia muy fuerte en el sector",
      "Página lenta en móvil",
      "Falta de contenido SEO optimizado"
    ]
  },
  "objetivos": {
    "principales": [
      "Aumentar tráfico orgánico en un 25% en 6 meses",
      "Mejorar posicionamiento para keywords principales de alquiler de villas",
      "Optimizar experiencia de usuario y conversión",
      "Fortalecer presencia en búsquedas locales de Ibiza"
    ],
    "kpis": [
      {
        "metrica": "Tráfico orgánico",
        "valor_actual": "8,000 sesiones/mes",
        "objetivo": "10,000 sesiones/mes",
        "incremento": "+25%"
      },
      {
        "metrica": "Keywords en Top 3",
        "valor_actual": "5 keywords",
        "objetivo": "15 keywords",
        "incremento": "+200%"
      },
      {
        "metrica": "Core Web Vitals",
        "valor_actual": "65/100",
        "objetivo": "90/100",
        "incremento": "+38%"
      },
      {
        "metrica": "Tasa de conversión",
        "valor_actual": "2.1%",
        "objetivo": "3.5%",
        "incremento": "+67%"
      }
    ]
  },
  "competencia": {
    "principales_competidores": [
      "ibiza-luxury-villas.com",
      "white-ibiza.com",
      "ibiza-properties.com"
    ],
    "ventajas_competitivas": [
      "Portfolio exclusivo de villas premium",
      "Servicio personalizado 24/7",
      "Experiencias VIP incluidas",
      "Red de colaboradores locales"
    ]
  },
  "recursos_disponibles": {
    "accesos": [
      "Google Analytics 4 (propietario)",
      "Google Search Console (propietario)",
      "WordPress admin (proporcionado)",
      "Ahrefs (cuenta consultor)"
    ],
    "equipo_interno": [
      "1 Community Manager",
      "1 Fotógrafo",
      "1 Desarrollador (soporte técnico)"
    ],
    "presupuesto_seo": "3,500€ (auditoría + plan inicial)"
  },
  "timeline": {
    "inicio": "01 de Octubre 2025",
    "entrega_auditoria": "15 de Noviembre 2025",
    "inicio_implementacion": "20 de Noviembre 2025",
    "revision_resultados": "Mensual durante 6 meses"
  }
}
