{
  "titulo": "Checklist de Accesos y Herramientas",
  "subtitulo": "Verificación de accesos necesarios para la auditoría",
  "fecha_verificacion": "01 de Octubre 2025",
  "categorias": [
    {
      "nombre": "Herramientas de Análisis Web",
      "items": [
        {
          "herramienta": "Google Analytics 4",
          "nivel_acceso": "Propietario",
          "estado": "verificado",
          "property_id": "GA4-XXXXXXXXX",
          "notas": "Acceso completo configurado. Datos disponibles desde 2022."
        },
        {
          "herramienta": "Google Search Console",
          "nivel_acceso": "Propietario",
          "estado": "verificado",
          "property": "https://ibizavilla.com",
          "notas": "Verificado vía Google Tag Manager. Histórico de 16 meses."
        },
        {
          "herramienta": "Google Tag Manager",
          "nivel_acceso": "Administrador",
          "estado": "verificado",
          "container_id": "GTM-XXXXXXX",
          "notas": "Acceso compartido. Configuración correcta de tags."
        }
      ]
    },
    {
      "nombre": "Herramientas SEO Profesionales",
      "items": [
        {
          "herramienta": "Ahrefs",
          "nivel_acceso": "Cuenta Consultor",
          "estado": "verificado",
          "tipo_licencia": "Agency Plan",
          "notas": "Usando cuenta propia del consultor. Sin límite de proyectos."
        },
        {
          "herramienta": "Screaming Frog SEO Spider",
          "nivel_acceso": "Licencia Pagada",
          "estado": "verificado",
          "version": "19.5",
          "notas": "Licencia activa. Crawl ilimitado."
        }
      ]
    },
    {
      "nombre": "Acceso al Sitio Web",
      "items": [
        {
          "herramienta": "WordPress Admin",
          "nivel_acceso": "Administrador",
          "estado": "verificado",
          "url": "https://ibizavilla.com/wp-admin",
          "notas": "Credenciales proporcionadas. Acceso completo al backend."
        },
        {
          "herramienta": "FTP/SFTP",
          "nivel_acceso": "Completo",
          "estado": "pendiente",
          "notas": "Pendiente de proporcionar por el cliente. No crítico para fase inicial."
        },
        {
          "herramienta": "Base de Datos MySQL",
          "nivel_acceso": "No necesario",
          "estado": "no_requerido",
          "notas": "No necesario para esta auditoría."
        }
      ]
    },
    {
      "nombre": "Redes Sociales y Marketing",
      "items": [
        {
          "herramienta": "Facebook Business Manager",
          "nivel_acceso": "Analista",
          "estado": "verificado",
          "notas": "Acceso para ver métricas de ads. Datos desde 2023."
        },
        {
          "herramienta": "Instagram Business",
          "nivel_acceso": "Analista",
          "estado": "verificado",
          "notas": "Vinculado a Facebook Business Manager."
        },
        {
          "herramienta": "Google Ads",
          "nivel_acceso": "Lectura",
          "estado": "no_disponible",
          "notas": "Cliente actualmente no usa Google Ads."
        }
      ]
    },
    {
      "nombre": "Herramientas Técnicas",
      "items": [
        {
          "herramienta": "PageSpeed Insights API",
          "nivel_acceso": "Pública",
          "estado": "disponible",
          "notas": "Herramienta pública de Google. No requiere acceso."
        },
        {
          "herramienta": "GTmetrix",
          "nivel_acceso": "Cuenta Gratuita",
          "estado": "disponible",
          "notas": "Cuenta propia del consultor."
        },
        {
          "herramienta": "Chrome DevTools",
          "nivel_acceso": "Navegador",
          "estado": "disponible",
          "notas": "Herramienta nativa del navegador."
        }
      ]
    }
  ],
  "resumen": {
    "total_herramientas": 17,
    "accesos_verificados": 11,
    "accesos_pendientes": 1,
    "accesos_no_disponibles": 2,
    "no_requeridos": 3,
    "porcentaje_completado": 85
  },
  "acciones_pendientes": [
    "Solicitar credenciales FTP al cliente (opcional, no crítico)",
    "Confirmar si desean incluir análisis de Google Ads en el futuro"
  ],
  "proximos_pasos": [
    "Comenzar recopilación de datos de Google Analytics 4",
    "Exportar datos de Google Search Console (últimos 12 meses)",
    "Iniciar crawl completo del sitio con Screaming Frog",
    "Recopilar backlinks y métricas de Ahrefs"
  ]
}
