{
  "titulo": "Roadmap de Auditoría SEO",
  "subtitulo": "Planificación de fases, entregas y calendario",
  "proyecto": "Ibiza Villa",
  "duracion_total": "6 semanas",
  "fecha_inicio": "01 de Octubre 2025",
  "fecha_fin": "15 de Noviembre 2025",
  "fases": [
    {
      "numero": 0,
      "nombre": "Marketing Digital (Opcional)",
      "duracion": "1 semana",
      "fecha_inicio": "01 Oct",
      "fecha_fin": "07 Oct",
      "modulos": 2,
      "horas_estimadas": 16,
      "objetivos": [
        "Análisis de competencia 360°",
        "Definición de buyer personas",
        "Identificación de ventajas competitivas"
      ],
      "entregables": [
        "Matriz comparativa de competencia",
        "Perfiles de buyer personas documentados",
        "Análisis DAFO de mercado"
      ],
      "estado": "completado"
    },
    {
      "numero": 1,
      "nombre": "Preparación",
      "duracion": "3 días",
      "fecha_inicio": "08 Oct",
      "fecha_fin": "10 Oct",
      "modulos": 3,
      "horas_estimadas": 5,
      "objetivos": [
        "Recopilar información del cliente",
        "Verificar todos los accesos necesarios",
        "Planificar roadmap detallado"
      ],
      "entregables": [
        "Brief del cliente completado",
        "Checklist de accesos verificado",
        "Roadmap de auditoría aprobado"
      ],
      "estado": "en_curso"
    },
    {
      "numero": 2,
      "nombre": "Keyword Research",
      "duracion": "1 semana",
      "fecha_inicio": "11 Oct",
      "fecha_fin": "17 Oct",
      "modulos": 4,
      "horas_estimadas": 21,
      "objetivos": [
        "Analizar keywords actuales del sitio",
        "Investigar keywords de competidores",
        "Identificar oportunidades de posicionamiento",
        "Crear keyword mapping estratégico"
      ],
      "entregables": [
        "Lista de keywords actuales clasificadas",
        "Análisis gap de keywords vs competencia",
        "Oportunidades de keywords priorizadas",
        "Keyword mapping por URL"
      ],
      "estado": "pendiente"
    },
    {
      "numero": 3,
      "nombre": "Arquitectura Web",
      "duracion": "4 días",
      "fecha_inicio": "18 Oct",
      "fecha_fin": "21 Oct",
      "modulos": 0,
      "horas_estimadas": 0,
      "objetivos": [
        "Analizar arquitectura actual del sitio",
        "Mapear keywords a arquitectura",
        "Proponer mejoras estructurales"
      ],
      "entregables": [
        "Diagrama de arquitectura actual",
        "Propuesta de nueva arquitectura",
        "Plan de implementación"
      ],
      "estado": "no_aplicable",
      "nota": "Esta fase no está incluida en el perfil Corporativo Avanzado"
    },
    {
      "numero": 4,
      "nombre": "Recopilación de Datos",
      "duracion": "2 semanas",
      "fecha_inicio": "22 Oct",
      "fecha_fin": "04 Nov",
      "modulos": 4,
      "horas_estimadas": 34,
      "objetivos": [
        "Análisis exhaustivo de situación actual",
        "Análisis de demanda y keywords",
        "Auditoría técnica SEO on-page",
        "Análisis de perfil de enlaces off-page"
      ],
      "entregables": [
        "Informe de situación actual (17 páginas)",
        "Análisis de demanda (5 páginas)",
        "Auditoría SEO on-page (89 páginas)",
        "Auditoría SEO off-page (16 páginas)"
      ],
      "herramientas": [
        "Google Analytics 4",
        "Google Search Console",
        "Ahrefs",
        "Screaming Frog"
      ],
      "estado": "pendiente"
    },
    {
      "numero": 5,
      "nombre": "Entregables Finales",
      "duracion": "1 semana",
      "fecha_inicio": "05 Nov",
      "fecha_fin": "15 Nov",
      "modulos": 4,
      "horas_estimadas": 25,
      "objetivos": [
        "Priorizar hallazgos y recomendaciones",
        "Crear resumen ejecutivo para C-level",
        "Documentar informe técnico detallado",
        "Elaborar plan de acción SEO"
      ],
      "entregables": [
        "Matriz de priorización de tareas",
        "Resumen ejecutivo (3 páginas)",
        "Informe técnico completo (5 páginas)",
        "Plan de acción SEO con roadmap de implementación"
      ],
      "estado": "pendiente"
    }
  ],
  "hitos_clave": [
    {
      "fecha": "10 Oct",
      "hito": "Kick-off Meeting",
      "descripcion": "Reunión inicial con cliente. Presentación del roadmap y alineación de expectativas."
    },
    {
      "fecha": "17 Oct",
      "hito": "Checkpoint #1",
      "descripcion": "Revisión de keyword research. Validación de oportunidades identificadas."
    },
    {
      "fecha": "28 Oct",
      "hito": "Checkpoint #2",
      "descripcion": "Presentación de hallazgos preliminares. Ajustes según feedback del cliente."
    },
    {
      "fecha": "15 Nov",
      "hito": "Entrega Final",
      "descripcion": "Presentación de auditoría completa y plan de acción. Sesión de Q&A."
    }
  ],
  "equipo": {
    "consultor_principal": "Miguel Ángel García",
    "roles": [
      {
        "rol": "Estratega SEO",
        "responsable": "Miguel Ángel García",
        "dedicacion": "60%"
      },
      {
        "rol": "Analista Técnico",
        "responsable": "Miguel Ángel García",
        "dedicacion": "30%"
      },
      {
        "rol": "Especialista Contenidos",
        "responsable": "A definir",
        "dedicacion": "10%"
      }
    ]
  },
  "metricas_seguimiento": {
    "total_horas_planificadas": 75,
    "total_modulos": 17,
    "total_paginas": 75,
    "progreso_actual": 15,
    "fases_completadas": 1,
    "fases_en_curso": 1,
    "fases_pendientes": 3
  },
  "riesgos_identificados": [
    {
      "riesgo": "Retraso en acceso FTP",
      "impacto": "Bajo",
      "mitigacion": "No es crítico para fase inicial. Puede obtenerse durante Fase 4."
    },
    {
      "riesgo": "Datos históricos incompletos en GSC",
      "impacto": "Medio",
      "mitigacion": "Complementar con datos de Ahrefs para períodos anteriores."
    },
    {
      "riesgo": "Cambios en el sitio durante auditoría",
      "impacto": "Alto",
      "mitigacion": "Solicitar congelamiento de cambios mayores durante las semanas de análisis."
    }
  ]
}
