Categoría de Contenido,Subcategoría,URL Propuesta,Keyword Principal,Keywords Secundarias,Volumen Mensual,Dificultad SEO,Intención de Búsqueda,Prioridad,Notas de Implementación,Content Type,Recomendaciones Schema
Villas de Lujo,Villas por Ubicación,/villas-lujo-ibiza,villas lujo ibiza,"villas exclusivas ibiza, alquiler villas lujo ibiza, luxury villas ibiza",2400,65,Navegacional + Transaccional,ALTA,"Landing principal categoría villas. Incluir mapa interactivo, filtros por ubicación y amenities",Category Page,"RealEstateListing, ItemList, BreadcrumbList"
Villas de Lujo,Villas por Ubicación,/villas-playa-ibiza,villas playa ibiza,"villas primera línea ibiza, beachfront villas ibiza, villas con acceso playa",1200,58,Transaccional,ALTA,"Destacar villas con acceso directo a playa. USP: privacidad + vistas mar",Subcategory Page,"RealEstateListing, ItemList"
Villas de Lujo,Villas por Ubicación,/villas-sant-josep-ibiza,villas sant josep ibiza,"alquiler villas sant josep, luxury villas sant josep",480,42,Transaccional,MEDIA,"Zona premium oeste isla. Target familias alto poder adquisitivo",Subcategory Page,"RealEstateListing, ItemList, Place"
Villas de Lujo,Villas por Amenities,/villas-piscina-privada-ibiza,villas piscina privada ibiza,"villas infinity pool ibiza, private pool villas",890,52,Transaccional,ALTA,"Amenity más demandado. Destacar vistas desde piscina",Subcategory Page,"RealEstateListing, ItemList, Accommodation"
Villas de Lujo,Villas por Amenities,/villas-servicio-chef-ibiza,villas chef privado ibiza,"luxury villas chef ibiza, private chef villas",320,45,Transaccional,MEDIA,"Diferenciador lujo. Target eventos corporativos + familias VIP",Subcategory Page,"RealEstateListing, Service"
Villas de Lujo,Villas por Capacidad,/villas-10-personas-ibiza,villas 10 personas ibiza,"alquiler villas grupos ibiza, large villas ibiza",650,48,Transaccional,ALTA,"Optimizar para grupos grandes. Destacar espacios comunes",Subcategory Page,"RealEstateListing, ItemList"
Villas de Lujo,Villas por Capacidad,/villas-20-personas-ibiza,villas 20 personas ibiza,"villas eventos ibiza, wedding villas ibiza",280,55,Transaccional,MEDIA,"Nicho eventos privados. Cross-sell servicios adicionales",Subcategory Page,"RealEstateListing, Event"
Servicios Premium,Concierge,/servicio-concierge-ibiza,concierge ibiza,"servicio concierge lujo ibiza, luxury concierge",420,38,Informacional + Transaccional,MEDIA,"Describir servicios incluidos: transfer, reservas, actividades",Service Page,"Service, Offer"
Servicios Premium,Transfer,/transfer-privado-ibiza,transfer privado ibiza,"transfer aeropuerto ibiza lujo, private transfer ibiza",580,35,Transaccional,MEDIA,"Integrar booking directo. Destacar vehículos premium",Service Page,"Service, TaxiService"
Servicios Premium,Experiencias,/experiencias-lujo-ibiza,experiencias lujo ibiza,"actividades vip ibiza, luxury experiences ibiza",390,42,Informacional,MEDIA,"Catálogo experiencias: yates, beach clubs, restaurantes Michelin",Category Page,"ItemList, TouristAttraction"
Guías y Contenido,Zonas de Ibiza,/mejores-zonas-ibiza,mejores zonas ibiza,"donde alojarse ibiza, zonas exclusivas ibiza",1100,55,Informacional,ALTA,"Guía comparativa 5 zonas. Mapas interactivos. Target top-funnel",Guide Page,"Article, Place, ItemList"
Guías y Contenido,Temporadas,/mejor-epoca-visitar-ibiza,mejor epoca visitar ibiza,"cuando ir ibiza, temporada alta ibiza",890,48,Informacional,MEDIA,"Calendario precios/clima/eventos. CTA reservas anticipadas",Guide Page,"Article"
Guías y Contenido,Playas,/mejores-playas-ibiza,mejores playas ibiza,"playas paradisiacas ibiza, calas secretas ibiza",2100,62,Informacional,ALTA,"Top 10 playas. Fotos profesionales. Geolocalización. Link a villas cercanas",Guide Page,"Article, TouristAttraction, ItemList"
Guías y Contenido,Restaurantes,/mejores-restaurantes-ibiza,mejores restaurantes ibiza,"restaurantes michelin ibiza, donde comer ibiza",1350,58,Informacional,ALTA,"Guía gastronómica premium. Reservas incluidas en concierge",Guide Page,"Article, Restaurant, ItemList"
Guías y Contenido,Eventos,/eventos-ibiza-2025,eventos ibiza 2025,"calendario eventos ibiza, fiestas ibiza 2025",720,45,Informacional,MEDIA,"Calendario anual. Update mensual. Target planificación anticipada",Guide Page,"Article, Event, ItemList"
Información Legal,Términos,/terminos-condiciones,terminos condiciones alquiler villas,"condiciones alquiler villas ibiza",110,15,Informacional,BAJA,"Legal compliance. Políticas cancelación, depósitos, check-in/out",Legal Page,"WebPage"
Información Legal,Privacidad,/politica-privacidad,politica privacidad,"GDPR, protección datos",90,12,Informacional,BAJA,"GDPR compliance. Cookies, datos personales, derechos usuario",Legal Page,"WebPage"
Información Legal,FAQ,/preguntas-frecuentes-ibiza,preguntas frecuentes alquiler villas ibiza,"faq villas ibiza, dudas alquiler ibiza",380,28,Informacional,MEDIA,"FAQ estructurado. Schema FAQPage. 20-30 preguntas más comunes",FAQ Page,"FAQPage"
Blog SEO,Categoría Blog,/blog-ibiza,blog ibiza,"guia ibiza, consejos ibiza, que hacer ibiza",850,52,Informacional,ALTA,"Hub contenido evergreen. 2-4 posts/mes. Long-tail keywords",Blog Index,"Blog, ItemList"
Blog SEO,Post Tipo 1,/blog/como-elegir-villa-ibiza,como elegir villa ibiza,"que villa alquilar ibiza, consejos alquiler villa",290,35,Informacional,MEDIA,"Guía decisión. Checklist 10 factores. Lead magnet descargable",Blog Post,"Article, HowTo"
Blog SEO,Post Tipo 2,/blog/10-villas-mas-exclusivas-ibiza,villas mas exclusivas ibiza,"mejores villas lujo ibiza, top villas ibiza",420,48,Informacional + Comercial,ALTA,"Showcase portfolio. Fotos profesionales. CTAs booking directo",Blog Post,"Article, ItemList"
Blog SEO,Post Tipo 3,/blog/presupuesto-vacaciones-lujo-ibiza,presupuesto vacaciones ibiza,"cuanto cuesta vacaciones ibiza, precio villa ibiza",610,42,Informacional,MEDIA,"Guía precios transparente. Breakdown costes. Target cualificación leads",Blog Post,"Article"
Páginas de Producto,Villa Individual (Ej.),/villas/villa-can-terra-ibiza,villa can terra ibiza,"alquiler villa can terra, can terra ibiza",45,25,Transaccional,ALTA,"Template producto. 30+ fotos, tour virtual 360°, calendar booking, reviews",Product Page,"RealEstateListing, Product, Place, AggregateRating"
Páginas de Producto,Villa Individual (Ej.),/villas/villa-mar-azul-sant-josep,villa mar azul sant josep,"alquiler villa mar azul",35,22,Transaccional,ALTA,"Destacar USP: vistas 180° mar, 5 suites, infinity pool 20m",Product Page,"RealEstateListing, Accommodation"
Conversión,Contacto,/contacto,contacto ibiza villa,"contactar ibiza villa, consulta alquiler villa",180,18,Transaccional,ALTA,"Multi-formulario: consulta general, solicitud booking, presupuesto personalizado",Contact Page,"ContactPage, Organization"
Conversión,Sobre Nosotros,/sobre-nosotros,ibiza villa alquiler lujo,"quienes somos, empresa alquiler villas",220,20,Informacional,MEDIA,"Storytelling marca. Años experiencia, portfolio, equipo, valores",About Page,"AboutPage, Organization"
Conversión,Booking,/reserva-villa-ibiza,reservar villa ibiza,"booking villa ibiza, reserva online",540,38,Transaccional,CRÍTICA,"Funnel reserva optimizado. Progress bar, precios transparentes, pago seguro",Conversion Page,"WebPage, Offer"