URL Actual,URL Nueva Propuesta,Tipo de Redireccion (301/302/Canonical),Motivo del Cambio,Keyword Target Nueva URL,Volumen Busqueda,Status Code Actual,Backlinks (qty),Trafico Organico Mensual,Prioridad Implementacion,Notas Tecnicas,Fecha Implementacion Sugerida
/alquiler-villas.html,/villas-lujo-ibiza,301 Permanent,"Optimizar URL: remover extension .html, incluir keyword principal SEO-friendly",villas lujo ibiza,2400,200,47,1850,CRÍTICA,"Implementar primero. URL antigua tiene autoridad. Verificar internal links update",Fase 1 - Semana 1
/villas-index.php,/villas-lujo-ibiza,301 Permanent,Consolidar múltiples URLs a landing principal categoría. Eliminar duplicado,villas lujo ibiza,2400,200,12,420,ALTA,"Segunda URL duplicada. Consolidar con canonical si no se puede hacer 301 inmediato",Fase 1 - Semana 1
/properties/luxury,/villas-lujo-ibiza,301 Permanent,Idioma inconsistente (inglés → español). Unificar arquitectura,villas lujo ibiza,2400,200,8,180,ALTA,Pocas referencias externas. Safe redirect.,Fase 1 - Semana 2
/villas-ibiza-playa,/villas-playa-ibiza,301 Permanent,Reordenar keywords para mejor legibilidad y SEO (playa = diferenciador),villas playa ibiza,1200,200,23,680,ALTA,"URL actual rankea posición 8. Mantener optimización on-page existente",Fase 1 - Semana 2
/beachfront-villas,/villas-playa-ibiza,301 Permanent,Idioma (inglés → español target market). Consolidar contenido duplicado,villas playa ibiza,1200,200,15,290,ALTA,Merge content inglés-español en nueva URL.,Fase 2 - Semana 3
/property-detail.php?id=125,/villas/villa-can-terra-ibiza,301 Permanent,URL dinámica no SEO-friendly. Crear URL estática con nombre villa,villa can terra ibiza,45,200,3,25,MEDIA,"Template aplicable a todas las villas. 87 productos en total",Fase 2 - Semana 4
/villas/item/345,/villas/villa-mar-azul-sant-josep,301 Permanent,ID numérico sin contexto. Optimizar con ubicación + nombre descriptivo,villa mar azul sant josep,35,200,2,18,MEDIA,Automatizar generación URLs villas con patrón /villas/villa-{nombre}-{ubicacion},Fase 2 - Semana 4
/servicios.html,/servicio-concierge-ibiza,301 Permanent,Página genérica → específica. Split en servicios individuales optimizados,concierge ibiza,420,200,18,340,ALTA,"Crear 3 páginas: concierge, transfer, experiencias. Distribuir links internos",Fase 1 - Semana 2
/extras/transfers,/transfer-privado-ibiza,301 Permanent,Optimizar estructura. Destacar servicio premium en URL,transfer privado ibiza,580,200,9,125,MEDIA,Cross-sell desde páginas villas. Add booking widget.,Fase 2 - Semana 3
/blog.php,/blog-ibiza,301 Permanent,Remover .php. Optimizar URL blog hub con keyword local,blog ibiza,850,200,31,520,ALTA,Asegurar canonical en posts individuales apuntando a estructura correcta,Fase 1 - Semana 1
/posts/article-5,/blog/como-elegir-villa-ibiza,301 Permanent,URL no descriptiva. Incluir H1 en slug para long-tail SEO,como elegir villa ibiza,290,200,7,95,MEDIA,"Template blog: /blog/{slug-keyword-friendly}. Aplicar a 45 posts",Fase 2 - Semana 4
/destino/sant-josep,/villas-sant-josep-ibiza,301 Permanent,Optimizar para transaccional. Renombrar categoría ubicaciones,villas sant josep ibiza,480,200,14,310,ALTA,"Patrón: /villas-{ubicacion}-ibiza. Aplicar a 7 ubicaciones principales",Fase 1 - Semana 2
/villas-con-piscina,/villas-piscina-privada-ibiza,301 Permanent,Especificar amenity clave (privada). Optimizar diferenciador,villas piscina privada ibiza,890,200,19,480,ALTA,"Diferenciar de piscinas comunitarias. Update filtros web",Fase 1 - Semana 2
/villas-chef,/villas-servicio-chef-ibiza,301 Permanent,Clarificar servicio incluido. Optimizar long-tail,villas chef privado ibiza,320,200,5,85,MEDIA,Cross-sell desde villas premium. Pricing transparente.,Fase 2 - Semana 3
/groups/large-villas,/villas-10-personas-ibiza,301 Permanent,Idioma + especificidad. Target keyword capacidad exacta,villas 10 personas ibiza,650,200,11,220,ALTA,Duplicar template para: 8, 10, 12, 15, 20 personas.,Fase 2 - Semana 3
/contact-us,/contacto,301 Permanent,Idioma inconsistente. Simplificar URL,contacto ibiza villa,180,200,8,45,BAJA,URL estándar. Low priority pero necesario para coherencia.,Fase 3 - Semana 5
/about,/sobre-nosotros,301 Permanent,Idioma inconsistente. Alinear con estructura español,ibiza villa alquiler lujo,220,200,6,32,BAJA,Optimizar E-E-A-T signals: años experiencia, team, certificaciones.,Fase 3 - Semana 5
/faq.html,/preguntas-frecuentes-ibiza,301 Permanent,Remover .html + optimizar keyword local,preguntas frecuentes alquiler villas ibiza,380,200,4,110,MEDIA,"Implementar Schema FAQPage. 25 preguntas estructuradas",Fase 2 - Semana 4
/privacy-policy,/politica-privacidad,301 Permanent,Idioma inconsistente. Compliance GDPR,politica privacidad,90,200,2,8,BAJA,Legal compliance. Low traffic pero obligatorio.,Fase 3 - Semana 6
/terms,/terminos-condiciones,301 Permanent,Idioma inconsistente. Legal compliance,terminos condiciones alquiler villas,110,200,3,12,BAJA,Legal compliance. Update booking process links.,Fase 3 - Semana 6
/booking.php,/reserva-villa-ibiza,301 Permanent,Optimizar funnel conversión. URL transaccional clara,reservar villa ibiza,540,200,15,280,CRÍTICA,"Página crítica conversión. A/B test nueva URL. Medir impact CR",Fase 1 - Semana 1
/search-results,/villas-lujo-ibiza,302 Temporary,Redirect búsquedas vacías a categoría principal. Evitar 404s,villas lujo ibiza,2400,200,0,0,MEDIA,"302 porque puede cambiar lógica. Monitor analytics",Fase 2 - Semana 3
/ofertas-especiales,/villas-lujo-ibiza?ofertas=true,302 Temporary,Promociones temporales. Redirect a categoría con parámetro,villas lujo ibiza,2400,200,9,420,MEDIA,"302 porque ofertas cambian. Canonical a /villas-lujo-ibiza (sin parámetro)",Fase 2 - Semana 4
/old-villa-page-1,/villas/villa-can-terra-ibiza,301 Permanent,Migración vieja arquitectura. Villa renombrada,villa can terra ibiza,45,404,0,0,BAJA,Fix 404 error. Low priority (sin tráfico) pero mejora UX.,Fase 3 - Semana 6
/old-villa-page-2,/villas/villa-mar-azul-sant-josep,301 Permanent,Migración vieja arquitectura. Villa renombrada,villa mar azul sant josep,35,404,0,0,BAJA,Fix 404 error. Batch process 87 villas.,Fase 3 - Semana 6
/en/luxury-villas,/villas-lujo-ibiza,301 Permanent,Eliminar subdirectorio /en/. Sitio monoidioma español target market,villas lujo ibiza,2400,200,6,140,MEDIA,Verificar no hay contenido único EN antes de redirect. Merge si necesario.,Fase 2 - Semana 3
/es/villas-lujo,/villas-lujo-ibiza,301 Permanent,Eliminar subdirectorio /es/ redundante. Sitio ya es español,villas lujo ibiza,2400,200,4,95,MEDIA,Simplificar arquitectura. Español es idioma default.,Fase 2 - Semana 3
/sitemap.xml,/sitemap.xml,Keep (No change),Mantener. Esencial SEO técnico,,0,200,0,0,N/A,"Update sitemap después de implementar redirects. Submit GSC",Post-Redirects
/robots.txt,/robots.txt,Keep (No change),Mantener. Verificar no bloquea nuevas URLs,,0,200,0,0,N/A,Verificar después de nuevas URLs. Asegurar indexación.,Post-Redirects
/feed,/blog-ibiza/feed,301 Permanent,Mover RSS a subdirectorio blog. Arquitectura coherente,blog ibiza,850,200,2,15,BAJA,Update subscribers (si los hay). Notificar cambio.,Fase 3 - Semana 5