{
  "version": "1.0",
  "modulo_id": "m3.1",
  "titulo": "Análisis de Arquitectura Actual",
  "subtitulo": "Evaluación de estructura web, jerarquía de contenido y crawl efficiency",
  "fecha_analisis": "14/10/2025",
  "resumen_ejecutivo": {
    "score": 72,
    "score_class": "warning",
    "score_description": "Arquitectura funcional con oportunidades de optimización",
    "total_urls": 847,
    "urls_indexables": 623,
    "profundidad_media": "3.4",
    "crawl_efficiency": 73.5,
    "efficiency_status": "Mejorable",
    "diagnostico": "La arquitectura actual presenta una estructura base sólida con 4 niveles de profundidad. Sin embargo, el 18% de las URLs importantes están a más de 4 clics de la home, lo que afecta su visibilidad y crawl budget. Se detectaron 127 URLs huérfanas que requieren enlazado interno. La distribución de contenido es desbalanceada: 64% son páginas de propiedades individuales, pero solo 8% son contenido editorial que podría atraer tráfico top-of-funnel. Crawl efficiency del 73.5% indica que hay margen de mejora en la optimización de enlaces internos y estructura de categorías."
  },
  "estructura_actual": {
    "niveles": [
      {
        "numero": 0,
        "descripcion": "Homepage",
        "urls": 1,
        "porcentaje": 0.1,
        "estado": "Óptimo",
        "estado_class": "success"
      },
      {
        "numero": 1,
        "descripcion": "Categorías principales (Alquiler, Compra, Zonas, Blog)",
        "urls": 8,
        "porcentaje": 0.9,
        "estado": "Óptimo",
        "estado_class": "success"
      },
      {
        "numero": 2,
        "descripcion": "Subcategorías y listados",
        "urls": 142,
        "porcentaje": 16.8,
        "estado": "Correcto",
        "estado_class": "success"
      },
      {
        "numero": 3,
        "descripcion": "Páginas de propiedades y artículos",
        "urls": 543,
        "porcentaje": 64.1,
        "estado": "Alta concentración",
        "estado_class": "warning"
      },
      {
        "numero": 4,
        "descripcion": "Páginas profundas (galerías, fichas técnicas)",
        "urls": 127,
        "porcentaje": 15.0,
        "estado": "Atención",
        "estado_class": "warning"
      },
      {
        "numero": "5+",
        "descripcion": "URLs muy profundas",
        "urls": 26,
        "porcentaje": 3.1,
        "estado": "Crítico",
        "estado_class": "error"
      }
    ],
    "mapa_sitio": "<pre>Home (nivel 0)\n├── Alquiler Villas (nivel 1)\n│   ├── Por Zona (nivel 2)\n│   │   ├── Ibiza Centro (nivel 2)\n│   │   │   └── [Propiedades individuales] (nivel 3)\n│   │   ├── San Antonio (nivel 2)\n│   │   │   └── [Propiedades individuales] (nivel 3)\n│   │   ├── Santa Eulalia (nivel 2)\n│   │   │   └── [Propiedades individuales] (nivel 3)\n│   │   └── Es Vedrà (nivel 2)\n│   │       └── [Propiedades individuales] (nivel 3)\n│   ├── Por Capacidad (nivel 2)\n│   │   ├── 2-4 personas (nivel 2)\n│   │   ├── 5-8 personas (nivel 2)\n│   │   └── 9+ personas (nivel 2)\n│   └── Villas de Lujo (nivel 2)\n│       └── [Propiedades premium] (nivel 3)\n├── Compra Villas (nivel 1)\n│   └── [Similar estructura a Alquiler]\n├── Zonas de Ibiza (nivel 1)\n│   └── [Guías por zona] (nivel 2-3)\n└── Blog (nivel 1)\n    ├── Guías de viaje (nivel 2)\n    ├── Consejos alquiler (nivel 2)\n    └── Eventos Ibiza (nivel 2)\n        └── [Artículos individuales] (nivel 3-4)</pre>"
  },
  "metricas_crawl": {
    "total_crawled": 847,
    "total_indexable": 623,
    "duplicadas": 47,
    "porcentaje_duplicadas": 5.5,
    "huerfanas": 127,
    "tiempo_medio_carga": 2.34,
    "distribucion_status": [
      {
        "code": "200 OK",
        "cantidad": 623,
        "porcentaje": 73.6,
        "impacto": "Positivo - URLs indexables"
      },
      {
        "code": "301 Redirect",
        "cantidad": 89,
        "porcentaje": 10.5,
        "impacto": "Neutro - Redirects permanentes"
      },
      {
        "code": "302 Redirect",
        "cantidad": 18,
        "porcentaje": 2.1,
        "impacto": "Atención - Cambiar a 301"
      },
      {
        "code": "404 Not Found",
        "cantidad": 63,
        "porcentaje": 7.4,
        "impacto": "Negativo - Enlaces rotos"
      },
      {
        "code": "500 Server Error",
        "cantidad": 7,
        "porcentaje": 0.8,
        "impacto": "Crítico - Errores servidor"
      },
      {
        "code": "Blocked by robots.txt",
        "cantidad": 47,
        "porcentaje": 5.6,
        "impacto": "Revisar - Puede ser intencional"
      }
    ]
  },
  "profundidad_paginas": {
    "distribucion": [
      {
        "nivel": "0",
        "urls": 1,
        "porcentaje": 0.1
      },
      {
        "nivel": "1",
        "urls": 8,
        "porcentaje": 0.9
      },
      {
        "nivel": "2",
        "urls": 142,
        "porcentaje": 16.8
      },
      {
        "nivel": "3",
        "urls": 543,
        "porcentaje": 64.1
      },
      {
        "nivel": "4",
        "urls": 127,
        "porcentaje": 15.0
      },
      {
        "nivel": "5+",
        "urls": 26,
        "porcentaje": 3.1
      }
    ],
    "paginas_profundas": [
      {
        "url": "/villas/san-antonio/villa-sunset-deluxe/galeria-completa",
        "profundidad": "5",
        "trafico_organico": 342,
        "prioridad": "Alta"
      },
      {
        "url": "/blog/eventos/fiestas-ibiza-2025/calendario-mensual",
        "profundidad": "5",
        "trafico_organico": 287,
        "prioridad": "Alta"
      },
      {
        "url": "/villas/santa-eulalia/villa-mar-azul/tour-virtual-360",
        "profundidad": "5",
        "trafico_organico": 198,
        "prioridad": "Media"
      },
      {
        "url": "/zonas/es-vedra/restaurantes-recomendados",
        "profundidad": "4",
        "trafico_organico": 456,
        "prioridad": "Alta"
      },
      {
        "url": "/blog/guias-viaje/ibiza-con-ninos/actividades-familiares",
        "profundidad": "5",
        "trafico_organico": 523,
        "prioridad": "Alta"
      },
      {
        "url": "/villas/ibiza-centro/villa-moderna-piscina/plano-distribucion",
        "profundidad": "5",
        "trafico_organico": 124,
        "prioridad": "Media"
      }
    ],
    "insight": "El 18.1% de las URLs están a más de 4 clics de profundidad, incluyendo contenido con alto tráfico orgánico (hasta 523 sesiones/mes). Reducir la profundidad de estas páginas a 3 clics o menos podría mejorar su visibilidad en +30% según estudios de la industria. Prioridad: implementar enlaces contextuales desde nivel 2 hacia estas páginas críticas."
  },
  "analisis_categorias": {
    "secciones": [
      {
        "nombre": "Alquiler Villas",
        "urls": 447,
        "trafico": 18650,
        "profundidad_media": 3.2,
        "enlaces_internos": 3847,
        "estado": "Correcto",
        "estado_class": "success"
      },
      {
        "nombre": "Compra Villas",
        "urls": 124,
        "trafico": 3420,
        "profundidad_media": 3.4,
        "enlaces_internos": 892,
        "estado": "Mejorable",
        "estado_class": "warning"
      },
      {
        "nombre": "Zonas de Ibiza",
        "urls": 48,
        "trafico": 6780,
        "profundidad_media": 2.8,
        "enlaces_internos": 1247,
        "estado": "Óptimo",
        "estado_class": "success"
      },
      {
        "nombre": "Blog / Contenido Editorial",
        "urls": 67,
        "trafico": 9340,
        "profundidad_media": 3.6,
        "enlaces_internos": 534,
        "estado": "Infrautilizado",
        "estado_class": "warning"
      },
      {
        "nombre": "Páginas Institucionales",
        "urls": 12,
        "trafico": 890,
        "profundidad_media": 2.1,
        "enlaces_internos": 324,
        "estado": "Correcto",
        "estado_class": "success"
      },
      {
        "nombre": "Páginas Huérfanas",
        "urls": 127,
        "trafico": 1240,
        "profundidad_media": 0,
        "enlaces_internos": 0,
        "estado": "Crítico",
        "estado_class": "error"
      }
    ],
    "recomendaciones": [
      {
        "categoria": "Alquiler Villas",
        "recomendacion": "Implementar filtros dinámicos en nivel 2 para reducir profundidad de propiedades populares"
      },
      {
        "categoria": "Compra Villas",
        "recomendacion": "Aumentar enlaces internos desde blog y guías de zonas hacia propiedades en venta"
      },
      {
        "categoria": "Blog",
        "recomendacion": "Crear hub de contenido en nivel 2 y enlazar artículos relacionados entre sí (topic clusters)"
      },
      {
        "categoria": "Páginas Huérfanas",
        "recomendacion": "CRÍTICO: Enlazar desde categorías relevantes o considerar 301 redirect si obsoletas"
      }
    ]
  },
  "distribucion_contenido": {
    "tipos": [
      {
        "nombre": "Fichas de propiedades",
        "cantidad": 571,
        "porcentaje": 67.4,
        "trafico_promedio": 42,
        "evaluacion": "Sobrerepresentadas - Diversificar contenido"
      },
      {
        "nombre": "Páginas de categoría / listados",
        "cantidad": 142,
        "porcentaje": 16.8,
        "trafico_promedio": 187,
        "evaluacion": "Correcto - Alto rendimiento por página"
      },
      {
        "nombre": "Artículos de blog",
        "cantidad": 67,
        "porcentaje": 7.9,
        "trafico_promedio": 139,
        "evaluacion": "Infrautilizado - Gran potencial SEO"
      },
      {
        "nombre": "Guías de zonas",
        "cantidad": 48,
        "porcentaje": 5.7,
        "trafico_promedio": 141,
        "evaluacion": "Buen rendimiento - Ampliar"
      },
      {
        "nombre": "Páginas institucionales",
        "cantidad": 12,
        "porcentaje": 1.4,
        "trafico_promedio": 74,
        "evaluacion": "Adecuado"
      },
      {
        "nombre": "Otros (galerías, tours virtuales)",
        "cantidad": 7,
        "porcentaje": 0.8,
        "trafico_promedio": 156,
        "evaluacion": "Bajo volumen pero alto engagement"
      }
    ],
    "analisis": "La arquitectura está muy centrada en fichas de propiedades (67.4%), lo cual es lógico para un negocio inmobiliario, pero limita el potencial SEO. El blog representa solo el 7.9% del contenido pero genera 139 sesiones promedio por página, versus 42 sesiones de las fichas de propiedad.\n\nRecomendación: Aumentar contenido editorial al 15-20% del sitio (actualmente 7.9%). Crear 30-50 artículos optimizados sobre temas como 'mejores villas ibiza con piscina', 'alquiler villa ibiza mes agosto', 'zonas tranquilas ibiza familias', etc. Esto atraerá tráfico top-of-funnel que luego puede convertirse en leads."
  },
  "problemas_detectados": [
    {
      "severidad": "Alta",
      "titulo": "127 URLs Huérfanas sin Enlaces Internos",
      "descripcion": "Se detectaron 127 páginas que no reciben ningún enlace interno desde otras páginas del sitio. Estas páginas solo son accesibles directamente via URL o desde enlaces externos, lo que dificulta su crawling y reduce su autoridad.",
      "impacto": "Estas páginas tienen un 73% menos de tráfico orgánico que páginas similares bien enlazadas. Pérdida estimada: 1,200-1,500 sesiones orgánicas mensuales. Además, Google puede tardar semanas en descubrir cambios o nuevo contenido en estas URLs.",
      "urls_afectadas": 127,
      "ejemplos": [
        "/villas/san-antonio/villa-sol-naciente-2024",
        "/blog/consejos/mejor-epoca-alquilar-villa-ibiza",
        "/zonas/cala-conta/caracteristicas-playa"
      ]
    },
    {
      "severidad": "Alta",
      "titulo": "18% de URLs Importantes a >4 Clics de Profundidad",
      "descripcion": "El 18.1% de las URLs están a más de 4 clics desde la homepage, incluyendo páginas con alto potencial de tráfico. Google recomienda mantener las páginas importantes a máximo 3 clics.",
      "impacto": "Las páginas a >4 clics reciben 40-60% menos crawl budget y tienen menor probabilidad de rankear para keywords competitivas. Además, usuarios abandonan en navegaciones largas (cada clic adicional = -10% tasa de conversión).",
      "urls_afectadas": 153,
      "ejemplos": [
        "/blog/eventos/fiestas-ibiza-2025/calendario-mensual (5 clics, 287 sesiones/mes)",
        "/villas/san-antonio/villa-sunset-deluxe/galeria-completa (5 clics, 342 sesiones/mes)"
      ]
    },
    {
      "severidad": "Media",
      "titulo": "Desequilibrio en Distribución de Enlaces Internos",
      "descripcion": "Las páginas de nivel 3 (propiedades individuales) representan el 64% del contenido pero reciben solo el 38% de los enlaces internos. Mientras tanto, 8 páginas de nivel 1 acumulan el 31% de todos los enlaces.",
      "impacto": "Distribución ineficiente de PageRank interno. Las propiedades individuales (que son las que monetizan) no reciben suficiente autoridad para competir en SERPs. Potencial de mejora: +20-30% tráfico a fichas de propiedades con mejor enlazado.",
      "urls_afectadas": 543,
      "ejemplos": []
    },
    {
      "severidad": "Media",
      "titulo": "Contenido Editorial Infrautilizado (Solo 7.9%)",
      "descripcion": "El blog y contenido editorial representa menos del 8% del sitio, limitando severamente el potencial de atraer tráfico top-of-funnel y long-tail keywords.",
      "impacto": "Competidores con 15-20% de contenido editorial generan 2-3x más tráfico orgánico en keywords informacionales que luego convierten. Oportunidad perdida estimada: 8,000-12,000 sesiones orgánicas mensuales.",
      "urls_afectadas": 0,
      "ejemplos": [
        "Keywords sin cobertura: 'que hacer en ibiza con niños', 'mejores calas ibiza familias', 'ibiza o mallorca para vacaciones'"
      ]
    },
    {
      "severidad": "Baja",
      "titulo": "63 Enlaces Rotos (404)",
      "descripcion": "Se detectaron 63 URLs con status 404, la mayoría provenientes de enlaces internos en artículos antiguos del blog y fichas de propiedades descatalogadas.",
      "impacto": "Pérdida menor de PageRank interno y experiencia de usuario negativa. No es crítico pero debe corregirse para optimizar crawl budget y UX.",
      "urls_afectadas": 63,
      "ejemplos": [
        "/villas/antigua-propiedad-2019",
        "/blog/eventos/fiesta-closing-2020"
      ]
    }
  ],
  "benchmark_competencia": {
    "sitios": [
      {
        "nombre": "Ibiza Villa",
        "es_tuyo": true,
        "total_urls": 847,
        "profundidad_media": 3.4,
        "niveles_jerarquia": "4-5",
        "crawl_efficiency": 73.5,
        "score": 72,
        "score_class": "medium"
      },
      {
        "nombre": "Villa Select Ibiza",
        "es_tuyo": false,
        "total_urls": 1247,
        "profundidad_media": 2.9,
        "niveles_jerarquia": "3-4",
        "crawl_efficiency": 84.2,
        "score": 87,
        "score_class": "high"
      },
      {
        "nombre": "Luxury Villas Ibiza",
        "es_tuyo": false,
        "total_urls": 634,
        "profundidad_media": 3.1,
        "niveles_jerarquia": "4",
        "crawl_efficiency": 79.8,
        "score": 81,
        "score_class": "high"
      },
      {
        "nombre": "Ibiza Premium Properties",
        "es_tuyo": false,
        "total_urls": 892,
        "profundidad_media": 3.6,
        "niveles_jerarquia": "4-5",
        "crawl_efficiency": 71.3,
        "score": 69,
        "score_class": "medium"
      }
    ],
    "insights": [
      "Tu sitio tiene profundidad media superior a los 2 competidores top (3.4 vs 2.9-3.1 clics)",
      "Villa Select lidera con 84.2% crawl efficiency (+10.7 pts vs ti) gracias a mejor enlazado interno",
      "Oportunidad: Reducir profundidad a <3.0 clics te situaría en top 2 del sector",
      "Tu volumen de URLs (847) es medio-alto, pero 127 están huérfanas (vs 0-15 en competencia)",
      "Competidores top tienen 15-20% contenido editorial vs tu 7.9% - margen de mejora significativo"
    ]
  },
  "oportunidades_mejora": [
    {
      "titulo": "Reducir Profundidad de Páginas High-Traffic",
      "descripcion": "Implementar enlaces directos desde nivel 2 (categorías) hacia las 26 páginas que están a 5+ clics pero generan >100 sesiones/mes. Esto reduciría su profundidad a 3 clics.",
      "impacto": "Alto",
      "esfuerzo": "2-3 horas",
      "beneficio": "+800-1,200 sesiones orgánicas/mes, mejor crawl budget"
    },
    {
      "titulo": "Eliminar URLs Huérfanas via Enlazado Interno",
      "descripcion": "Crear estrategia de enlazado interno para las 127 URLs huérfanas: enlaces contextuales desde blog, sidebar 'propiedades relacionadas', y breadcrumbs mejorados.",
      "impacto": "Alto",
      "esfuerzo": "6-8 horas",
      "beneficio": "+1,200-1,500 sesiones/mes, mejor indexación"
    },
    {
      "titulo": "Ampliar Contenido Editorial (Blog)",
      "descripcion": "Crear 40-50 artículos de blog optimizados para keywords informacionales y long-tail: guías de zonas, consejos de alquiler, actividades Ibiza, etc. Pasar de 67 a 110-120 artículos.",
      "impacto": "Muy Alto",
      "esfuerzo": "40-50 horas (contenido) + 8 horas (arquitectura)",
      "beneficio": "+8,000-12,000 sesiones/mes, mejor conversión funnel"
    },
    {
      "titulo": "Optimizar Distribución de PageRank Interno",
      "descripcion": "Rebalancear enlaces internos: reducir enlaces a nivel 1 (ya tienen mucha autoridad) y aumentar enlaces hacia nivel 3 (fichas de propiedades que monetizan).",
      "impacto": "Medio-Alto",
      "esfuerzo": "4-6 horas",
      "beneficio": "+20-30% tráfico a fichas propiedades, mejor rankings"
    },
    {
      "titulo": "Implementar Arquitectura de Faceted Navigation",
      "descripcion": "Añadir filtros dinámicos (precio, capacidad, amenities) en páginas de categoría para reducir profundidad y mejorar UX. Incluir canonical tags para evitar duplicados.",
      "impacto": "Medio",
      "esfuerzo": "15-20 horas (desarrollo)",
      "beneficio": "Profundidad -0.5 clics promedio, +15% conversión"
    },
    {
      "titulo": "Corregir 63 Enlaces Rotos (404)",
      "descripcion": "Identificar origen de los 63 enlaces a 404, actualizar URLs o implementar 301 redirects apropiados.",
      "impacto": "Bajo-Medio",
      "esfuerzo": "2-3 horas",
      "beneficio": "Mejor UX, recuperar PageRank perdido"
    }
  ],
  "recomendaciones": [
    {
      "prioridad": "A",
      "titulo": "Reducir Profundidad de URLs High-Traffic a ≤3 Clics",
      "descripcion": "Implementar enlaces directos desde nivel 2 hacia las 26 páginas críticas que están a 5+ clics. Crear widgets 'Destacados' o 'Más Visitados' en páginas de categoría. Añadir enlaces contextuales en blog hacia estas páginas.",
      "esfuerzo": "2-3 horas",
      "impacto_esperado": "+25-30% tráfico en páginas afectadas",
      "kpis": "Profundidad media: 3.4 → 3.0 clics, Sesiones: +800-1,200/mes"
    },
    {
      "prioridad": "A",
      "titulo": "Enlazar 127 URLs Huérfanas",
      "descripcion": "CRÍTICO: Añadir enlaces internos a las 127 páginas huérfanas. Implementar: (1) Enlaces contextuales en contenido relacionado, (2) Sidebar 'Propiedades Relacionadas', (3) Breadcrumbs en todas las páginas, (4) Footer con enlaces a secciones principales.",
      "esfuerzo": "6-8 horas",
      "impacto_esperado": "+1,200-1,500 sesiones orgánicas/mes",
      "kpis": "URLs huérfanas: 127 → 0, Crawl efficiency: 73.5% → 82%"
    },
    {
      "prioridad": "A",
      "titulo": "Ampliar Blog de 67 a 120 Artículos (Top-of-Funnel)",
      "descripcion": "Crear 50+ artículos optimizados para keywords informacionales: guías de zonas (15), consejos alquiler (12), actividades y eventos (15), comparativas villas (8). Implementar topic clusters con pillar pages. Cada artículo debe enlazar a 3-5 fichas de propiedades relevantes.",
      "esfuerzo": "40-50 horas contenido + 8 horas arquitectura",
      "impacto_esperado": "+8,000-12,000 sesiones/mes, conversión a leads +15%",
      "kpis": "Contenido editorial: 7.9% → 16%, Tráfico blog: +300%"
    },
    {
      "prioridad": "B",
      "titulo": "Rebalancear Distribución de Enlaces Internos",
      "descripcion": "Auditar y optimizar enlaces internos: reducir concentración en nivel 1 (31% → 20%), aumentar enlaces a nivel 3 (38% → 50%). Implementar enlaces relacionados automáticos en fichas de propiedades basados en ubicación/características.",
      "esfuerzo": "4-6 horas",
      "impacto_esperado": "+20-30% tráfico fichas propiedades",
      "kpis": "PageRank interno optimizado, CTR interno +15%"
    },
    {
      "prioridad": "B",
      "titulo": "Implementar Faceted Navigation en Categorías",
      "descripcion": "Añadir filtros (precio, capacidad, piscina, vistas mar, etc.) en páginas de listados. Usar canonical tags y parámetros URL para evitar duplicados. Esto reduce profundidad efectiva y mejora UX.",
      "esfuerzo": "15-20 horas desarrollo",
      "impacto_esperado": "Profundidad -0.5 clics, conversión +15%",
      "kpis": "Bounce rate listados: -12%, Time on page: +25%"
    },
    {
      "prioridad": "B",
      "titulo": "Corregir 63 Enlaces Rotos y 18 Redirects 302→301",
      "descripcion": "Actualizar enlaces internos que apuntan a 404s. Cambiar redirects temporales (302) a permanentes (301) para transferir PageRank correctamente.",
      "esfuerzo": "2-3 horas",
      "impacto_esperado": "Mejor UX, recuperar PageRank",
      "kpis": "404 errors: 63 → 0, 302 redirects: 18 → 0"
    },
    {
      "prioridad": "C",
      "titulo": "Optimizar Estructura de URLs (Nice-to-Have)",
      "descripcion": "Revisar URLs largas o con parámetros innecesarios. Simplificar estructura manteniendo keywords relevantes. Ej: '/villas/alquiler/ibiza-centro/villa-moderna' → '/villas/ibiza-centro/villa-moderna-alquiler'",
      "esfuerzo": "8-10 horas + testing",
      "impacto_esperado": "Mejora marginal en CTR y usabilidad",
      "kpis": "URLs optimizadas: 150-200 páginas principales"
    }
  ]
}
