{
  "version": "1.0",
  "modulo_id": "m3.2",
  "titulo": "Keyword-to-Architecture Mapping",
  "subtitulo": "Mapeo de keywords a estructura de URLs óptima",
  "fecha_analisis": "14/10/2025",
  "resumen_ejecutivo": {
    "total_keywords": 347,
    "keywords_prioritarias": 89,
    "keywords_sin_url": 67,
    "urls_sin_keyword": 34,
    "conflictos": 12,
    "trafico_potencial_keywords_sin_url": 8750,
    "trafico_potencial_nuevas_urls": 12340,
    "trafico_nuevas_categorias": 15680,
    "diagnostico": "El análisis revela gaps significativos en el mapeo keyword-URL. 67 keywords con alto volumen (promedio 130 búsquedas/mes) no tienen URL dedicada, representando una pérdida estimada de 8,750 sesiones mensuales. Se detectaron 12 casos de canibalización donde múltiples URLs compiten por la misma keyword, diluyendo autoridad. Adicionalmente, 34 URLs con tráfico orgánico no tienen keyword objetivo clara, indicando falta de optimización estratégica. La implementación del mapping propuesto podría generar +12,340 sesiones/mes adicionales.",
    "beneficios_mapping": [
      "Eliminación de 12 conflictos de canibalización (+15-20% tráfico en keywords afectadas)",
      "Captura de 67 keywords actualmente sin cobertura (+8,750 sesiones/mes)",
      "Optimización de 34 URLs sin foco claro (+2,100 sesiones/mes estimadas)",
      "Reducción profundidad promedio de keywords high-value: 3.4 → 2.8 clics",
      "Mejora en relevancia temática y topic clusters"
    ]
  },
  "keywords_sin_url": [
    {
      "keyword": "alquiler villa ibiza con piscina privada",
      "volumen": 590,
      "dificultad": "Media",
      "dificultad_class": "media",
      "intencion": "Transaccional",
      "url_propuesta": "/villas-piscina-privada-ibiza",
      "prioridad": "A"
    },
    {
      "keyword": "villas de lujo frente al mar ibiza",
      "volumen": 480,
      "dificultad": "Alta",
      "dificultad_class": "dificil",
      "intencion": "Transaccional",
      "url_propuesta": "/villas-primera-linea-mar",
      "prioridad": "A"
    },
    {
      "keyword": "mejores zonas alquilar villa ibiza",
      "volumen": 430,
      "dificultad": "Media",
      "dificultad_class": "media",
      "intencion": "Informacional",
      "url_propuesta": "/blog/mejores-zonas-ibiza-alquiler-villas",
      "prioridad": "A"
    },
    {
      "keyword": "villa ibiza para grupos grandes",
      "volumen": 390,
      "dificultad": "Baja",
      "dificultad_class": "facil",
      "intencion": "Transaccional",
      "url_propuesta": "/villas/capacidad/10-personas-mas",
      "prioridad": "A"
    },
    {
      "keyword": "alquiler villa ibiza agosto precio",
      "volumen": 320,
      "dificultad": "Media",
      "dificultad_class": "media",
      "intencion": "Transaccional",
      "url_propuesta": "/villas/agosto-temporada-alta",
      "prioridad": "B"
    },
    {
      "keyword": "villas ibiza con servicio catering",
      "volumen": 280,
      "dificultad": "Baja",
      "dificultad_class": "facil",
      "intencion": "Transaccional",
      "url_propuesta": "/villas/servicios-premium/catering",
      "prioridad": "B"
    },
    {
      "keyword": "villa ibiza bodas eventos",
      "volumen": 260,
      "dificultad": "Media",
      "dificultad_class": "media",
      "intencion": "Transaccional",
      "url_propuesta": "/villas-eventos-bodas",
      "prioridad": "B"
    },
    {
      "keyword": "cuanto cuesta alquilar villa ibiza semana",
      "volumen": 240,
      "dificultad": "Baja",
      "dificultad_class": "facil",
      "intencion": "Informacional",
      "url_propuesta": "/blog/precios-alquiler-villas-ibiza-2025",
      "prioridad": "A"
    },
    {
      "keyword": "villa ibiza ultima hora descuento",
      "volumen": 210,
      "dificultad": "Baja",
      "dificultad_class": "facil",
      "intencion": "Transaccional",
      "url_propuesta": "/ofertas-ultima-hora",
      "prioridad": "B"
    },
    {
      "keyword": "villa ibiza pet friendly perros",
      "volumen": 190,
      "dificultad": "Baja",
      "dificultad_class": "facil",
      "intencion": "Transaccional",
      "url_propuesta": "/villas/pet-friendly-mascotas",
      "prioridad": "C"
    }
  ],
  "urls_sin_keyword": [
    {
      "url": "/propiedades/destacadas",
      "trafico": 156,
      "keywords_ranking": 23,
      "problema": "Sin keyword primaria clara, ranking disperso en keywords genéricas",
      "accion": "Optimizar para 'villas destacadas ibiza' o redirigir a categoría específica"
    },
    {
      "url": "/servicios-adicionales",
      "trafico": 89,
      "keywords_ranking": 12,
      "problema": "Contenido genérico sin foco en búsquedas específicas",
      "accion": "Crear subpáginas específicas: chef privado, transfer, limpieza, etc."
    },
    {
      "url": "/galeria",
      "trafico": 67,
      "keywords_ranking": 8,
      "problema": "Tráfico bajo para contenido visual, falta contexto SEO",
      "accion": "Integrar galerías en fichas de propiedades con alt text optimizado"
    },
    {
      "url": "/contacto/gracias",
      "trafico": 12,
      "keywords_ranking": 2,
      "problema": "Página de confirmación indexada sin valor SEO",
      "accion": "Noindex + 301 redirect después de 3 segundos"
    }
  ],
  "mapping_actual": [
    {
      "keyword": "alquiler villas ibiza",
      "url": "/villas",
      "posicion": "8"
    },
    {
      "keyword": "villas de lujo ibiza",
      "url": "/villas/lujo",
      "posicion": "12"
    },
    {
      "keyword": "alquiler villa san antonio",
      "url": "/villas/san-antonio",
      "posicion": "15"
    },
    {
      "keyword": "villas ibiza playa",
      "url": "/villas",
      "posicion": "23"
    },
    {
      "keyword": "inmobiliaria ibiza",
      "url": "/",
      "posicion": "No ranking"
    }
  ],
  "mapping_propuesto": [
    {
      "keyword": "alquiler villas ibiza",
      "url": "/alquiler-villas-ibiza",
      "es_nuevo": true,
      "mejora": "Nueva landing page optimizada"
    },
    {
      "keyword": "villas de lujo ibiza",
      "url": "/villas/lujo",
      "es_nuevo": false,
      "mejora": "Optimizar contenido +50%, +enlaces internos"
    },
    {
      "keyword": "alquiler villa san antonio",
      "url": "/villas/san-antonio",
      "es_nuevo": false,
      "mejora": "Añadir filtros, reducir a nivel 2"
    },
    {
      "keyword": "villas ibiza playa",
      "url": "/villas-primera-linea-playa",
      "es_nuevo": true,
      "mejora": "Nueva categoría específica"
    },
    {
      "keyword": "inmobiliaria ibiza",
      "url": "/compra-villas-ibiza",
      "es_nuevo": true,
      "mejora": "Nueva sección compra separada de alquiler"
    }
  ],
  "conflictos_cannibalizacion": [
    {
      "keyword": "alquiler villa ibiza",
      "volumen": 2400,
      "severidad": "Alta",
      "posicion_flotante": "Varía entre pos. 8-15",
      "urls_compitiendo": [
        {
          "url": "/villas",
          "posicion": 8.3,
          "clics": 124,
          "trafico_potencial": 720,
          "es_ganadora_propuesta": false
        },
        {
          "url": "/alquiler",
          "posicion": 12.7,
          "clics": 67,
          "trafico_potencial": 960,
          "es_ganadora_propuesta": true
        },
        {
          "url": "/",
          "posicion": 14.2,
          "clics": 45,
          "trafico_potencial": 1200,
          "es_ganadora_propuesta": false
        }
      ],
      "solucion": "Consolidar en nueva landing page optimizada '/alquiler-villas-ibiza'. Implementar canonicals desde /villas y homepage hacia esta URL. Añadir 301 redirect de /alquiler a la nueva URL. Concentrar enlaces internos en URL ganadora.",
      "impacto_resolucion": "+320 clics/mes estimados al consolidar autoridad en URL única (de 236 actual a 556)"
    },
    {
      "keyword": "villas de lujo ibiza",
      "volumen": 1800,
      "severidad": "Media",
      "posicion_flotante": "Varía entre pos. 10-18",
      "urls_compitiendo": [
        {
          "url": "/villas/lujo",
          "posicion": 10.8,
          "clics": 89,
          "trafico_potencial": 540,
          "es_ganadora_propuesta": true
        },
        {
          "url": "/villas/premium",
          "posicion": 15.3,
          "clics": 34,
          "trafico_potencial": 540,
          "es_ganadora_propuesta": false
        }
      ],
      "solucion": "Mantener '/villas/lujo' como URL principal. 301 redirect de /villas/premium a /villas/lujo. Migrar contenido único de premium a lujo. Actualizar enlaces internos.",
      "impacto_resolucion": "+180 clics/mes al unificar señales"
    },
    {
      "keyword": "villa ibiza con piscina",
      "volumen": 1200,
      "severidad": "Media",
      "posicion_flotante": "Varía entre pos. 12-20",
      "urls_compitiendo": [
        {
          "url": "/villas/amenities/piscina",
          "posicion": 12.4,
          "clics": 67,
          "trafico_potencial": 360,
          "es_ganadora_propuesta": true
        },
        {
          "url": "/villas/caracteristicas/piscina-privada",
          "posicion": 18.9,
          "clics": 23,
          "trafico_potencial": 360,
          "es_ganadora_propuesta": false
        }
      ],
      "solucion": "Consolidar en '/villas-piscina-ibiza' (nueva URL optimizada nivel 2). 301 redirects de ambas URLs antiguas. Esta keyword merece categoría propia por su volumen.",
      "impacto_resolucion": "+240 clics/mes + mejor UX con categoría dedicada"
    }
  ],
  "oportunidades_nuevas_urls": [
    {
      "url": "/villas-piscina-privada-ibiza",
      "keywords": [
        {"keyword": "alquiler villa ibiza con piscina privada", "volumen": 590},
        {"keyword": "villa ibiza piscina infinity", "volumen": 180},
        {"keyword": "villas piscina climatizada ibiza", "volumen": 120}
      ],
      "volumen_total": 890,
      "tipo_contenido": "Página de categoría con filtros",
      "prioridad": "A",
      "esfuerzo": "8-10 horas"
    },
    {
      "url": "/villas-primera-linea-mar",
      "keywords": [
        {"keyword": "villas de lujo frente al mar ibiza", "volumen": 480},
        {"keyword": "villa ibiza vistas mar", "volumen": 290},
        {"keyword": "alquiler villa playa ibiza", "volumen": 340}
      ],
      "volumen_total": 1110,
      "tipo_contenido": "Página de categoría premium",
      "prioridad": "A",
      "esfuerzo": "10-12 horas"
    },
    {
      "url": "/blog/mejores-zonas-ibiza-alquiler-villas",
      "keywords": [
        {"keyword": "mejores zonas alquilar villa ibiza", "volumen": 430},
        {"keyword": "donde alojarse ibiza villa", "volumen": 210},
        {"keyword": "zonas tranquilas ibiza villas", "volumen": 160}
      ],
      "volumen_total": 800,
      "tipo_contenido": "Artículo de blog long-form (2000+ palabras)",
      "prioridad": "A",
      "esfuerzo": "6-8 horas"
    },
    {
      "url": "/villas-eventos-bodas",
      "keywords": [
        {"keyword": "villa ibiza bodas eventos", "volumen": 260},
        {"keyword": "alquiler villa bodas ibiza", "volumen": 180},
        {"keyword": "finca eventos ibiza", "volumen": 140}
      ],
      "volumen_total": 580,
      "tipo_contenido": "Landing page especializada",
      "prioridad": "B",
      "esfuerzo": "12-15 horas"
    },
    {
      "url": "/blog/precios-alquiler-villas-ibiza-2025",
      "keywords": [
        {"keyword": "cuanto cuesta alquilar villa ibiza semana", "volumen": 240},
        {"keyword": "precio medio alquiler villa ibiza", "volumen": 190},
        {"keyword": "alquiler villa ibiza barata", "volumen": 380}
      ],
      "volumen_total": 810,
      "tipo_contenido": "Artículo informativo con tablas de precios",
      "prioridad": "A",
      "esfuerzo": "5-7 horas"
    },
    {
      "url": "/ofertas-ultima-hora",
      "keywords": [
        {"keyword": "villa ibiza ultima hora descuento", "volumen": 210},
        {"keyword": "ofertas villas ibiza", "volumen": 320},
        {"keyword": "descuentos alquiler villa ibiza", "volumen": 150}
      ],
      "volumen_total": 680,
      "tipo_contenido": "Página dinámica con disponibilidad real-time",
      "prioridad": "B",
      "esfuerzo": "15-20 horas (incluye desarrollo)"
    }
  ],
  "recomendaciones": [
    {
      "prioridad": "A",
      "titulo": "Resolver 12 Conflictos de Canibalización",
      "descripcion": "Consolidar URLs que compiten por las mismas keywords mediante 301 redirects y canonicals. Priorizar los 3 conflictos de severidad alta que afectan keywords con 1200-2400 búsquedas/mes. Implementar redirects, actualizar enlaces internos y migrar contenido único.",
      "esfuerzo": "6-8 horas",
      "impacto_esperado": "+740 clics/mes, rankings más estables",
      "urls_afectadas": "27 URLs (compitiendo + enlazantes)"
    },
    {
      "prioridad": "A",
      "titulo": "Crear 6 URLs Nuevas para Keywords sin Cobertura",
      "descripcion": "Desarrollar las 6 URLs propuestas con mayor potencial (volumen total 4,870 búsquedas/mes): villas piscina privada, primera línea mar, mejores zonas (blog), eventos/bodas, precios 2025 (blog), ofertas última hora. Cada URL debe tener contenido original, optimización on-page completa y estrategia de enlazado interno.",
      "esfuerzo": "56-74 horas (todas las URLs)",
      "impacto_esperado": "+4,200-5,800 sesiones/mes en 6-9 meses",
      "urls_afectadas": "6 URLs nuevas"
    },
    {
      "prioridad": "A",
      "titulo": "Optimizar 34 URLs sin Keyword Objetivo Clara",
      "descripcion": "Auditar las 34 URLs con tráfico orgánico pero sin keyword primaria definida. Para cada una: (1) Identificar keyword objetivo basada en rankings actuales, (2) Optimizar title/H1/contenido para esa keyword, (3) Añadir enlaces internos relevantes, o (4) Si no hay keyword viable, considerar noindex o 301 redirect.",
      "esfuerzo": "10-12 horas",
      "impacto_esperado": "+2,100 sesiones/mes, mejor relevancia",
      "urls_afectadas": "34 URLs"
    },
    {
      "prioridad": "B",
      "titulo": "Implementar Sistema de Tracking de Keyword-URL",
      "descripcion": "Crear spreadsheet o herramienta interna que documente: keyword objetivo primaria y secundarias por URL, volumen, posición actual, fecha última optimización. Actualizar mensualmente. Esto previene futura canibalización y asegura que cada keyword tiene URL owner única.",
      "esfuerzo": "4-5 horas setup + 2 horas/mes mantenimiento",
      "impacto_esperado": "Prevención de canibalización futura, mejor organización",
      "urls_afectadas": "Todas las URLs del sitio"
    },
    {
      "prioridad": "B",
      "titulo": "Crear Topic Clusters para Mejorar Autoridad Temática",
      "descripcion": "Organizar contenido en clusters temáticos: (1) Cluster 'Zonas de Ibiza' con pillar page y 8-10 artículos satelite, (2) Cluster 'Tipos de Villas' (lujo, playa, eventos, grupos), (3) Cluster 'Guías Prácticas' (precios, temporadas, consejos). Implementar enlaces internos robustos dentro de cada cluster.",
      "esfuerzo": "15-20 horas",
      "impacto_esperado": "+25% autoridad en topics principales, mejor rankings",
      "urls_afectadas": "40-50 URLs en clusters"
    },
    {
      "prioridad": "C",
      "titulo": "Migrar a Estructura de URL más Semántica",
      "descripcion": "Revisar y simplificar estructura de URLs donde sea necesario. Ejemplo: '/villas/amenities/piscina' → '/villas-piscina'. URLs más cortas y descriptivas mejoran CTR y son más fáciles de rankear. Implementar con 301 redirects cuidadosos.",
      "esfuerzo": "20-25 horas + testing exhaustivo",
      "impacto_esperado": "+5-8% CTR en SERPs, ligera mejora rankings",
      "urls_afectadas": "80-100 URLs candidatas a simplificación"
    }
  ]
}
