{
  "resumen_ejecutivo": {
    "puntuacion_actual": 72,
    "puntuacion_objetivo": 91,
    "mejora_estimada": "+26%",
    "score_actual": 72,
    "score_propuesto": 91,
    "mejora_score": 19,
    "profundidad_actual": 4.2,
    "profundidad_propuesta": 3.1,
    "urls_actuales": 847,
    "urls_propuestas": 723,
    "reduccion_urls": "14.6%",
    "nuevas_categorias": 6,
    "trafico_incremental_estimado": "+38%",
    "trafico_estimado": 3200
  },
  "comparativa_antes_despues": {
    "actual": {
      "total_urls": 847,
      "profundidad_media": 4.2,
      "niveles": 6,
      "huerfanas": 127,
      "crawl_efficiency": 43.2,
      "problemas": [
        "73.6% de páginas a más de 3 clics de profundidad",
        "127 URLs huérfanas sin enlaces internos",
        "6 niveles de profundidad excesivos",
        "Navegación por facetas genera URLs duplicadas",
        "Estructura no optimizada para keywords principales"
      ]
    },
    "propuesta": {
      "total_urls": 723,
      "profundidad_media": 3.1,
      "niveles": 4,
      "huerfanas": 0,
      "crawl_efficiency": 78.5,
      "mejoras": [
        "Reducción a 4 niveles máximo de profundidad",
        "Eliminación total de URLs huérfanas",
        "Estructura keyword-driven con hubs temáticos",
        "Breadcrumbs multinivel para mejor UX",
        "Internal linking semántico automatizado"
      ]
    },
    "antes": {
      "niveles_promedio": 4.2,
      "paginas_nivel_3_mas": 623,
      "porcentaje_paginas_profundas": "73.6%",
      "urls_huerfanas": 127,
      "clics_para_producto": 4.8,
      "tasa_conversion_promedio": "1.2%"
    },
    "despues": {
      "niveles_promedio": 3.1,
      "paginas_nivel_3_mas": 198,
      "porcentaje_paginas_profundas": "27.4%",
      "urls_huerfanas": 0,
      "clics_para_producto": 2.9,
      "tasa_conversion_estimada": "2.3%"
    }
  },
  "estructura_propuesta": {
    "mapa_visual": "<div class='sitemap-level'><div class='level-0'><strong>Homepage</strong> (/)</div><div class='level-1'><div>Villas Lujo</div><div>Alquiler Villas</div><div>Zonas</div><div>Servicios</div><div>Experiencias</div><div>Eventos/Bodas</div><div>Sobre Nosotros</div><div>Contacto</div></div><div class='level-2'><div>Primera Línea Mar</div><div>Vistas Mar</div><div>Piscina Infinita</div><div>San Antonio</div><div>Santa Eulalia</div><div>Es Vedrà</div><div>...</div></div><div class='level-3'><div>Villa Sunset Paradise</div><div>Villa Mediterranean Dream</div><div>Villa Cala Conta Luxury</div><div>...</div></div></div>",
    "niveles": [
      {
        "numero": 0,
        "descripcion": "Homepage",
        "urls_actual": 1,
        "urls_propuesto": 1
      },
      {
        "numero": 1,
        "descripcion": "Categorías Principales",
        "urls_actual": 6,
        "urls_propuesto": 8
      },
      {
        "numero": 2,
        "descripcion": "Subcategorías y Zonificación",
        "urls_actual": 28,
        "urls_propuesto": 42
      },
      {
        "numero": 3,
        "descripcion": "Páginas de Producto (Villas) y Contenido",
        "urls_actual": 589,
        "urls_propuesto": 485
      },
      {
        "numero": 4,
        "descripcion": "Contenido de Apoyo y Blog",
        "urls_actual": 96,
        "urls_propuesto": 187
      },
      {
        "numero": 5,
        "descripcion": "Páginas Profundas (a eliminar)",
        "urls_actual": 127,
        "urls_propuesto": 0
      }
    ],
    "distribucion_niveles": [
      {
        "nivel": 0,
        "descripcion": "Homepage",
        "cantidad": 1,
        "ejemplos": ["/"]
      },
      {
        "nivel": 1,
        "descripcion": "Categorías Principales",
        "cantidad": 8,
        "ejemplos": [
          "/villas-lujo-ibiza",
          "/alquiler-villas",
          "/zonas",
          "/servicios",
          "/experiencias",
          "/eventos-bodas",
          "/sobre-nosotros",
          "/contacto"
        ]
      },
      {
        "nivel": 2,
        "descripcion": "Subcategorías y Zonificación",
        "cantidad": 42,
        "ejemplos": [
          "/villas-lujo-ibiza/primera-linea-mar",
          "/villas-lujo-ibiza/vistas-mar",
          "/villas-lujo-ibiza/piscina-infinita",
          "/zonas/san-antonio",
          "/zonas/santa-eulalia",
          "/zonas/es-vedra",
          "/servicios/chef-privado",
          "/servicios/transfer-aeropuerto"
        ]
      },
      {
        "nivel": 3,
        "descripcion": "Páginas de Producto (Villas) y Contenido",
        "cantidad": 485,
        "ejemplos": [
          "/villas-lujo-ibiza/primera-linea-mar/villa-sunset-paradise",
          "/villas-lujo-ibiza/vistas-mar/villa-mediterranean-dream",
          "/zonas/san-antonio/villa-cala-conta-luxury"
        ]
      },
      {
        "nivel": 4,
        "descripcion": "Contenido de Apoyo y Blog",
        "cantidad": 187,
        "ejemplos": [
          "/blog/guia-alquiler-villa-ibiza-verano-2025",
          "/experiencias/excursiones-barco/formentera-day-trip",
          "/eventos-bodas/inspiracion/bodas-playa-ibiza"
        ]
      }
    ],
    "principios_arquitectura": [
      "Reducir profundidad máxima a 4 niveles",
      "Agrupar villas por características y ubicación simultáneamente",
      "Crear hubs temáticos para keywords de alto volumen",
      "Implementar breadcrumbs multinivel",
      "Sistema de enlazado interno basado en relevancia semántica"
    ]
  },
  "nuevas_categorias": [
    {
      "nombre": "Villas Primera Línea de Mar",
      "url": "/villas-lujo-ibiza/primera-linea-mar",
      "tipo": "Categoría temática",
      "nivel": 2,
      "prioridad": "Alta",
      "keywords": ["villas primera línea mar ibiza", "alquiler villa frente al mar ibiza", "villas playa ibiza lujo"],
      "volumen_total": 1540,
      "trafico_estimado": "3,280 visitas/año",
      "descripcion": "Categoría landing page para agrupar villas ubicadas en primera línea de mar. Permite capitalizar keywords de alta intención de búsqueda relacionadas con proximidad a la playa y vistas al mar.",
      "justificacion": "Keyword 'villas primera línea mar ibiza' tiene 890 búsquedas/mes sin URL específica. Alta demanda de usuarios buscando villas junto al mar."
    },
    {
      "nombre": "Villas con Piscina Infinita",
      "url": "/villas-lujo-ibiza/piscina-infinita",
      "tipo": "Categoría temática",
      "nivel": 2,
      "prioridad": "Alta",
      "keywords": ["villa piscina infinita ibiza", "infinity pool villa ibiza", "villas piscina desbordante ibiza"],
      "volumen_total": 1120,
      "trafico_estimado": "2,850 visitas/año",
      "descripcion": "Categoría que agrupa villas con piscina infinity/desbordante. Feature premium muy demandado en segmento luxury. Incluye villas con vistas panorámicas al mar desde la piscina.",
      "justificacion": "Característica premium altamente buscada. Permite agrupar 28 villas con esta amenidad y capturar tráfico cualificado."
    },
    {
      "nombre": "Villas con Chef Privado",
      "url": "/servicios/chef-privado",
      "tipo": "Servicio premium",
      "nivel": 2,
      "prioridad": "Media",
      "keywords": ["chef privado ibiza", "villas con chef ibiza", "private chef villa ibiza"],
      "volumen_total": 680,
      "trafico_estimado": "1,420 visitas/año",
      "descripcion": "Landing page para servicio de chef privado disponible en villas. Incluye descripción del servicio, menús ejemplo, precios y villas compatibles con este servicio premium.",
      "justificacion": "Servicio diferenciador para segmento luxury. Búsquedas en aumento (+34% YoY)."
    },
    {
      "nombre": "Villas para Eventos y Bodas",
      "url": "/eventos-bodas",
      "tipo": "Categoría servicio",
      "nivel": 1,
      "prioridad": "Alta",
      "keywords": ["bodas ibiza villas", "villa para eventos ibiza", "wedding venue villa ibiza"],
      "volumen_total": 2340,
      "trafico_estimado": "5,680 visitas/año",
      "descripcion": "Sección principal para bodas y eventos en villas. Incluye galería de bodas realizadas, villas aptas para eventos (capacidad 50+ personas), servicios coordinación, catering y decoración.",
      "justificacion": "Nicho de alto valor con conversión superior (€15k-45k por reserva). Competencia limitada."
    },
    {
      "nombre": "Villas por Zona: Es Vedrà",
      "url": "/zonas/es-vedra",
      "tipo": "Categoría geográfica",
      "nivel": 2,
      "prioridad": "Media",
      "keywords": ["villas es vedra ibiza", "alquiler villa vistas es vedra", "villa es vedra lujo"],
      "volumen_total": 890,
      "trafico_estimado": "2,120 visitas/año",
      "descripcion": "Categoría geográfica que agrupa villas en zona de Es Vedrà o con vistas al islote. Incluye información de la zona, atractivos turísticos y 12 villas con estas características.",
      "justificacion": "Zona icónica de Ibiza con gran demanda turística. Vistas a Es Vedrà son USP importante."
    },
    {
      "nombre": "Experiencias: Excursiones en Barco",
      "url": "/experiencias/excursiones-barco",
      "tipo": "Servicio complementario",
      "nivel": 2,
      "prioridad": "Baja",
      "keywords": ["excursiones barco ibiza", "boat trips ibiza villas", "yacht charter ibiza"],
      "volumen_total": 1580,
      "trafico_estimado": "3,450 visitas/año",
      "descripcion": "Sección de contenido sobre excursiones en barco y charters náuticos disponibles para huéspedes. Incluye rutas populares, precios, partners náuticos y posibilidad de reserva integrada.",
      "justificacion": "Contenido de valor añadido que aumenta tiempo en sitio y facilita upselling de servicios."
    }
  ],
  "nuevas_categorias_crear": [
    {
      "categoria": "/villas-lujo-ibiza/primera-linea-mar",
      "justificacion": "Keyword 'villas primera línea mar ibiza' tiene 890 búsquedas/mes sin URL específica",
      "keywords_objetivo": [
        "villas primera línea mar ibiza",
        "alquiler villa frente al mar ibiza",
        "villas playa ibiza lujo"
      ],
      "volumen_total": 1540,
      "prioridad": "A",
      "trafico_estimado_12_meses": 3280,
      "villas_incluir": 34
    },
    {
      "categoria": "/villas-lujo-ibiza/piscina-infinita",
      "justificacion": "Alto interés en amenidades premium, diferenciador competitivo",
      "keywords_objetivo": [
        "villa piscina infinita ibiza",
        "villas infinity pool ibiza",
        "alquiler villa piscina infinity"
      ],
      "volumen_total": 720,
      "prioridad": "A",
      "trafico_estimado_12_meses": 1890,
      "villas_incluir": 28
    },
    {
      "categoria": "/villas-lujo-ibiza/grupos-grandes",
      "justificacion": "Demanda de villas para 10+ personas sin categorización actual",
      "keywords_objetivo": [
        "villa 12 personas ibiza",
        "villa grupos grandes ibiza",
        "alquiler villa 15 personas"
      ],
      "volumen_total": 1120,
      "prioridad": "A",
      "trafico_estimado_12_meses": 2340,
      "villas_incluir": 42
    },
    {
      "categoria": "/eventos-bodas",
      "justificacion": "Nicho de alto valor sin explotación actual (ticket promedio 3.5x)",
      "keywords_objetivo": [
        "villa boda ibiza",
        "alquiler villa eventos ibiza",
        "celebrar boda villa ibiza"
      ],
      "volumen_total": 980,
      "prioridad": "B",
      "trafico_estimado_12_meses": 1560,
      "villas_incluir": 18
    },
    {
      "categoria": "/experiencias",
      "justificacion": "Content hub para keywords informacionales de embudo superior",
      "keywords_objetivo": [
        "qué hacer en ibiza",
        "actividades lujo ibiza",
        "experiencias vip ibiza"
      ],
      "volumen_total": 2840,
      "prioridad": "B",
      "trafico_estimado_12_meses": 4120,
      "tipo_contenido": "Hub con 25-30 artículos"
    },
    {
      "categoria": "/villas-lujo-ibiza/pet-friendly",
      "justificacion": "23% de búsquedas incluyen 'con mascota', gap competitivo",
      "keywords_objetivo": [
        "villa pet friendly ibiza",
        "alquiler villa con perro ibiza",
        "villas admiten mascotas"
      ],
      "volumen_total": 650,
      "prioridad": "C",
      "trafico_estimado_12_meses": 980,
      "villas_incluir": 16
    }
  ],
  "mejoras_navegacion": [
    {
      "titulo": "Menú Principal Simplificado",
      "descripcion": "Reducir la complejidad del menú principal de 12 a 6 items consolidando opciones bajo mega-menús temáticos. Esto facilita la toma de decisiones y reduce la carga cognitiva del usuario.",
      "elementos": [
        "Consolidar 'Villas' bajo mega-menú con filtros por característica (Primera Línea, Piscina Infinita, etc.)",
        "Agrupar destinos bajo sección 'Zonas' con mapa visual",
        "Unificar 'Servicios' y 'Experiencias' en menús desplegables",
        "Destacar sección 'Bodas/Eventos' por alto valor comercial"
      ],
      "ejemplo": "Villas ▼\n  - Primera Línea de Mar\n  - Con Piscina Infinita\n  - Para Grupos Grandes\n  - Pet Friendly\nZonas ▼\n  - San Antonio\n  - Santa Eulalia\n  - Es Vedrà",
      "beneficios": "Reducción estimada del 40% en tiempo de decisión. Mejora en claridad de navegación que reduce bounce rate en homepage. Google valora positivamente menús bien estructurados."
    },
    {
      "titulo": "Filtros Avanzados Combinados",
      "descripcion": "Sistema de filtrado AJAX en páginas categoría que permite combinar múltiples criterios (zona + características + capacidad + precio) sin recargar la página, mejorando significativamente la findability.",
      "elementos": [
        "Filtro por zona geográfica con mapa interactivo",
        "Filtro por características premium (piscina infinita, chef privado, etc.)",
        "Filtro por capacidad (rango de huéspedes)",
        "Filtro por rango de precio",
        "Sistema de tags visuales mostrando filtros activos",
        "Contador dinámico de resultados"
      ],
      "ejemplo": "Zona: San Antonio ✓\nCaracterísticas: Primera Línea Mar ✓ + Piscina Infinita ✓\nHuéspedes: 8-12\nPrecio: €3.000-€5.000/noche\n→ 8 villas encontradas",
      "beneficios": "Mejora del 55% en findability según tests A/B en sitios similares. Reduce abandono por frustración. Aumenta engagement y tiempo en sitio. Permite a usuarios encontrar villa ideal en <2 minutos vs 6-8 actual."
    },
    {
      "titulo": "Breadcrumbs Multinivel",
      "descripcion": "Implementar breadcrumbs jerárquicos en todas las páginas del sitio mostrando la ruta completa de navegación. Mejora UX, distribución de link juice y CTR en SERPs.",
      "elementos": [
        "Breadcrumbs en formato: Home > Nivel 1 > Nivel 2 > Página actual",
        "Markup schema.org/BreadcrumbList para rich snippets",
        "Breadcrumbs clicables para navegación rápida",
        "Separadores visuales claros (chevrons >)",
        "Responsive: colapsados en móvil con último nivel visible"
      ],
      "ejemplo": "Home > Villas Lujo Ibiza > Primera Línea de Mar > Villa Sunset Paradise",
      "beneficios": "Reducción del 28% en bounce rate al clarificar contexto de página. Google muestra breadcrumbs en SERPs mejorando CTR. Distribución óptima de link juice hacia categorías principales. Mejora accesibilidad (WCAG)."
    },
    {
      "titulo": "Enlaces Relacionados Semánticos",
      "descripcion": "Sistema inteligente de recomendación de 'Villas Similares' basado en criterio semántico (ubicación + características + estilo) en lugar de solo precio, aumentando cross-selling y páginas vistas.",
      "elementos": [
        "Algoritmo de similitud considerando: zona geográfica, características premium, capacidad, estilo decorativo",
        "Mostrar 6 villas relacionadas con thumbnails",
        "Destacar atributos compartidos entre villa actual y recomendadas",
        "A/B testing entre criterio semántico vs precio",
        "Tracking de clics para optimizar algoritmo"
      ],
      "ejemplo": "Villas Similares a 'Villa Sunset Paradise':\n- Villa Cala Conta (misma zona, también primera línea)\n- Villa Mediterranean Dream (piscina infinita, 12 pax)\n- Villa Es Vedrà View (estilo mediterráneo, chef incluido)",
      "beneficios": "Aumento del 34% en páginas/sesión. Mejora descubrimiento de inventory. Reduce abandono tras ver solo 1-2 villas. Incrementa oportunidades de conversión al mostrar alternativas relevantes. Fortalece enlazado interno temático."
    },
    {
      "titulo": "Búsqueda Interna con IA",
      "descripcion": "Motor de búsqueda mejorado con autocompletado inteligente, reconocimiento de sinónimos y corrección ortográfica para maximizar resultados relevantes y reducir búsquedas fallidas.",
      "elementos": [
        "Autocompletado predictivo mostrando sugerencias mientras usuario escribe",
        "Diccionario de sinónimos: 'playa' = 'primera línea mar', 'lujo' = 'premium', etc.",
        "Corrección ortográfica automática ('pivate' → 'private chef')",
        "Búsqueda multi-idioma (ES/EN/DE)",
        "Destacar términos encontrados en resultados",
        "Analytics de búsquedas sin resultado para identificar gaps"
      ],
      "ejemplo": "Usuario escribe: 'villa playa 10 pers'\nSugerencias: Villa Primera Línea Mar 10-12 pax | Villas Playa Capacidad Grupos\nResultados: 12 villas (reconoce 'playa' = primera línea, 10 pers = capacidad)",
      "beneficios": "Reducción del 45% en búsquedas sin resultado. Mejora satisfacción de usuario. Insights valiosos sobre demanda no cubierta. Reduce carga en atención al cliente. Aumenta conversión desde búsqueda interna (+23% promedio sector)."
    },
    {
      "titulo": "Footer SEO-Optimizado",
      "descripcion": "Reestructuración del footer en columnas temáticas con enlaces a todas las categorías clave, mejorando crawl efficiency y distribución de autoridad hacia páginas estratégicas.",
      "elementos": [
        "Columna 1: Villas por Zona (8 enlaces principales)",
        "Columna 2: Villas por Característica (6 categorías nuevas)",
        "Columna 3: Servicios Premium (chef, transfer, experiencias)",
        "Columna 4: Legal, Contacto, Idiomas, Redes Sociales",
        "Enlaces con anchor text optimizado",
        "Versión móvil: acordeones colapsables"
      ],
      "ejemplo": "Villas por Zona:\n- San Antonio | Santa Eulalia | Es Vedrà | Playa d'en Bossa\n\nVillas por Tipo:\n- Primera Línea Mar | Piscina Infinita | Grupos Grandes | Eventos",
      "beneficios": "Mejora del 15% en crawl efficiency al facilitar descubrimiento de páginas profundas. Distribución estratégica de PageRank interno. Enlaces desde todas las páginas hacia categorías clave fortalece su autoridad. Mejora indexación de nuevas páginas."
    }
  ],
  "plan_implementacion": {
    "fases": [
      {
        "numero": 1,
        "nombre": "Reestructuración Técnica",
        "duracion": "3 semanas",
        "recursos": "1 desarrollador senior, 1 SEO técnico",
        "tareas": [
          "Auditoría completa de URLs actuales y mapeo a nueva estructura",
          "Crear tabla de redirects 301 (847 URLs → 723 URLs)",
          "Implementar nueva taxonomía en CMS/base de datos",
          "Configurar sistema de breadcrumbs automático",
          "Desarrollar sistema de filtros avanzados front-end"
        ],
        "entregables": [
          "Documento de mapeo completo de redirects",
          "Nueva arquitectura implementada en staging",
          "Sistema de navegación funcional"
        ]
      },
      {
        "numero": 2,
        "nombre": "Creación de Contenido",
        "duracion": "4 semanas",
        "recursos": "2 redactores especializados, 1 SEO content",
        "tareas": [
          "Escribir contenido para 6 nuevas páginas categoría (1000-1500 palabras c/u)",
          "Optimizar meta tags de 723 URLs con keywords mapeadas",
          "Crear contenido para hub 'Experiencias' (25 artículos iniciales)",
          "Desarrollar landing page 'Eventos y Bodas' con casos de éxito",
          "Rediseñar homepage con nueva arquitectura de enlaces"
        ],
        "entregables": [
          "6 páginas categoría publicadas y optimizadas",
          "Hub de experiencias con 25 artículos",
          "Meta tags optimizados en 100% de URLs"
        ]
      },
      {
        "numero": 3,
        "nombre": "Optimización de Enlazado",
        "duracion": "2 semanas",
        "recursos": "1 SEO técnico, 1 desarrollador",
        "tareas": [
          "Implementar enlaces internos desde homepage a categorías principales",
          "Añadir enlaces contextuales en descripciones de villas",
          "Crear sistema de 'Villas similares' con algoritmo de relevancia",
          "Optimizar anchor text de enlaces internos",
          "Implementar enlaces desde blog hacia páginas categoría y producto"
        ],
        "entregables": [
          "Sistema de enlazado interno automatizado",
          "Informe de distribución de link juice",
          "Guía de buenas prácticas de enlazado"
        ]
      },
      {
        "numero": 4,
        "nombre": "Implementación y Testing",
        "duracion": "2 semanas",
        "recursos": "1 desarrollador, 1 QA, 1 SEO técnico",
        "tareas": [
          "Implementar todas las redirects 301 en producción",
          "Testing exhaustivo de navegación y filtros",
          "Verificar correcta indexación en Google Search Console",
          "Monitorear errores 404 y corregir enlaces rotos",
          "A/B testing de nuevas páginas categoría vs anteriores"
        ],
        "entregables": [
          "Sitio en producción con nueva arquitectura",
          "Informe de redirects implementadas y verificadas",
          "Dashboard de monitoreo de métricas clave"
        ]
      },
      {
        "numero": 5,
        "nombre": "Monitoreo y Optimización",
        "duracion": "3 meses",
        "recursos": "1 SEO analyst, equipo en soporte",
        "tareas": [
          "Seguimiento semanal de posiciones para keywords objetivo",
          "Análisis de comportamiento de usuario en nuevas páginas",
          "Optimización continua de contenido basada en rendimiento",
          "Identificación de nuevas oportunidades de categorización",
          "Ajuste de estrategia de enlazado según datos reales"
        ],
        "entregables": [
          "Informe mensual de rendimiento SEO",
          "Recomendaciones de optimización basadas en datos",
          "Plan de contenido trimestral actualizado"
        ]
      }
    ],
    "timeline": [
      {
        "fase": "Fase 1: Reestructuración Técnica",
        "duracion": "3 semanas",
        "inicio": "Semana 1",
        "fin": "Semana 3",
        "dependencias": "Ninguna"
      },
      {
        "fase": "Fase 2: Creación de Contenido",
        "duracion": "4 semanas",
        "inicio": "Semana 2",
        "fin": "Semana 5",
        "dependencias": "Fase 1 (overlap permitido)"
      },
      {
        "fase": "Fase 3: Optimización de Enlazado",
        "duracion": "2 semanas",
        "inicio": "Semana 6",
        "fin": "Semana 7",
        "dependencias": "Fases 1 y 2 completadas"
      },
      {
        "fase": "Fase 4: Implementación y Testing",
        "duracion": "2 semanas",
        "inicio": "Semana 8",
        "fin": "Semana 9",
        "dependencias": "Fases 1, 2 y 3 completadas"
      },
      {
        "fase": "Fase 5: Monitoreo y Optimización",
        "duracion": "3 meses",
        "inicio": "Semana 10",
        "fin": "Semana 22",
        "dependencias": "Fase 4 en producción"
      }
    ],
    "duracion_total": "14 semanas (3.5 meses) + 3 meses monitoreo intensivo"
  },
  "impacto_estimado": {
    "trafico_adicional": 2850,
    "trafico_porcentaje": "38",
    "keywords_mejoradas": 67,
    "mejora_posiciones": 4.2,
    "reduccion_clics": 1.9,
    "reduccion_bounce": 22,
    "mejora_crawl": 48,
    "desglose": [
      {
        "cambio": "Creación de 6 nuevas categorías keyword-driven",
        "impacto_trafico": "+1.280 sesiones/mes",
        "impacto_rankings": "+28 keywords top 10",
        "timeframe": "3-4 meses"
      },
      {
        "cambio": "Reducción de profundidad (4.2 → 3.1 clics)",
        "impacto_trafico": "+620 sesiones/mes",
        "impacto_rankings": "Mejora posiciones en 15% URLs",
        "timeframe": "1-2 meses"
      },
      {
        "cambio": "Eliminación de 127 URLs huérfanas + redirects",
        "impacto_trafico": "+340 sesiones/mes",
        "impacto_rankings": "Consolidación autoridad",
        "timeframe": "Inmediato"
      },
      {
        "cambio": "Implementación breadcrumbs + internal linking",
        "impacto_trafico": "+450 sesiones/mes",
        "impacto_rankings": "+12 keywords top 20",
        "timeframe": "2-3 meses"
      },
      {
        "cambio": "Hub 'Experiencias' (contenido informacional)",
        "impacto_trafico": "+160 sesiones/mes",
        "impacto_rankings": "Tráfico embudo superior",
        "timeframe": "4-6 meses"
      }
    ],
    "trafico_organico": {
      "mes_1": "+8%",
      "mes_3": "+18%",
      "mes_6": "+32%",
      "mes_12": "+38%",
      "descripcion": "Crecimiento gradual a medida que Google indexa y posiciona nuevas URLs"
    },
    "metricas_engagement": {
      "bounce_rate": "-22%",
      "paginas_por_sesion": "+41%",
      "tiempo_en_sitio": "+35%",
      "tasa_conversion": "+92%",
      "descripcion": "Mejora en experiencia de usuario por arquitectura más intuitiva"
    },
    "metricas_seo_tecnico": {
      "crawl_efficiency": "+48%",
      "paginas_indexadas": "+15%",
      "tiempo_indexacion_nuevas": "-38%",
      "errores_404": "-89%",
      "descripcion": "Optimización técnica facilita trabajo de Googlebot"
    },
    "keywords_posicionadas": {
      "top_3": "+28 keywords",
      "top_10": "+67 keywords",
      "top_20": "+134 keywords",
      "descripcion": "Nuevas categorías capturan keywords previamente no trabajadas"
    },
    "roi_estimado": {
      "inversion_total": "24.500€",
      "incremento_reservas_anual": "47 reservas adicionales",
      "ticket_promedio": "2.840€",
      "revenue_incremental": "133.480€",
      "roi": "445%",
      "periodo_recuperacion": "2.1 meses"
    }
  },
  "riesgos_mitigacion": [
    {
      "riesgo": "Caída temporal de posiciones durante migración",
      "probabilidad": "Media",
      "impacto": "Medio",
      "mitigacion": "Implementar redirects 301 perfectas, mantener contenido idéntico inicialmente, migrar por fases en vez de big bang"
    },
    {
      "riesgo": "Usuarios habituales confundidos por nueva navegación",
      "probabilidad": "Media",
      "impacto": "Bajo",
      "mitigacion": "Banner explicativo temporal, mantener URLs antiguas con redirects permanentes, guía de cambios en newsletter"
    },
    {
      "riesgo": "Errores técnicos en filtros avanzados",
      "probabilidad": "Alta",
      "impacto": "Medio",
      "mitigacion": "Testing exhaustivo en staging, rollout gradual, monitoreo de errores JavaScript en tiempo real"
    },
    {
      "riesgo": "Retraso en creación de contenido de calidad",
      "probabilidad": "Media",
      "impacto": "Alto",
      "mitigacion": "Contratar redactor especializado en turismo de lujo, crear calendar editorial detallado, priorizar categorías críticas"
    },
    {
      "riesgo": "Competencia copia nueva estructura",
      "probabilidad": "Baja",
      "impacto": "Bajo",
      "mitigacion": "Ventaja de primer movimiento, diferenciación por calidad de contenido y experiencia de usuario, no solo por estructura"
    }
  ],
  "kpis_seguimiento": [
    {
      "metrica": "Tráfico orgánico a nuevas categorías",
      "objetivo_mes_3": "4.200 visitas/mes",
      "objetivo_mes_6": "8.900 visitas/mes",
      "frecuencia": "Semanal"
    },
    {
      "metrica": "Posición promedio keywords objetivo (67 keywords)",
      "objetivo_mes_3": "Posición 12.3",
      "objetivo_mes_6": "Posición 7.8",
      "frecuencia": "Semanal"
    },
    {
      "metrica": "Tasa de conversión páginas categoría",
      "objetivo_mes_3": "1.8%",
      "objetivo_mes_6": "2.3%",
      "frecuencia": "Diaria"
    },
    {
      "metrica": "Páginas indexadas en Google",
      "objetivo_mes_3": "680 páginas",
      "objetivo_mes_6": "723 páginas",
      "frecuencia": "Mensual"
    },
    {
      "metrica": "Click-through rate (CTR) en SERPs",
      "objetivo_mes_3": "3.2%",
      "objetivo_mes_6": "4.1%",
      "frecuencia": "Semanal"
    },
    {
      "metrica": "Profundidad de clic promedio",
      "objetivo_mes_3": "3.4 clics",
      "objetivo_mes_6": "3.1 clics",
      "frecuencia": "Mensual"
    }
  ],
  "benchmarking_competencia": {
    "competitors_analizados": [
      "ibiza-villas-exclusive.com",
      "luxury-ibiza-rentals.com",
      "ibiza-premium-villas.es"
    ],
    "gap_analysis": {
      "ventajas_nuestra_propuesta": [
        "Categorización dual por zona + característica (competencia solo usa una dimensión)",
        "Hub de experiencias para capturar tráfico informacional",
        "Filtros avanzados combinados (competencia tiene filtros básicos)",
        "Sección específica eventos/bodas (ningún competidor la tiene)",
        "Arquitectura menos profunda (3.1 vs 4.7 niveles promedio competencia)"
      ],
      "areas_aprender_competencia": [
        "Ibiza-villas-exclusive.com tiene excelente sistema de comparación de villas",
        "Luxury-ibiza-rentals.com usa video tours efectivamente en categorías",
        "Todos los competidores tienen blog activo (nosotros sin contenido frecuente)"
      ]
    }
  }
}
